ppo_step,stage,mean_concise_rise_freq,mean_verbose_rise_freq,mean_stable_freq,n_concise_rise_feats,n_verbose_rise_feats
0.0,instruct_base,0.00308398691874917,0.017214075617729457,0.003706388482628357,1503,1678
10.0,ppo_step10,0.0030575716339387845,0.016840458593474366,0.0037325401248876583,1503,1678
100.0,ppo_step100,0.014480221218842293,0.0035538458916746173,0.003933657921894405,1503,1678
140.0,ppo_step140,0.014755367284377877,0.0035882435315613913,0.003915170466030468,1503,1678
180.0,ppo_step180,0.015074103002741208,0.00349251227195471,0.003902678894048484,1503,1678
200.0,ppo_step200,0.015210382641826982,0.0034826400638915426,0.003895293433866886,1503,1678
