chain,feature_idx,loadbearing_rank,delta_ce,density,quadrant,top_rank,prompt_idx,token_pos,token_str,context_pre,context_post,activation,is_math_token
flexible,5505,0,+0.1578,0.0161,reweighted,0,95,92,=, = <<200-80,120>>120 are,1.8848,1
flexible,5505,0,+0.1578,0.0161,reweighted,1,0,1,et,Jan,’s ducks lay 16 eggs per,0.0000,0
flexible,5505,0,+0.1578,0.0161,reweighted,2,0,2,’s,Janet, ducks lay 16 eggs per day,0.0000,0
flexible,5505,0,+0.1578,0.0161,reweighted,3,0,3, ducks,Janet’s, lay 16 eggs per day.,0.0000,0
flexible,5505,0,+0.1578,0.0161,reweighted,4,0,4, lay,Janet’s ducks, 16 eggs per day. She,0.0000,0
flexible,5505,0,+0.1578,0.0161,reweighted,5,0,5, ,Janet’s ducks lay,16 eggs per day. She eats,0.0000,0
flexible,5505,0,+0.1578,0.0161,reweighted,6,0,6,1,Janet’s ducks lay ,6 eggs per day. She eats three,0.0000,1
flexible,5505,0,+0.1578,0.0161,reweighted,7,0,7,6,Janet’s ducks lay 1, eggs per day. She eats three for,0.0000,1
flexible,5505,0,+0.1578,0.0161,reweighted,8,0,8, eggs,Janet’s ducks lay 16, per day. She eats three for breakfast,0.0000,0
flexible,5505,0,+0.1578,0.0161,reweighted,9,0,9, per,et’s ducks lay 16 eggs, day. She eats three for breakfast every,0.0000,0
flexible,5505,0,+0.1578,0.0161,reweighted,10,0,10, day,’s ducks lay 16 eggs per,. She eats three for breakfast every morning,0.0000,0
flexible,5505,0,+0.1578,0.0161,reweighted,11,0,11,., ducks lay 16 eggs per day, She eats three for breakfast every morning and,0.0000,1
flexible,5505,0,+0.1578,0.0161,reweighted,12,0,12, She, lay 16 eggs per day., eats three for breakfast every morning and b,0.0000,0
flexible,5505,0,+0.1578,0.0161,reweighted,13,0,13, eats, 16 eggs per day. She, three for breakfast every morning and bakes,0.0000,0
flexible,5505,0,+0.1578,0.0161,reweighted,14,0,14, three,16 eggs per day. She eats, for breakfast every morning and bakes muff,0.0000,0
flexible,5505,0,+0.1578,0.0161,reweighted,15,0,15, for,6 eggs per day. She eats three, breakfast every morning and bakes muffins,0.0000,0
flexible,5505,0,+0.1578,0.0161,reweighted,16,0,16, breakfast, eggs per day. She eats three for, every morning and bakes muffins for,0.0000,0
flexible,5505,0,+0.1578,0.0161,reweighted,17,0,17, every, per day. She eats three for breakfast, morning and bakes muffins for her,0.0000,0
flexible,5505,0,+0.1578,0.0161,reweighted,18,0,18, morning, day. She eats three for breakfast every, and bakes muffins for her friends,0.0000,0
flexible,5505,0,+0.1578,0.0161,reweighted,19,0,19, and,. She eats three for breakfast every morning, bakes muffins for her friends every,0.0000,0
flexible,1193,1,+0.0837,0.0161,stable,0,0,1,et,Jan,’s ducks lay 16 eggs per,0.0000,0
flexible,1193,1,+0.0837,0.0161,stable,1,0,2,’s,Janet, ducks lay 16 eggs per day,0.0000,0
flexible,1193,1,+0.0837,0.0161,stable,2,0,3, ducks,Janet’s, lay 16 eggs per day.,0.0000,0
flexible,1193,1,+0.0837,0.0161,stable,3,0,4, lay,Janet’s ducks, 16 eggs per day. She,0.0000,0
flexible,1193,1,+0.0837,0.0161,stable,4,0,5, ,Janet’s ducks lay,16 eggs per day. She eats,0.0000,0
flexible,1193,1,+0.0837,0.0161,stable,5,0,6,1,Janet’s ducks lay ,6 eggs per day. She eats three,0.0000,1
flexible,1193,1,+0.0837,0.0161,stable,6,0,7,6,Janet’s ducks lay 1, eggs per day. She eats three for,0.0000,1
flexible,1193,1,+0.0837,0.0161,stable,7,0,8, eggs,Janet’s ducks lay 16, per day. She eats three for breakfast,0.0000,0
flexible,1193,1,+0.0837,0.0161,stable,8,0,9, per,et’s ducks lay 16 eggs, day. She eats three for breakfast every,0.0000,0
flexible,1193,1,+0.0837,0.0161,stable,9,0,10, day,’s ducks lay 16 eggs per,. She eats three for breakfast every morning,0.0000,0
flexible,1193,1,+0.0837,0.0161,stable,10,0,11,., ducks lay 16 eggs per day, She eats three for breakfast every morning and,0.0000,1
flexible,1193,1,+0.0837,0.0161,stable,11,0,12, She, lay 16 eggs per day., eats three for breakfast every morning and b,0.0000,0
flexible,1193,1,+0.0837,0.0161,stable,12,0,13, eats, 16 eggs per day. She, three for breakfast every morning and bakes,0.0000,0
flexible,1193,1,+0.0837,0.0161,stable,13,0,14, three,16 eggs per day. She eats, for breakfast every morning and bakes muff,0.0000,0
flexible,1193,1,+0.0837,0.0161,stable,14,0,15, for,6 eggs per day. She eats three, breakfast every morning and bakes muffins,0.0000,0
flexible,1193,1,+0.0837,0.0161,stable,15,0,16, breakfast, eggs per day. She eats three for, every morning and bakes muffins for,0.0000,0
flexible,1193,1,+0.0837,0.0161,stable,16,0,17, every, per day. She eats three for breakfast, morning and bakes muffins for her,0.0000,0
flexible,1193,1,+0.0837,0.0161,stable,17,0,18, morning, day. She eats three for breakfast every, and bakes muffins for her friends,0.0000,0
flexible,1193,1,+0.0837,0.0161,stable,18,0,19, and,. She eats three for breakfast every morning, bakes muffins for her friends every,0.0000,0
flexible,1193,1,+0.0837,0.0161,stable,19,0,20, b, She eats three for breakfast every morning and,akes muffins for her friends every day,0.0000,0
flexible,6265,2,+0.0810,0.0562,stable,0,97,2,a,When Fred," cooks canned tomatoes into sauce, they lose",7.9531,0
flexible,6265,2,+0.0810,0.0562,stable,1,17,1,ill,J, gets paid $20 per hour to,6.7773,0
flexible,6265,2,+0.0810,0.0562,stable,2,42,1,ma,Grand, Jones baked 5 apple pies for the,6.6680,0
flexible,6265,2,+0.0810,0.0562,stable,3,29,2,ia,Glor, is shoe shopping when she comes across a,6.6484,0
flexible,6265,2,+0.0810,0.0562,stable,4,41,72, Polly, the dragon's flames.  But when," held the sapphire gemstone, she",6.6328,0
flexible,6265,2,+0.0810,0.0562,stable,5,34,2,han,Siob, has 2 fewer jewels than Aaron.,6.5234,0
flexible,6265,2,+0.0810,0.0562,stable,6,25,1,ie,Mar, ordered one chicken meal that costs $1,6.3633,0
flexible,6265,2,+0.0810,0.0562,stable,7,9,1,iza,El,'s rate per hour for the first ,6.2695,0
flexible,6265,2,+0.0810,0.0562,stable,8,11,2,la,Tou, went to the bakery and bought various types,6.2539,0
flexible,6265,2,+0.0810,0.0562,stable,9,64,1,ia,Soph, is thinking of taking a road trip in,6.2500,0
flexible,6265,2,+0.0810,0.0562,stable,10,88,2,n,Marily,'s first record sold 10 times,6.1133,0
flexible,6265,2,+0.0810,0.0562,stable,11,63,1,ena,Ale, subscribed to a streaming service that charges her,5.9609,0
flexible,6265,2,+0.0810,0.0562,stable,12,21,14, Samantha,. Raymond was born 6 years before,. Raymond had a son at the age,5.9492,0
flexible,6265,2,+0.0810,0.0562,stable,13,13,1,anie,Mel, is a door-to-door saleswoman.,5.8555,0
flexible,6265,2,+0.0810,0.0562,stable,14,7,1,la,Car, is downloading a 200 GB,5.6836,0
flexible,6265,2,+0.0810,0.0562,stable,15,13,72, Melanie, cleaners by two to find out how many, had before she visited the orange house:,5.6641,0
flexible,6265,2,+0.0810,0.0562,stable,16,61,8, daughter,Janet buys a brooch for her,.  She pays $500,5.6484,0
flexible,6265,2,+0.0810,0.0562,stable,17,21,52, Samantha, born? When Raymond's son was born, was 23 - 6 =,5.6406,0
flexible,6265,2,+0.0810,0.0562,stable,18,17,105, Jill,"/week
Then find the total amount", makes per week coaching: $30,5.6289,0
flexible,6265,2,+0.0810,0.0562,stable,19,95,29, girl,/3 of the girls are in the, scout. How many girls are not in,5.6250,0
flexible,3799,3,+0.0767,0.0076,stable,0,73,103,1, $<<150+3=,"53>>153.
The",8.8984,1
flexible,3799,3,+0.0767,0.0076,stable,1,90,218,2," potato salad to the picnic.
#### ",25,8.2969,1
flexible,3799,3,+0.0767,0.0076,stable,2,72,145,2,"1>>221
#### ",21,8.2891,1
flexible,3799,3,+0.0767,0.0076,stable,3,90,200,=,=<<200+25,225>>225 pounds,7.5469,1
flexible,3799,3,+0.0767,0.0076,stable,4,74,214, ," $2, since the number following the","2 is less than 5.
Art",7.5195,0
flexible,3799,3,+0.0767,0.0076,stable,5,37,119,1, = <<160+5=,"65>>165
He",7.4062,1
flexible,3799,3,+0.0767,0.0076,stable,6,59,112,1,">>187 fruit
#### ",87,7.3359,1
flexible,3799,3,+0.0767,0.0076,stable,7,73,107,1,0+3=153>>,"53.
The total amount to be",7.3086,1
flexible,3799,3,+0.0767,0.0076,stable,8,74,337,8,"88>>88
#### ",8,7.1836,1
flexible,3799,3,+0.0767,0.0076,stable,9,61,153,1,30=1430>>,"430
#### 14",7.1719,1
flexible,3799,3,+0.0767,0.0076,stable,10,63,185,1,">>14 less
She paid $",40-$14 = $<<,7.0820,1
flexible,3799,3,+0.0767,0.0076,stable,11,9,217,4," for this week's work.
#### ",60,7.0508,1
flexible,3799,3,+0.0767,0.0076,stable,12,61,139,1,00+130=$<<,300+130=,7.0156,1
flexible,3799,3,+0.0767,0.0076,stable,13,73,95, $, $150 + $3 =,<<150+3=1,6.9961,0
flexible,3799,3,+0.0767,0.0076,stable,14,2,240,1,<<200000-,30000=70,6.9883,1
flexible,3799,3,+0.0767,0.0076,stable,15,82,84,6,498=623>>,"23 pounds.
#### 62",6.9531,1
flexible,3799,3,+0.0767,0.0076,stable,16,74,200, $, will round his begonias down from,"2.12 to $2,",6.9102,0
flexible,3799,3,+0.0767,0.0076,stable,17,94,198,3,"8>>348
#### ",48,6.9023,1
flexible,3799,3,+0.0767,0.0076,stable,18,72,144, ,"21>>221
####",221,6.8984,0
flexible,3799,3,+0.0767,0.0076,stable,19,70,215,4,",425
#### 7",25,6.8711,1
flexible,2836,4,+0.0735,0.0176,redirected,0,82,15, ,. Alex weighs 2 pounds less than,4 times what Grace weighs. What are,0.9316,0
flexible,2836,4,+0.0735,0.0176,redirected,1,52,62, , many toys does he need to remove?,30 comic books weigh 7.,0.7642,0
flexible,2836,4,+0.0735,0.0176,redirected,2,54,70, How," cat, has had 12.", many kittens does the Doubtfire family,0.5547,0
flexible,2836,4,+0.0735,0.0176,redirected,3,84,23,?, they lost. How many did they win," Let L be the number of losses.
",0.4333,0
flexible,2836,4,+0.0735,0.0176,redirected,4,0,1,et,Jan,’s ducks lay 16 eggs per,0.0000,0
flexible,2836,4,+0.0735,0.0176,redirected,5,0,2,’s,Janet, ducks lay 16 eggs per day,0.0000,0
flexible,2836,4,+0.0735,0.0176,redirected,6,0,3, ducks,Janet’s, lay 16 eggs per day.,0.0000,0
flexible,2836,4,+0.0735,0.0176,redirected,7,0,4, lay,Janet’s ducks, 16 eggs per day. She,0.0000,0
flexible,2836,4,+0.0735,0.0176,redirected,8,0,5, ,Janet’s ducks lay,16 eggs per day. She eats,0.0000,0
flexible,2836,4,+0.0735,0.0176,redirected,9,0,6,1,Janet’s ducks lay ,6 eggs per day. She eats three,0.0000,1
flexible,2836,4,+0.0735,0.0176,redirected,10,0,7,6,Janet’s ducks lay 1, eggs per day. She eats three for,0.0000,1
flexible,2836,4,+0.0735,0.0176,redirected,11,0,8, eggs,Janet’s ducks lay 16, per day. She eats three for breakfast,0.0000,0
flexible,2836,4,+0.0735,0.0176,redirected,12,0,9, per,et’s ducks lay 16 eggs, day. She eats three for breakfast every,0.0000,0
flexible,2836,4,+0.0735,0.0176,redirected,13,0,10, day,’s ducks lay 16 eggs per,. She eats three for breakfast every morning,0.0000,0
flexible,2836,4,+0.0735,0.0176,redirected,14,0,11,., ducks lay 16 eggs per day, She eats three for breakfast every morning and,0.0000,1
flexible,2836,4,+0.0735,0.0176,redirected,15,0,12, She, lay 16 eggs per day., eats three for breakfast every morning and b,0.0000,0
flexible,2836,4,+0.0735,0.0176,redirected,16,0,13, eats, 16 eggs per day. She, three for breakfast every morning and bakes,0.0000,0
flexible,2836,4,+0.0735,0.0176,redirected,17,0,14, three,16 eggs per day. She eats, for breakfast every morning and bakes muff,0.0000,0
flexible,2836,4,+0.0735,0.0176,redirected,18,0,15, for,6 eggs per day. She eats three, breakfast every morning and bakes muffins,0.0000,0
flexible,2836,4,+0.0735,0.0176,redirected,19,0,16, breakfast, eggs per day. She eats three for, every morning and bakes muffins for,0.0000,0
flexible,3770,5,+0.0720,0.0161,reweighted,0,95,92,=, = <<200-80,120>>120 are,1.7383,1
flexible,3770,5,+0.0720,0.0161,reweighted,1,0,1,et,Jan,’s ducks lay 16 eggs per,0.0000,0
flexible,3770,5,+0.0720,0.0161,reweighted,2,0,2,’s,Janet, ducks lay 16 eggs per day,0.0000,0
flexible,3770,5,+0.0720,0.0161,reweighted,3,0,3, ducks,Janet’s, lay 16 eggs per day.,0.0000,0
flexible,3770,5,+0.0720,0.0161,reweighted,4,0,4, lay,Janet’s ducks, 16 eggs per day. She,0.0000,0
flexible,3770,5,+0.0720,0.0161,reweighted,5,0,5, ,Janet’s ducks lay,16 eggs per day. She eats,0.0000,0
flexible,3770,5,+0.0720,0.0161,reweighted,6,0,6,1,Janet’s ducks lay ,6 eggs per day. She eats three,0.0000,1
flexible,3770,5,+0.0720,0.0161,reweighted,7,0,7,6,Janet’s ducks lay 1, eggs per day. She eats three for,0.0000,1
flexible,3770,5,+0.0720,0.0161,reweighted,8,0,8, eggs,Janet’s ducks lay 16, per day. She eats three for breakfast,0.0000,0
flexible,3770,5,+0.0720,0.0161,reweighted,9,0,9, per,et’s ducks lay 16 eggs, day. She eats three for breakfast every,0.0000,0
flexible,3770,5,+0.0720,0.0161,reweighted,10,0,10, day,’s ducks lay 16 eggs per,. She eats three for breakfast every morning,0.0000,0
flexible,3770,5,+0.0720,0.0161,reweighted,11,0,11,., ducks lay 16 eggs per day, She eats three for breakfast every morning and,0.0000,1
flexible,3770,5,+0.0720,0.0161,reweighted,12,0,12, She, lay 16 eggs per day., eats three for breakfast every morning and b,0.0000,0
flexible,3770,5,+0.0720,0.0161,reweighted,13,0,13, eats, 16 eggs per day. She, three for breakfast every morning and bakes,0.0000,0
flexible,3770,5,+0.0720,0.0161,reweighted,14,0,14, three,16 eggs per day. She eats, for breakfast every morning and bakes muff,0.0000,0
flexible,3770,5,+0.0720,0.0161,reweighted,15,0,15, for,6 eggs per day. She eats three, breakfast every morning and bakes muffins,0.0000,0
flexible,3770,5,+0.0720,0.0161,reweighted,16,0,16, breakfast, eggs per day. She eats three for, every morning and bakes muffins for,0.0000,0
flexible,3770,5,+0.0720,0.0161,reweighted,17,0,17, every, per day. She eats three for breakfast, morning and bakes muffins for her,0.0000,0
flexible,3770,5,+0.0720,0.0161,reweighted,18,0,18, morning, day. She eats three for breakfast every, and bakes muffins for her friends,0.0000,0
flexible,3770,5,+0.0720,0.0161,reweighted,19,0,19, and,. She eats three for breakfast every morning, bakes muffins for her friends every,0.0000,0
flexible,5453,6,+0.0655,0.0161,reweighted,0,0,1,et,Jan,’s ducks lay 16 eggs per,0.0000,0
flexible,5453,6,+0.0655,0.0161,reweighted,1,0,2,’s,Janet, ducks lay 16 eggs per day,0.0000,0
flexible,5453,6,+0.0655,0.0161,reweighted,2,0,3, ducks,Janet’s, lay 16 eggs per day.,0.0000,0
flexible,5453,6,+0.0655,0.0161,reweighted,3,0,4, lay,Janet’s ducks, 16 eggs per day. She,0.0000,0
flexible,5453,6,+0.0655,0.0161,reweighted,4,0,5, ,Janet’s ducks lay,16 eggs per day. She eats,0.0000,0
flexible,5453,6,+0.0655,0.0161,reweighted,5,0,6,1,Janet’s ducks lay ,6 eggs per day. She eats three,0.0000,1
flexible,5453,6,+0.0655,0.0161,reweighted,6,0,7,6,Janet’s ducks lay 1, eggs per day. She eats three for,0.0000,1
flexible,5453,6,+0.0655,0.0161,reweighted,7,0,8, eggs,Janet’s ducks lay 16, per day. She eats three for breakfast,0.0000,0
flexible,5453,6,+0.0655,0.0161,reweighted,8,0,9, per,et’s ducks lay 16 eggs, day. She eats three for breakfast every,0.0000,0
flexible,5453,6,+0.0655,0.0161,reweighted,9,0,10, day,’s ducks lay 16 eggs per,. She eats three for breakfast every morning,0.0000,0
flexible,5453,6,+0.0655,0.0161,reweighted,10,0,11,., ducks lay 16 eggs per day, She eats three for breakfast every morning and,0.0000,1
flexible,5453,6,+0.0655,0.0161,reweighted,11,0,12, She, lay 16 eggs per day., eats three for breakfast every morning and b,0.0000,0
flexible,5453,6,+0.0655,0.0161,reweighted,12,0,13, eats, 16 eggs per day. She, three for breakfast every morning and bakes,0.0000,0
flexible,5453,6,+0.0655,0.0161,reweighted,13,0,14, three,16 eggs per day. She eats, for breakfast every morning and bakes muff,0.0000,0
flexible,5453,6,+0.0655,0.0161,reweighted,14,0,15, for,6 eggs per day. She eats three, breakfast every morning and bakes muffins,0.0000,0
flexible,5453,6,+0.0655,0.0161,reweighted,15,0,16, breakfast, eggs per day. She eats three for, every morning and bakes muffins for,0.0000,0
flexible,5453,6,+0.0655,0.0161,reweighted,16,0,17, every, per day. She eats three for breakfast, morning and bakes muffins for her,0.0000,0
flexible,5453,6,+0.0655,0.0161,reweighted,17,0,18, morning, day. She eats three for breakfast every, and bakes muffins for her friends,0.0000,0
flexible,5453,6,+0.0655,0.0161,reweighted,18,0,19, and,. She eats three for breakfast every morning, bakes muffins for her friends every,0.0000,0
flexible,5453,6,+0.0655,0.0161,reweighted,19,0,20, b, She eats three for breakfast every morning and,akes muffins for her friends every day,0.0000,0
flexible,1304,7,+0.0644,0.0009,rotated,0,19,50, (," 4 miles per hour, what speed",in miles per hour) does she need,6.3516,0
flexible,1304,7,+0.0644,0.0009,rotated,1,60,48, (,0% of 25 oranges is,20/100)*2,5.5820,0
flexible,1304,7,+0.0644,0.0009,rotated,2,84,50, (,"=8>>8.
The team played",L+8) + L = ,4.3047,0
flexible,1304,7,+0.0644,0.0009,rotated,3,15,117,*(,% which is $5000,2.5/100),3.7129,1
flexible,1304,7,+0.0644,0.0009,rotated,4,31,75, (, 60 because 20 +,80/2)= <<20,3.6445,0
flexible,1304,7,+0.0644,0.0009,rotated,5,26,72, (, all the clothing items? 3 *,16.50 + 2,3.5527,0
flexible,1304,7,+0.0644,0.0009,rotated,6,33,63,"
",+x+30=110,"2*x=80
x=",3.2812,0
flexible,1304,7,+0.0644,0.0009,rotated,7,39,160,*(," walking, then she walks for 6",2/3)=<<6*(2,3.2344,1
flexible,1304,7,+0.0644,0.0009,rotated,8,48,114,=,/6=<<48/6,"8>>8 pieces
#### 8",3.1992,1
flexible,1304,7,+0.0644,0.0009,rotated,9,40,83,".
",*2=8>>8 years old,#### 8,2.9844,1
flexible,1304,7,+0.0644,0.0009,rotated,10,88,106,"
"," = 88,000","Combining like terms, we get ",2.9043,0
flexible,1304,7,+0.0644,0.0009,rotated,11,60,107,"
",5+2=8>>8 oranges,The rest which is 25-,2.8340,0
flexible,1304,7,+0.0644,0.0009,rotated,12,14,152,".
",>>4 students who enrolled in jazz dance,"Hence, 16 - ",2.7598,1
flexible,1304,7,+0.0644,0.0009,rotated,13,15,174,*(,% which is $8000,1.2/100),2.7266,1
flexible,1304,7,+0.0644,0.0009,rotated,14,88,146,"
"," h = 8,000",#### 8000,2.7246,0
flexible,1304,7,+0.0644,0.0009,rotated,15,97,151,".
",4=12>>12 tomatoes,#### 12,2.7012,1
flexible,1304,7,+0.0644,0.0009,rotated,16,32,84,"
",35>>35 hours per week,#### 35,2.6816,0
flexible,1304,7,+0.0644,0.0009,rotated,17,60,118, <<, which is 25-8 =,25-8=17>>,2.6602,1
flexible,1304,7,+0.0644,0.0009,rotated,18,84,69,".
", + 8 = 22 games,"So, 2L = 2",2.5938,1
flexible,1304,7,+0.0644,0.0009,rotated,19,34,124,".
",5-2 = 23 jewels,#### 23,2.5547,1
flexible,4505,8,+0.0621,0.0607,stable,0,43,44, , you eat if your daily calorie target is,2000 and you have already,9.3594,0
flexible,4505,8,+0.0621,0.0607,stable,1,78,20, ,2.50 or in packages of,2 for $1. How much money,9.2969,0
flexible,4505,8,+0.0621,0.0607,stable,2,16,34, ," day, they travel northwards, covering",150 miles. What's the,9.2188,0
flexible,4505,8,+0.0621,0.0607,stable,3,74,328,=,36+18+34,"88>>88
#### ",9.1719,1
flexible,4505,8,+0.0621,0.0607,stable,4,8,63, , next half-hour driving at a speed of,"30mph, before being able to",8.5000,0
flexible,4505,8,+0.0621,0.0607,stable,5,64,33, , single tank of gas. She has traveled,100 miles since last filling her,8.5000,0
flexible,4505,8,+0.0621,0.0607,stable,6,43,54, ,000 and you have already consumed,1800 calories? If the,8.3672,0
flexible,4505,8,+0.0621,0.0607,stable,7,43,160, ,/250 of a serving =,"4/5 of a serving
We",8.2344,0
flexible,4505,8,+0.0621,0.0607,stable,8,26,109,)=,22.50+42,"243>>243
",8.1719,1
flexible,4505,8,+0.0621,0.0607,stable,9,17,42, ,5 hours a week as a teacher and,15 hours a week as a coach,8.1641,0
flexible,4505,8,+0.0621,0.0607,stable,10,78,55, , of 3 would be needed which is,18 ÷ 3 = <<,8.1094,0
flexible,4505,8,+0.0621,0.0607,stable,11,73,167,=, = $<<765/3,255>>255 each,8.0859,1
flexible,4505,8,+0.0621,0.0607,stable,12,75,161, ,"28
The four levels total to",240 square feet because 1,8.0859,0
flexible,4505,8,+0.0621,0.0607,stable,13,68,19, , Wertz's school. If there are,60 girls and 5 students to,8.0781,0
flexible,4505,8,+0.0621,0.0607,stable,14,75,52, , the top level has a square footage of,"16, what is the average square",8.0469,0
flexible,4505,8,+0.0621,0.0607,stable,15,9,44, , hourly rate. If Eliza worked for,"45 hours this week, how much",8.0234,0
flexible,4505,8,+0.0621,0.0607,stable,16,19,13, , 12-mile trail. She took,1 hour to walk the first 4,8.0000,0
flexible,4505,8,+0.0621,0.0607,stable,17,74,318, $, $18 + $34 =,<<36+18+3,8.0000,0
flexible,4505,8,+0.0621,0.0607,stable,18,2,44, , This increased the value of the house by,150%.  How much profit,7.9688,0
flexible,4505,8,+0.0621,0.0607,stable,19,75,128, ,">>64
Level 1 is",128 square feet because 6,7.9648,0
flexible,1296,9,+0.0590,0.0527,stable,0,69,29, ,8 weeks. At the end of the,"8 weeks, if she has a total",10.6094,0
flexible,1296,9,+0.0590,0.0527,stable,1,78,48, , better price? Find how many packages of,3 would be needed which is 1,9.8828,0
flexible,1296,9,+0.0590,0.0527,stable,2,98,148, ,Most of the cars exited in the final,15 minutes so in the first ,9.8359,0
flexible,1296,9,+0.0590,0.0527,stable,3,73,41, , much will Shiela pay each month for,3 months? A $150,9.7500,0
flexible,1296,9,+0.0590,0.0527,stable,4,18,101, ,"
There are 12 eggs in",1 dozen and she'll eat 8,9.5859,0
flexible,1296,9,+0.0590,0.0527,stable,5,97,16, ,", they lose half their volume. Each",16 ounce can of tomatoes that she,9.2344,0
flexible,1296,9,+0.0590,0.0527,stable,6,73,118, ,".
The total amount to be paid for",5 cell phones is $153,9.1719,0
flexible,1296,9,+0.0590,0.0527,stable,7,92,57, , Jackson? James is 10 and,"1 year younger than Corey, so Corey",9.1641,0
flexible,1296,9,+0.0590,0.0527,stable,8,6,12, , as many sheep as Charleston. Charleston has,4 times as many sheep as Seattle.,9.0312,0
flexible,1296,9,+0.0590,0.0527,stable,9,98,156, , 15 minutes so in the first,"15 minutes, there must have been",9.0312,0
flexible,1296,9,+0.0590,0.0527,stable,10,78,20, ,2.50 or in packages of,2 for $1. How much money,9.0000,0
flexible,1296,9,+0.0590,0.0527,stable,11,33,12, , 110 coins. There are,30 more gold coins than silver coins,8.9688,0
flexible,1296,9,+0.0590,0.0527,stable,12,98,28, ,"5 minutes of the traffic jam, then",20 more cars drive through in the,8.9609,0
flexible,1296,9,+0.0590,0.0527,stable,13,78,8, ,Vincent can buy flowers in packages of,3 for $2.50 or,8.9297,0
flexible,1296,9,+0.0590,0.0527,stable,14,48,25, , garden. The wire was cut into pieces,6 inches long. How many pieces did,8.9062,0
flexible,1296,9,+0.0590,0.0527,stable,15,87,159, ,20>>720/year after,"5 years.
In three years, the",8.8594,0
flexible,1296,9,+0.0590,0.0527,stable,16,69,53, , much money did Bailey start with? In,"8 weeks, Bailey receives $5 *",8.8203,0
flexible,1296,9,+0.0590,0.0527,stable,17,67,14, , treasure chest filled with gems. There were,"175 diamonds, 35",8.7969,0
flexible,1296,9,+0.0590,0.0527,stable,18,69,20, , receives a weekly allowance of $5 for,8 weeks. At the end of the,8.7422,0
flexible,1296,9,+0.0590,0.0527,stable,19,5,109, , is going to buy 16 /,2 = <<16/2=,8.7031,0
flexible,4376,10,+0.0575,0.0169,reweighted,0,26,1,ish,M,"ka bought 3 pairs of shorts,",1.9492,0
flexible,4376,10,+0.0575,0.0169,reweighted,1,76,1,ec,C,ilia just bought a new puppy. According,1.5830,0
flexible,4376,10,+0.0575,0.0169,reweighted,2,53,6, repair,A mechanic charges different rates to, the tires of trucks and cars. ,1.5713,0
flexible,4376,10,+0.0575,0.0169,reweighted,3,59,26, rasp, fruit scattered across the bush. How many,berries are there total? First find the,1.3018,0
flexible,4376,10,+0.0575,0.0169,reweighted,4,5,1,yl,K,ar went to the store to buy glasses,1.2881,0
flexible,4376,10,+0.0575,0.0169,reweighted,5,4,26, help," seeds, mealworms and vegetables to", keep them healthy.  She gives the,1.2627,0
flexible,4376,10,+0.0575,0.0169,reweighted,6,53,8, tires,A mechanic charges different rates to repair the, of trucks and cars.  For each,1.2061,0
flexible,4376,10,+0.0575,0.0169,reweighted,7,54,1, Doub,The,tfire sisters are driving home with ,1.1992,0
flexible,4376,10,+0.0575,0.0169,reweighted,8,45,11, topics, is a freelance blogger who writes about health, and submits to clients each day as her,1.1562,0
flexible,4376,10,+0.0575,0.0169,reweighted,9,59,1, raspberry,A, bush has 6 clusters of 2,1.1172,0
flexible,4376,10,+0.0575,0.0169,reweighted,10,43,1, to,According," its nutritional info, a bag of chips",1.1133,0
flexible,4376,10,+0.0575,0.0169,reweighted,11,71,33, Kel, the first one. How many instructions does,ian have to read to prepare the two,1.0469,0
flexible,4376,10,+0.0575,0.0169,reweighted,12,46,143, Post,And if she used 220,-it notes at work and had 2,0.9648,0
flexible,4376,10,+0.0575,0.0169,reweighted,13,81,42, , of the stickers to his sister and used,28 to decorate a greeting card.,0.8452,0
flexible,4376,10,+0.0575,0.0169,reweighted,14,33,27, Gret, silver coins. How many gold coins does,chen have? Let x be the number,0.8359,0
flexible,4376,10,+0.0575,0.0169,reweighted,15,30,42, representing,0 years from now. The total ratio, their ages is 7+11,0.8340,0
flexible,4376,10,+0.0575,0.0169,reweighted,16,62,49, per,5% of the value of the pension, year. If she quits after 3,0.7979,0
flexible,4376,10,+0.0575,0.0169,reweighted,17,5,221, buy,64 for the glasses he wants to,".
#### 64",0.7910,0
flexible,4376,10,+0.0575,0.0169,reweighted,18,9,4, per,Eliza's rate, hour for the first 40 hours,0.7588,0
flexible,4376,10,+0.0575,0.0169,reweighted,19,29,57, costs, heels costs $33 and the other," twice as much, how many dollars are",0.7251,0
flexible,6404,11,+0.0569,0.0173,reweighted,0,10,123,=, = <<180+60,"240>>240
",2.1738,1
flexible,6404,11,+0.0569,0.0173,reweighted,1,84,124,=, 7 = <<22-7,"15>>15 games.
####",2.1582,1
flexible,6404,11,+0.0569,0.0173,reweighted,2,63,289,=,<<840+756,1596>>159,2.0449,1
flexible,6404,11,+0.0569,0.0173,reweighted,3,20,177,=, + 6 = <<9+6,15>>15 liters of water,1.9551,1
flexible,6404,11,+0.0569,0.0173,reweighted,4,43,106,=,000-1800,200>>200 calories,1.9336,1
flexible,6404,11,+0.0569,0.0173,reweighted,5,59,100,=, = <<120+67,187>>187 fruit,1.9219,1
flexible,6404,11,+0.0569,0.0173,reweighted,6,30,57,=,11= <<7+11,"18>>18
Since the",1.8828,1
flexible,6404,11,+0.0569,0.0173,reweighted,7,2,193,=,00+80000,200000>>2,1.8418,1
flexible,6404,11,+0.0569,0.0173,reweighted,8,94,118,=, = <<120+60,"180>>180
",1.8242,1
flexible,6404,11,+0.0569,0.0173,reweighted,9,8,215,*,In that time he goes 80,1.5=<<80*,1.7949,1
flexible,6404,11,+0.0569,0.0173,reweighted,10,69,100,=, $<<100-40,"60>>60
#### ",1.7852,1
flexible,6404,11,+0.0569,0.0173,reweighted,11,60,88, therefore," bad, unripe and sour oranges is", 1+5+2 = <<,1.7490,0
flexible,6404,11,+0.0569,0.0173,reweighted,12,17,180,=,<<700+450,1150>>115,1.7373,1
flexible,6404,11,+0.0569,0.0173,reweighted,13,52,124,=, = <<15-7.5,"7.5>>7.5
",1.7051,1
flexible,6404,11,+0.0569,0.0173,reweighted,14,86,13, reminder, to ring three times a day as a,". When the alarm goes off, it",1.5986,0
flexible,6404,11,+0.0569,0.0173,reweighted,15,45,138,2, 5+2 = <<5+,"=7>>7
On Wednesday,",1.5898,1
flexible,6404,11,+0.0569,0.0173,reweighted,16,94,187,=, <<168+180,"348>>348
",1.5312,1
flexible,6404,11,+0.0569,0.0173,reweighted,17,90,13, dinosaur, was planning to bring potato salad to the, picnic.  He knows that an adult,1.5254,0
flexible,6404,11,+0.0569,0.0173,reweighted,18,56,67,=, + 7 = <<7+7,"14>>14
He can",1.5176,1
flexible,6404,11,+0.0569,0.0173,reweighted,19,98,184, minutes, drove through in the final 15, = 5 cars that drove through the,1.5117,0
flexible,480,12,+0.0498,0.0164,reweighted,0,93,164,.,0 seconds is 40*0,1=<<40*0.,1.1240,1
flexible,480,12,+0.0498,0.0164,reweighted,1,81,42, , of the stickers to his sister and used,28 to decorate a greeting card.,0.6016,0
flexible,480,12,+0.0498,0.0164,reweighted,2,31,2, is,Gunter, trying to count the jelly beans in a,0.4814,0
flexible,480,12,+0.0498,0.0164,reweighted,3,0,1,et,Jan,’s ducks lay 16 eggs per,0.0000,0
flexible,480,12,+0.0498,0.0164,reweighted,4,0,2,’s,Janet, ducks lay 16 eggs per day,0.0000,0
flexible,480,12,+0.0498,0.0164,reweighted,5,0,3, ducks,Janet’s, lay 16 eggs per day.,0.0000,0
flexible,480,12,+0.0498,0.0164,reweighted,6,0,4, lay,Janet’s ducks, 16 eggs per day. She,0.0000,0
flexible,480,12,+0.0498,0.0164,reweighted,7,0,5, ,Janet’s ducks lay,16 eggs per day. She eats,0.0000,0
flexible,480,12,+0.0498,0.0164,reweighted,8,0,6,1,Janet’s ducks lay ,6 eggs per day. She eats three,0.0000,1
flexible,480,12,+0.0498,0.0164,reweighted,9,0,7,6,Janet’s ducks lay 1, eggs per day. She eats three for,0.0000,1
flexible,480,12,+0.0498,0.0164,reweighted,10,0,8, eggs,Janet’s ducks lay 16, per day. She eats three for breakfast,0.0000,0
flexible,480,12,+0.0498,0.0164,reweighted,11,0,9, per,et’s ducks lay 16 eggs, day. She eats three for breakfast every,0.0000,0
flexible,480,12,+0.0498,0.0164,reweighted,12,0,10, day,’s ducks lay 16 eggs per,. She eats three for breakfast every morning,0.0000,0
flexible,480,12,+0.0498,0.0164,reweighted,13,0,11,., ducks lay 16 eggs per day, She eats three for breakfast every morning and,0.0000,1
flexible,480,12,+0.0498,0.0164,reweighted,14,0,12, She, lay 16 eggs per day., eats three for breakfast every morning and b,0.0000,0
flexible,480,12,+0.0498,0.0164,reweighted,15,0,13, eats, 16 eggs per day. She, three for breakfast every morning and bakes,0.0000,0
flexible,480,12,+0.0498,0.0164,reweighted,16,0,14, three,16 eggs per day. She eats, for breakfast every morning and bakes muff,0.0000,0
flexible,480,12,+0.0498,0.0164,reweighted,17,0,15, for,6 eggs per day. She eats three, breakfast every morning and bakes muffins,0.0000,0
flexible,480,12,+0.0498,0.0164,reweighted,18,0,16, breakfast, eggs per day. She eats three for, every morning and bakes muffins for,0.0000,0
flexible,480,12,+0.0498,0.0164,reweighted,19,0,17, every, per day. She eats three for breakfast, morning and bakes muffins for her,0.0000,0
flexible,4933,13,+0.0467,0.0101,rotated,0,39,178, one,"3)=4>>4 hours.
If","-third of the time is spent running,",6.3750,0
flexible,4933,13,+0.0467,0.0101,rotated,1,46,119, post," purchased.
Then, the total number of",-it notes she had when she left the,4.6055,0
flexible,4933,13,+0.0467,0.0101,rotated,2,93,114,0, Gerald used to run the 40,"-meter hurdles, then Gerald initially would run",4.4453,1
flexible,4933,13,+0.0467,0.0101,rotated,3,93,127,0, Gerald initially would run the 40,-meter hurdles in 38+2,4.4258,1
flexible,4933,13,+0.0467,0.0101,rotated,4,36,148,4,0 and he needs 15 ,-packs so he will spend $5,4.2578,1
flexible,4933,13,+0.0467,0.0101,rotated,5,39,145, two,"1.5 miles per hour.
If","-thirds of the time is spent walking,",4.0586,0
flexible,4933,13,+0.0467,0.0101,rotated,6,93,91,0,? If Lee runs the 40,"-meter hurdles in 38 seconds,",4.0586,1
flexible,4933,13,+0.0467,0.0101,rotated,7,14,177, hip,12>>12 students enrolled in,"-hop dance.
This is 12",4.0391,0
flexible,4933,13,+0.0467,0.0101,rotated,8,13,5,-to,Melanie is a door,-door saleswoman. She sold a third,3.9805,1
flexible,4933,13,+0.0467,0.0101,rotated,9,14,48, hip, What percentage of the entire students enrolled in,-hop dance? There are 20,3.9355,0
flexible,4933,13,+0.0467,0.0101,rotated,10,8,194,2, drives another 2-.5=<<,-.5=1.5>>1,3.6895,1
flexible,4933,13,+0.0467,0.0101,rotated,11,46,214, Post,=163>>163,"-it notes.
#### 163",3.5742,0
flexible,4933,13,+0.0467,0.0101,rotated,12,36,133,4,"5 4-packs
Each ",-pack is $5.00 and,3.5332,1
flexible,4933,13,+0.0467,0.0101,rotated,13,39,284,6," altogether, she travels 12+",=<<12+6=1,3.5156,1
flexible,4933,13,+0.0467,0.0101,rotated,14,4,200,5,25=<<60-1,-25=20>>2,3.4805,1
flexible,4933,13,+0.0467,0.0101,rotated,15,46,102, post, Let's let x be the number of,-it notes in the package that Candice,3.4668,0
flexible,4933,13,+0.0467,0.0101,rotated,16,90,199,5,5=<<200+2,=225>>225,3.4355,1
flexible,4933,13,+0.0467,0.0101,rotated,17,10,192,4,4 = <<180-5,=126>>126,3.3906,1
flexible,4933,13,+0.0467,0.0101,rotated,18,45,190,7," three days, she wrote 5+", +14 = <<5+7,3.3438,1
flexible,4933,13,+0.0467,0.0101,rotated,19,19,147,1, - 1 hour = <<3-,"-1=1>>1 hour
",3.3301,1
flexible,256,14,+0.0419,0.0571,rotated,0,64,135, tank, how far Olivia can go on a single,", multiply 25 miles per gallon",3.8301,0
flexible,256,14,+0.0419,0.0571,rotated,1,64,107, gallons, 100 miles / 4, = <<100/4=,3.6055,0
flexible,256,14,+0.0419,0.0571,rotated,2,84,104,7, <<14/2=7>>," losses.
Therefore, the team won ",3.5645,1
flexible,256,14,+0.0419,0.0571,rotated,3,64,125,To,"5>>25 miles per gallon
", find how far Olivia can go on a,3.5449,0
flexible,256,14,+0.0419,0.0571,rotated,4,8,128,0,0=180>>18," miles from home
He was only able",3.4961,1
flexible,256,14,+0.0419,0.0571,rotated,5,51,90,0,*10=30>>3," miles
That means it takes 3",3.4336,1
flexible,256,14,+0.0419,0.0571,rotated,6,35,101,0,>>5 points in the second 2," minutes
So in total, he scored",3.4219,1
flexible,256,14,+0.0419,0.0571,rotated,7,51,112, hours,30/6=5>>5," to get back
#### 5",3.4141,0
flexible,256,14,+0.0419,0.0571,rotated,8,64,143, gallon," tank, multiply 25 miles per", x 12 gallons = <<2,3.4121,0
flexible,256,14,+0.0419,0.0571,rotated,9,15,220,6, since $125 > $9,", he will choose to purchase jewelry,",3.3867,1
flexible,256,14,+0.0419,0.0571,rotated,10,36,93,5, is sold as 4 units for $,.00 and he needs 6,3.3750,1
flexible,256,14,+0.0419,0.0571,rotated,11,84,45,8, L + <<+8=8>>,".
The team played (L+8",3.3711,1
flexible,256,14,+0.0419,0.0571,rotated,12,61,156,0,1430>>143,"
#### 1430",3.3672,1
flexible,256,14,+0.0419,0.0571,rotated,13,61,123,0,1=130>>13,"
So she pays 130",3.3516,1
flexible,256,14,+0.0419,0.0571,rotated,14,44,137,0, pound of beeswax costs $1,.00 and he needs 2,3.3496,1
flexible,256,14,+0.0419,0.0571,rotated,15,75,205,0,6=240>>24,"
The average square footage of a level",3.2832,1
flexible,256,14,+0.0419,0.0571,rotated,16,84,43,8, wins is L + <<+8=,">>8.
The team played (L",3.2812,1
flexible,256,14,+0.0419,0.0571,rotated,17,84,92,4,"14
So L = 1",/2 = <<14/2,3.2598,1
flexible,256,14,+0.0419,0.0571,rotated,18,84,67,2,2L + 8 = 2," games.
So, 2L =",3.2480,1
flexible,256,14,+0.0419,0.0571,rotated,19,15,126, =,2.5/100), $<<5000*(2,3.2402,1
flexible,3037,15,+0.0415,0.0161,stable,0,0,1,et,Jan,’s ducks lay 16 eggs per,0.0000,0
flexible,3037,15,+0.0415,0.0161,stable,1,0,2,’s,Janet, ducks lay 16 eggs per day,0.0000,0
flexible,3037,15,+0.0415,0.0161,stable,2,0,3, ducks,Janet’s, lay 16 eggs per day.,0.0000,0
flexible,3037,15,+0.0415,0.0161,stable,3,0,4, lay,Janet’s ducks, 16 eggs per day. She,0.0000,0
flexible,3037,15,+0.0415,0.0161,stable,4,0,5, ,Janet’s ducks lay,16 eggs per day. She eats,0.0000,0
flexible,3037,15,+0.0415,0.0161,stable,5,0,6,1,Janet’s ducks lay ,6 eggs per day. She eats three,0.0000,1
flexible,3037,15,+0.0415,0.0161,stable,6,0,7,6,Janet’s ducks lay 1, eggs per day. She eats three for,0.0000,1
flexible,3037,15,+0.0415,0.0161,stable,7,0,8, eggs,Janet’s ducks lay 16, per day. She eats three for breakfast,0.0000,0
flexible,3037,15,+0.0415,0.0161,stable,8,0,9, per,et’s ducks lay 16 eggs, day. She eats three for breakfast every,0.0000,0
flexible,3037,15,+0.0415,0.0161,stable,9,0,10, day,’s ducks lay 16 eggs per,. She eats three for breakfast every morning,0.0000,0
flexible,3037,15,+0.0415,0.0161,stable,10,0,11,., ducks lay 16 eggs per day, She eats three for breakfast every morning and,0.0000,1
flexible,3037,15,+0.0415,0.0161,stable,11,0,12, She, lay 16 eggs per day., eats three for breakfast every morning and b,0.0000,0
flexible,3037,15,+0.0415,0.0161,stable,12,0,13, eats, 16 eggs per day. She, three for breakfast every morning and bakes,0.0000,0
flexible,3037,15,+0.0415,0.0161,stable,13,0,14, three,16 eggs per day. She eats, for breakfast every morning and bakes muff,0.0000,0
flexible,3037,15,+0.0415,0.0161,stable,14,0,15, for,6 eggs per day. She eats three, breakfast every morning and bakes muffins,0.0000,0
flexible,3037,15,+0.0415,0.0161,stable,15,0,16, breakfast, eggs per day. She eats three for, every morning and bakes muffins for,0.0000,0
flexible,3037,15,+0.0415,0.0161,stable,16,0,17, every, per day. She eats three for breakfast, morning and bakes muffins for her,0.0000,0
flexible,3037,15,+0.0415,0.0161,stable,17,0,18, morning, day. She eats three for breakfast every, and bakes muffins for her friends,0.0000,0
flexible,3037,15,+0.0415,0.0161,stable,18,0,19, and,. She eats three for breakfast every morning, bakes muffins for her friends every,0.0000,0
flexible,3037,15,+0.0415,0.0161,stable,19,0,20, b, She eats three for breakfast every morning and,akes muffins for her friends every day,0.0000,0
flexible,485,16,+0.0414,0.0627,stable,0,10,58, months, did the program have total over the three,? The number of downloads of the program,9.6250,0
flexible,485,16,+0.0414,0.0627,stable,1,73,43, months, Shiela pay each month for 3,? A $150 x ,9.5859,0
flexible,485,16,+0.0414,0.0627,stable,2,64,91, gas, can Sophia drive on a single tank of,? To find miles per gallon divide ,9.3828,0
flexible,485,16,+0.0414,0.0627,stable,3,93,82, seconds," 400-meter hurdles, in",? If Lee runs the 40,8.3984,0
flexible,485,16,+0.0414,0.0627,stable,4,81,57, left, card. How many stickers does Charlie have,? The total number of stickers is ,8.2734,0
flexible,485,16,+0.0414,0.0627,stable,5,9,58, week,", how much are her earnings for this",? Eliza is entitled to 4,8.2578,0
flexible,485,16,+0.0414,0.0627,stable,6,41,126,elin, still hit the dragon with the gold jav,"? With the gemstone, Polly could",8.2500,0
flexible,485,16,+0.0414,0.0627,stable,7,90,75, picnic, salad does Ted need to bring to the, if he hopes to have enough to feed,8.2500,0
flexible,485,16,+0.0414,0.0627,stable,8,57,75, limit, truck while not exceeding the bridge's weight,? The boxes can weigh up to ,8.2422,0
flexible,485,16,+0.0414,0.0627,stable,9,24,37, book,. What was the original price of the,? Let X be the original price of,8.2109,0
flexible,485,16,+0.0414,0.0627,stable,10,67,52, chest, many of the gems were there in the,? There were 175 -,8.2109,0
flexible,485,16,+0.0414,0.0627,stable,11,25,57, order,. How many boxes of pizza did Marie, if each box costs $8.5,8.1875,0
flexible,485,16,+0.0414,0.0627,stable,12,8,102, hours, home at the end of those 4,? When he turned around he was ,8.1719,0
flexible,485,16,+0.0414,0.0627,stable,13,6,40, sheep, have together if Seattle has 20,? If Seattle has 20 sheep,8.1562,0
flexible,485,16,+0.0414,0.0627,stable,14,28,48, stops, did he travel between his first and second,? He traveled 20 miles +,8.1484,0
flexible,485,16,+0.0414,0.0627,stable,15,69,50, with,"0, how much money did Bailey start","? In 8 weeks, Bailey receives",8.1328,0
flexible,485,16,+0.0414,0.0627,stable,16,49,41, building, total number of unoccupied units In the,? The total number of units in the,7.9531,0
flexible,485,16,+0.0414,0.0627,stable,17,40,42, iPhone," year old, how old is Brandon’s",? Ben’s iPhone is 1*,7.9492,0
flexible,485,16,+0.0414,0.0627,stable,18,32,39, dogs, a week does he spend taking care of,? He spends 10*.5,7.9258,0
flexible,485,16,+0.0414,0.0627,stable,19,90,72, bring, pounds of potato salad does Ted need to, to the picnic if he hopes to have,7.8984,0
flexible,2897,17,+0.0398,0.0170,reweighted,0,76,1,ec,C,ilia just bought a new puppy. According,1.3232,0
flexible,2897,17,+0.0398,0.0170,reweighted,1,41,193, reach, beyond the 1000-foot, of the dragon's flames by a distance,1.3223,0
flexible,2897,17,+0.0398,0.0170,reweighted,2,36,84, yogurt,">>60 yogurts
The", is sold as 4 units for $,1.2695,0
flexible,2897,17,+0.0398,0.0170,reweighted,3,19,205, divide,"2=6>>6 miles
Now", the remaining distance by the remaining time to,1.1689,0
flexible,2897,17,+0.0398,0.0170,reweighted,4,74,134, up, Artie will round his marigolds, from $2.74 to $,1.1582,0
flexible,2897,17,+0.0398,0.0170,reweighted,5,79,77, cost,">>30 discount
So the grooming", 100-30=$,1.1504,0
flexible,2897,17,+0.0398,0.0170,reweighted,6,86,13, reminder, to ring three times a day as a,". When the alarm goes off, it",1.1133,0
flexible,2897,17,+0.0398,0.0170,reweighted,7,64,98, divide, of gas? To find miles per gallon, 100 miles / 4,1.0811,0
flexible,2897,17,+0.0398,0.0170,reweighted,8,36,37, yogurt,.  How much does he spend on, over 30 days? He eats,1.0283,0
flexible,2897,17,+0.0398,0.0170,reweighted,9,0,1,et,Jan,’s ducks lay 16 eggs per,0.0000,0
flexible,2897,17,+0.0398,0.0170,reweighted,10,0,2,’s,Janet, ducks lay 16 eggs per day,0.0000,0
flexible,2897,17,+0.0398,0.0170,reweighted,11,0,3, ducks,Janet’s, lay 16 eggs per day.,0.0000,0
flexible,2897,17,+0.0398,0.0170,reweighted,12,0,4, lay,Janet’s ducks, 16 eggs per day. She,0.0000,0
flexible,2897,17,+0.0398,0.0170,reweighted,13,0,5, ,Janet’s ducks lay,16 eggs per day. She eats,0.0000,0
flexible,2897,17,+0.0398,0.0170,reweighted,14,0,6,1,Janet’s ducks lay ,6 eggs per day. She eats three,0.0000,1
flexible,2897,17,+0.0398,0.0170,reweighted,15,0,7,6,Janet’s ducks lay 1, eggs per day. She eats three for,0.0000,1
flexible,2897,17,+0.0398,0.0170,reweighted,16,0,8, eggs,Janet’s ducks lay 16, per day. She eats three for breakfast,0.0000,0
flexible,2897,17,+0.0398,0.0170,reweighted,17,0,9, per,et’s ducks lay 16 eggs, day. She eats three for breakfast every,0.0000,0
flexible,2897,17,+0.0398,0.0170,reweighted,18,0,10, day,’s ducks lay 16 eggs per,. She eats three for breakfast every morning,0.0000,0
flexible,2897,17,+0.0398,0.0170,reweighted,19,0,11,., ducks lay 16 eggs per day, She eats three for breakfast every morning and,0.0000,1
flexible,87,18,+0.0385,0.0161,stable,0,0,1,et,Jan,’s ducks lay 16 eggs per,0.0000,0
flexible,87,18,+0.0385,0.0161,stable,1,0,2,’s,Janet, ducks lay 16 eggs per day,0.0000,0
flexible,87,18,+0.0385,0.0161,stable,2,0,3, ducks,Janet’s, lay 16 eggs per day.,0.0000,0
flexible,87,18,+0.0385,0.0161,stable,3,0,4, lay,Janet’s ducks, 16 eggs per day. She,0.0000,0
flexible,87,18,+0.0385,0.0161,stable,4,0,5, ,Janet’s ducks lay,16 eggs per day. She eats,0.0000,0
flexible,87,18,+0.0385,0.0161,stable,5,0,6,1,Janet’s ducks lay ,6 eggs per day. She eats three,0.0000,1
flexible,87,18,+0.0385,0.0161,stable,6,0,7,6,Janet’s ducks lay 1, eggs per day. She eats three for,0.0000,1
flexible,87,18,+0.0385,0.0161,stable,7,0,8, eggs,Janet’s ducks lay 16, per day. She eats three for breakfast,0.0000,0
flexible,87,18,+0.0385,0.0161,stable,8,0,9, per,et’s ducks lay 16 eggs, day. She eats three for breakfast every,0.0000,0
flexible,87,18,+0.0385,0.0161,stable,9,0,10, day,’s ducks lay 16 eggs per,. She eats three for breakfast every morning,0.0000,0
flexible,87,18,+0.0385,0.0161,stable,10,0,11,., ducks lay 16 eggs per day, She eats three for breakfast every morning and,0.0000,1
flexible,87,18,+0.0385,0.0161,stable,11,0,12, She, lay 16 eggs per day., eats three for breakfast every morning and b,0.0000,0
flexible,87,18,+0.0385,0.0161,stable,12,0,13, eats, 16 eggs per day. She, three for breakfast every morning and bakes,0.0000,0
flexible,87,18,+0.0385,0.0161,stable,13,0,14, three,16 eggs per day. She eats, for breakfast every morning and bakes muff,0.0000,0
flexible,87,18,+0.0385,0.0161,stable,14,0,15, for,6 eggs per day. She eats three, breakfast every morning and bakes muffins,0.0000,0
flexible,87,18,+0.0385,0.0161,stable,15,0,16, breakfast, eggs per day. She eats three for, every morning and bakes muffins for,0.0000,0
flexible,87,18,+0.0385,0.0161,stable,16,0,17, every, per day. She eats three for breakfast, morning and bakes muffins for her,0.0000,0
flexible,87,18,+0.0385,0.0161,stable,17,0,18, morning, day. She eats three for breakfast every, and bakes muffins for her friends,0.0000,0
flexible,87,18,+0.0385,0.0161,stable,18,0,19, and,. She eats three for breakfast every morning, bakes muffins for her friends every,0.0000,0
flexible,87,18,+0.0385,0.0161,stable,19,0,20, b, She eats three for breakfast every morning and,akes muffins for her friends every day,0.0000,0
flexible,6612,19,+0.0371,0.0161,stable,0,0,1,et,Jan,’s ducks lay 16 eggs per,0.0000,0
flexible,6612,19,+0.0371,0.0161,stable,1,0,2,’s,Janet, ducks lay 16 eggs per day,0.0000,0
flexible,6612,19,+0.0371,0.0161,stable,2,0,3, ducks,Janet’s, lay 16 eggs per day.,0.0000,0
flexible,6612,19,+0.0371,0.0161,stable,3,0,4, lay,Janet’s ducks, 16 eggs per day. She,0.0000,0
flexible,6612,19,+0.0371,0.0161,stable,4,0,5, ,Janet’s ducks lay,16 eggs per day. She eats,0.0000,0
flexible,6612,19,+0.0371,0.0161,stable,5,0,6,1,Janet’s ducks lay ,6 eggs per day. She eats three,0.0000,1
flexible,6612,19,+0.0371,0.0161,stable,6,0,7,6,Janet’s ducks lay 1, eggs per day. She eats three for,0.0000,1
flexible,6612,19,+0.0371,0.0161,stable,7,0,8, eggs,Janet’s ducks lay 16, per day. She eats three for breakfast,0.0000,0
flexible,6612,19,+0.0371,0.0161,stable,8,0,9, per,et’s ducks lay 16 eggs, day. She eats three for breakfast every,0.0000,0
flexible,6612,19,+0.0371,0.0161,stable,9,0,10, day,’s ducks lay 16 eggs per,. She eats three for breakfast every morning,0.0000,0
flexible,6612,19,+0.0371,0.0161,stable,10,0,11,., ducks lay 16 eggs per day, She eats three for breakfast every morning and,0.0000,1
flexible,6612,19,+0.0371,0.0161,stable,11,0,12, She, lay 16 eggs per day., eats three for breakfast every morning and b,0.0000,0
flexible,6612,19,+0.0371,0.0161,stable,12,0,13, eats, 16 eggs per day. She, three for breakfast every morning and bakes,0.0000,0
flexible,6612,19,+0.0371,0.0161,stable,13,0,14, three,16 eggs per day. She eats, for breakfast every morning and bakes muff,0.0000,0
flexible,6612,19,+0.0371,0.0161,stable,14,0,15, for,6 eggs per day. She eats three, breakfast every morning and bakes muffins,0.0000,0
flexible,6612,19,+0.0371,0.0161,stable,15,0,16, breakfast, eggs per day. She eats three for, every morning and bakes muffins for,0.0000,0
flexible,6612,19,+0.0371,0.0161,stable,16,0,17, every, per day. She eats three for breakfast, morning and bakes muffins for her,0.0000,0
flexible,6612,19,+0.0371,0.0161,stable,17,0,18, morning, day. She eats three for breakfast every, and bakes muffins for her friends,0.0000,0
flexible,6612,19,+0.0371,0.0161,stable,18,0,19, and,. She eats three for breakfast every morning, bakes muffins for her friends every,0.0000,0
flexible,6612,19,+0.0371,0.0161,stable,19,0,20, b, She eats three for breakfast every morning and,akes muffins for her friends every day,0.0000,0
flexible,169,20,+0.0321,0.0048,stable,0,6,1,oulouse,T, has twice as many sheep as Charleston.,4.1719,0
flexible,169,20,+0.0321,0.0048,stable,1,41,166,0,00=<<3*40,=1200>>12,3.7598,1
flexible,169,20,+0.0321,0.0048,stable,2,60,40,0, How many oranges are good? 2,% of 25 oranges is (,3.7559,1
flexible,169,20,+0.0321,0.0048,stable,3,43,1, to,According," its nutritional info, a bag of chips",3.6973,0
flexible,169,20,+0.0321,0.0048,stable,4,44,78,1, and sells 20 candles? , pound of beeswax and the w,3.6250,1
flexible,169,20,+0.0321,0.0048,stable,5,26,81,2,16.50 + 2,.50 + 42),3.6172,1
flexible,169,20,+0.0321,0.0048,stable,6,98,126,=, that exited = <<30-5,25>>25 cars that drove,3.5859,1
flexible,169,20,+0.0321,0.0048,stable,7,60,39,2,. How many oranges are good? ,0% of 25 oranges is,3.5684,1
flexible,169,20,+0.0321,0.0048,stable,8,38,156,0, 60/6=<<6,/6=10>>10,3.5273,1
flexible,169,20,+0.0321,0.0048,stable,9,10,160,0,0*180 = <<3,/100*180,3.5156,1
flexible,169,20,+0.0321,0.0048,stable,10,36,72,0,*30 = <<2*3,=60>>60 yogur,3.5156,1
flexible,169,20,+0.0321,0.0048,stable,11,57,136,2,5 / 15 = <<1,45/15=83,3.4707,1
flexible,169,20,+0.0321,0.0048,stable,12,38,132,1,+1.5=<<3+,.5+1.5=6,3.4258,1
flexible,169,20,+0.0321,0.0048,stable,13,68,67,0,*60 = <<2*6,=120>>120,3.4062,1
flexible,169,20,+0.0321,0.0048,stable,14,51,105,0, 30/6=<<3,/6=5>>5 hours to,3.3809,1
flexible,169,20,+0.0321,0.0048,stable,15,57,108,1,00-3755=,245>>1245,3.3770,1
flexible,169,20,+0.0321,0.0048,stable,16,94,85,0,*60 = <<2*6,=120>>120,3.3711,1
flexible,169,20,+0.0321,0.0048,stable,17,52,84,0,0 x .25 = <<3,*.25=7.5>>,3.3535,1
flexible,169,20,+0.0321,0.0048,stable,18,48,114,=,/6=<<48/6,"8>>8 pieces
#### 8",3.3477,1
flexible,169,20,+0.0321,0.0048,stable,19,8,173,0, 30*.5=<<3,*.5=15>>15,3.3281,1
flexible,6456,21,+0.0291,0.0161,stable,0,0,1,et,Jan,’s ducks lay 16 eggs per,0.0000,0
flexible,6456,21,+0.0291,0.0161,stable,1,0,2,’s,Janet, ducks lay 16 eggs per day,0.0000,0
flexible,6456,21,+0.0291,0.0161,stable,2,0,3, ducks,Janet’s, lay 16 eggs per day.,0.0000,0
flexible,6456,21,+0.0291,0.0161,stable,3,0,4, lay,Janet’s ducks, 16 eggs per day. She,0.0000,0
flexible,6456,21,+0.0291,0.0161,stable,4,0,5, ,Janet’s ducks lay,16 eggs per day. She eats,0.0000,0
flexible,6456,21,+0.0291,0.0161,stable,5,0,6,1,Janet’s ducks lay ,6 eggs per day. She eats three,0.0000,1
flexible,6456,21,+0.0291,0.0161,stable,6,0,7,6,Janet’s ducks lay 1, eggs per day. She eats three for,0.0000,1
flexible,6456,21,+0.0291,0.0161,stable,7,0,8, eggs,Janet’s ducks lay 16, per day. She eats three for breakfast,0.0000,0
flexible,6456,21,+0.0291,0.0161,stable,8,0,9, per,et’s ducks lay 16 eggs, day. She eats three for breakfast every,0.0000,0
flexible,6456,21,+0.0291,0.0161,stable,9,0,10, day,’s ducks lay 16 eggs per,. She eats three for breakfast every morning,0.0000,0
flexible,6456,21,+0.0291,0.0161,stable,10,0,11,., ducks lay 16 eggs per day, She eats three for breakfast every morning and,0.0000,1
flexible,6456,21,+0.0291,0.0161,stable,11,0,12, She, lay 16 eggs per day., eats three for breakfast every morning and b,0.0000,0
flexible,6456,21,+0.0291,0.0161,stable,12,0,13, eats, 16 eggs per day. She, three for breakfast every morning and bakes,0.0000,0
flexible,6456,21,+0.0291,0.0161,stable,13,0,14, three,16 eggs per day. She eats, for breakfast every morning and bakes muff,0.0000,0
flexible,6456,21,+0.0291,0.0161,stable,14,0,15, for,6 eggs per day. She eats three, breakfast every morning and bakes muffins,0.0000,0
flexible,6456,21,+0.0291,0.0161,stable,15,0,16, breakfast, eggs per day. She eats three for, every morning and bakes muffins for,0.0000,0
flexible,6456,21,+0.0291,0.0161,stable,16,0,17, every, per day. She eats three for breakfast, morning and bakes muffins for her,0.0000,0
flexible,6456,21,+0.0291,0.0161,stable,17,0,18, morning, day. She eats three for breakfast every, and bakes muffins for her friends,0.0000,0
flexible,6456,21,+0.0291,0.0161,stable,18,0,19, and,. She eats three for breakfast every morning, bakes muffins for her friends every,0.0000,0
flexible,6456,21,+0.0291,0.0161,stable,19,0,20, b, She eats three for breakfast every morning and,akes muffins for her friends every day,0.0000,0
flexible,7,22,+0.0273,0.0161,stable,0,0,1,et,Jan,’s ducks lay 16 eggs per,0.0000,0
flexible,7,22,+0.0273,0.0161,stable,1,0,2,’s,Janet, ducks lay 16 eggs per day,0.0000,0
flexible,7,22,+0.0273,0.0161,stable,2,0,3, ducks,Janet’s, lay 16 eggs per day.,0.0000,0
flexible,7,22,+0.0273,0.0161,stable,3,0,4, lay,Janet’s ducks, 16 eggs per day. She,0.0000,0
flexible,7,22,+0.0273,0.0161,stable,4,0,5, ,Janet’s ducks lay,16 eggs per day. She eats,0.0000,0
flexible,7,22,+0.0273,0.0161,stable,5,0,6,1,Janet’s ducks lay ,6 eggs per day. She eats three,0.0000,1
flexible,7,22,+0.0273,0.0161,stable,6,0,7,6,Janet’s ducks lay 1, eggs per day. She eats three for,0.0000,1
flexible,7,22,+0.0273,0.0161,stable,7,0,8, eggs,Janet’s ducks lay 16, per day. She eats three for breakfast,0.0000,0
flexible,7,22,+0.0273,0.0161,stable,8,0,9, per,et’s ducks lay 16 eggs, day. She eats three for breakfast every,0.0000,0
flexible,7,22,+0.0273,0.0161,stable,9,0,10, day,’s ducks lay 16 eggs per,. She eats three for breakfast every morning,0.0000,0
flexible,7,22,+0.0273,0.0161,stable,10,0,11,., ducks lay 16 eggs per day, She eats three for breakfast every morning and,0.0000,1
flexible,7,22,+0.0273,0.0161,stable,11,0,12, She, lay 16 eggs per day., eats three for breakfast every morning and b,0.0000,0
flexible,7,22,+0.0273,0.0161,stable,12,0,13, eats, 16 eggs per day. She, three for breakfast every morning and bakes,0.0000,0
flexible,7,22,+0.0273,0.0161,stable,13,0,14, three,16 eggs per day. She eats, for breakfast every morning and bakes muff,0.0000,0
flexible,7,22,+0.0273,0.0161,stable,14,0,15, for,6 eggs per day. She eats three, breakfast every morning and bakes muffins,0.0000,0
flexible,7,22,+0.0273,0.0161,stable,15,0,16, breakfast, eggs per day. She eats three for, every morning and bakes muffins for,0.0000,0
flexible,7,22,+0.0273,0.0161,stable,16,0,17, every, per day. She eats three for breakfast, morning and bakes muffins for her,0.0000,0
flexible,7,22,+0.0273,0.0161,stable,17,0,18, morning, day. She eats three for breakfast every, and bakes muffins for her friends,0.0000,0
flexible,7,22,+0.0273,0.0161,stable,18,0,19, and,. She eats three for breakfast every morning, bakes muffins for her friends every,0.0000,0
flexible,7,22,+0.0273,0.0161,stable,19,0,20, b, She eats three for breakfast every morning and,akes muffins for her friends every day,0.0000,0
flexible,133,23,+0.0262,0.0161,stable,0,0,1,et,Jan,’s ducks lay 16 eggs per,0.0000,0
flexible,133,23,+0.0262,0.0161,stable,1,0,2,’s,Janet, ducks lay 16 eggs per day,0.0000,0
flexible,133,23,+0.0262,0.0161,stable,2,0,3, ducks,Janet’s, lay 16 eggs per day.,0.0000,0
flexible,133,23,+0.0262,0.0161,stable,3,0,4, lay,Janet’s ducks, 16 eggs per day. She,0.0000,0
flexible,133,23,+0.0262,0.0161,stable,4,0,5, ,Janet’s ducks lay,16 eggs per day. She eats,0.0000,0
flexible,133,23,+0.0262,0.0161,stable,5,0,6,1,Janet’s ducks lay ,6 eggs per day. She eats three,0.0000,1
flexible,133,23,+0.0262,0.0161,stable,6,0,7,6,Janet’s ducks lay 1, eggs per day. She eats three for,0.0000,1
flexible,133,23,+0.0262,0.0161,stable,7,0,8, eggs,Janet’s ducks lay 16, per day. She eats three for breakfast,0.0000,0
flexible,133,23,+0.0262,0.0161,stable,8,0,9, per,et’s ducks lay 16 eggs, day. She eats three for breakfast every,0.0000,0
flexible,133,23,+0.0262,0.0161,stable,9,0,10, day,’s ducks lay 16 eggs per,. She eats three for breakfast every morning,0.0000,0
flexible,133,23,+0.0262,0.0161,stable,10,0,11,., ducks lay 16 eggs per day, She eats three for breakfast every morning and,0.0000,1
flexible,133,23,+0.0262,0.0161,stable,11,0,12, She, lay 16 eggs per day., eats three for breakfast every morning and b,0.0000,0
flexible,133,23,+0.0262,0.0161,stable,12,0,13, eats, 16 eggs per day. She, three for breakfast every morning and bakes,0.0000,0
flexible,133,23,+0.0262,0.0161,stable,13,0,14, three,16 eggs per day. She eats, for breakfast every morning and bakes muff,0.0000,0
flexible,133,23,+0.0262,0.0161,stable,14,0,15, for,6 eggs per day. She eats three, breakfast every morning and bakes muffins,0.0000,0
flexible,133,23,+0.0262,0.0161,stable,15,0,16, breakfast, eggs per day. She eats three for, every morning and bakes muffins for,0.0000,0
flexible,133,23,+0.0262,0.0161,stable,16,0,17, every, per day. She eats three for breakfast, morning and bakes muffins for her,0.0000,0
flexible,133,23,+0.0262,0.0161,stable,17,0,18, morning, day. She eats three for breakfast every, and bakes muffins for her friends,0.0000,0
flexible,133,23,+0.0262,0.0161,stable,18,0,19, and,. She eats three for breakfast every morning, bakes muffins for her friends every,0.0000,0
flexible,133,23,+0.0262,0.0161,stable,19,0,20, b, She eats three for breakfast every morning and,akes muffins for her friends every day,0.0000,0
flexible,4243,24,+0.0258,0.0161,stable,0,0,1,et,Jan,’s ducks lay 16 eggs per,0.0000,0
flexible,4243,24,+0.0258,0.0161,stable,1,0,2,’s,Janet, ducks lay 16 eggs per day,0.0000,0
flexible,4243,24,+0.0258,0.0161,stable,2,0,3, ducks,Janet’s, lay 16 eggs per day.,0.0000,0
flexible,4243,24,+0.0258,0.0161,stable,3,0,4, lay,Janet’s ducks, 16 eggs per day. She,0.0000,0
flexible,4243,24,+0.0258,0.0161,stable,4,0,5, ,Janet’s ducks lay,16 eggs per day. She eats,0.0000,0
flexible,4243,24,+0.0258,0.0161,stable,5,0,6,1,Janet’s ducks lay ,6 eggs per day. She eats three,0.0000,1
flexible,4243,24,+0.0258,0.0161,stable,6,0,7,6,Janet’s ducks lay 1, eggs per day. She eats three for,0.0000,1
flexible,4243,24,+0.0258,0.0161,stable,7,0,8, eggs,Janet’s ducks lay 16, per day. She eats three for breakfast,0.0000,0
flexible,4243,24,+0.0258,0.0161,stable,8,0,9, per,et’s ducks lay 16 eggs, day. She eats three for breakfast every,0.0000,0
flexible,4243,24,+0.0258,0.0161,stable,9,0,10, day,’s ducks lay 16 eggs per,. She eats three for breakfast every morning,0.0000,0
flexible,4243,24,+0.0258,0.0161,stable,10,0,11,., ducks lay 16 eggs per day, She eats three for breakfast every morning and,0.0000,1
flexible,4243,24,+0.0258,0.0161,stable,11,0,12, She, lay 16 eggs per day., eats three for breakfast every morning and b,0.0000,0
flexible,4243,24,+0.0258,0.0161,stable,12,0,13, eats, 16 eggs per day. She, three for breakfast every morning and bakes,0.0000,0
flexible,4243,24,+0.0258,0.0161,stable,13,0,14, three,16 eggs per day. She eats, for breakfast every morning and bakes muff,0.0000,0
flexible,4243,24,+0.0258,0.0161,stable,14,0,15, for,6 eggs per day. She eats three, breakfast every morning and bakes muffins,0.0000,0
flexible,4243,24,+0.0258,0.0161,stable,15,0,16, breakfast, eggs per day. She eats three for, every morning and bakes muffins for,0.0000,0
flexible,4243,24,+0.0258,0.0161,stable,16,0,17, every, per day. She eats three for breakfast, morning and bakes muffins for her,0.0000,0
flexible,4243,24,+0.0258,0.0161,stable,17,0,18, morning, day. She eats three for breakfast every, and bakes muffins for her friends,0.0000,0
flexible,4243,24,+0.0258,0.0161,stable,18,0,19, and,. She eats three for breakfast every morning, bakes muffins for her friends every,0.0000,0
flexible,4243,24,+0.0258,0.0161,stable,19,0,20, b, She eats three for breakfast every morning and,akes muffins for her friends every day,0.0000,0
flexible,5164,25,+0.0248,0.0051,redirected,0,48,53, is,"4 feet long, since 1 foot"," equal to 12 inches, the",11.2266,0
flexible,5164,25,+0.0248,0.0051,redirected,1,48,52, foot," 4 feet long, since 1"," is equal to 12 inches,",10.7031,0
flexible,5164,25,+0.0248,0.0051,redirected,2,48,54, equal," feet long, since 1 foot is"," to 12 inches, the total",4.8125,0
flexible,5164,25,+0.0248,0.0051,redirected,3,48,55, to," long, since 1 foot is equal"," 12 inches, the total length",4.6172,0
flexible,5164,25,+0.0248,0.0051,redirected,4,63,70, year, by the end of the year. A," has twelve months, so a half of",4.5273,0
flexible,5164,25,+0.0248,0.0051,redirected,5,18,100, in," eggs
There are 12 eggs", 1 dozen and she'll eat ,4.4141,0
flexible,5164,25,+0.0248,0.0051,redirected,6,18,99, eggs,"4 eggs
There are 12", in 1 dozen and she'll eat,4.1836,0
flexible,5164,25,+0.0248,0.0051,redirected,7,5,69,0, glass is 60/10, * 5 = $<<60,4.1172,1
flexible,5164,25,+0.0248,0.0051,redirected,8,73,56,0,50 x 2/10, = $<<150*2,3.9805,1
flexible,5164,25,+0.0248,0.0051,redirected,9,87,102, months,600/month * 12,/year = $7200 in,3.9473,0
flexible,5164,25,+0.0248,0.0051,redirected,10,63,155,0, company charged her 10/1,0*140 = $<<,3.8828,1
flexible,5164,25,+0.0248,0.0051,redirected,11,56,90,4, times because 42 / 1, = <<42/14=,3.8477,1
flexible,5164,25,+0.0248,0.0051,redirected,12,93,157, seconds,".
10% of 40", is 40*0.1,3.8184,0
flexible,5164,25,+0.0248,0.0051,redirected,13,14,130,0,6 x 25/10, = <<16*25/,3.7168,1
flexible,5164,25,+0.0248,0.0051,redirected,14,43,155,0, eat 200/25, of a serving = 4/5,3.7148,1
flexible,5164,25,+0.0248,0.0051,redirected,15,72,62,ie,3 brownies x $3/brown, = $<<43*3=,3.6621,0
flexible,5164,25,+0.0248,0.0051,redirected,16,87,127,0, increase by 10/10, * $7200/year =,3.5820,1
flexible,5164,25,+0.0248,0.0051,redirected,17,14,188,0,".
This is 12/2", x 100% = ,3.5625,1
flexible,5164,25,+0.0248,0.0051,redirected,18,19,100, mph,: 12 miles / 4, = <<12/4=3,3.5273,0
flexible,5164,25,+0.0248,0.0051,redirected,19,63,80, year," twelve months, so a half of the", is 12/2 = <<,3.5254,0
flexible,3788,26,+0.0224,0.0161,stable,0,0,1,et,Jan,’s ducks lay 16 eggs per,0.0000,0
flexible,3788,26,+0.0224,0.0161,stable,1,0,2,’s,Janet, ducks lay 16 eggs per day,0.0000,0
flexible,3788,26,+0.0224,0.0161,stable,2,0,3, ducks,Janet’s, lay 16 eggs per day.,0.0000,0
flexible,3788,26,+0.0224,0.0161,stable,3,0,4, lay,Janet’s ducks, 16 eggs per day. She,0.0000,0
flexible,3788,26,+0.0224,0.0161,stable,4,0,5, ,Janet’s ducks lay,16 eggs per day. She eats,0.0000,0
flexible,3788,26,+0.0224,0.0161,stable,5,0,6,1,Janet’s ducks lay ,6 eggs per day. She eats three,0.0000,1
flexible,3788,26,+0.0224,0.0161,stable,6,0,7,6,Janet’s ducks lay 1, eggs per day. She eats three for,0.0000,1
flexible,3788,26,+0.0224,0.0161,stable,7,0,8, eggs,Janet’s ducks lay 16, per day. She eats three for breakfast,0.0000,0
flexible,3788,26,+0.0224,0.0161,stable,8,0,9, per,et’s ducks lay 16 eggs, day. She eats three for breakfast every,0.0000,0
flexible,3788,26,+0.0224,0.0161,stable,9,0,10, day,’s ducks lay 16 eggs per,. She eats three for breakfast every morning,0.0000,0
flexible,3788,26,+0.0224,0.0161,stable,10,0,11,., ducks lay 16 eggs per day, She eats three for breakfast every morning and,0.0000,1
flexible,3788,26,+0.0224,0.0161,stable,11,0,12, She, lay 16 eggs per day., eats three for breakfast every morning and b,0.0000,0
flexible,3788,26,+0.0224,0.0161,stable,12,0,13, eats, 16 eggs per day. She, three for breakfast every morning and bakes,0.0000,0
flexible,3788,26,+0.0224,0.0161,stable,13,0,14, three,16 eggs per day. She eats, for breakfast every morning and bakes muff,0.0000,0
flexible,3788,26,+0.0224,0.0161,stable,14,0,15, for,6 eggs per day. She eats three, breakfast every morning and bakes muffins,0.0000,0
flexible,3788,26,+0.0224,0.0161,stable,15,0,16, breakfast, eggs per day. She eats three for, every morning and bakes muffins for,0.0000,0
flexible,3788,26,+0.0224,0.0161,stable,16,0,17, every, per day. She eats three for breakfast, morning and bakes muffins for her,0.0000,0
flexible,3788,26,+0.0224,0.0161,stable,17,0,18, morning, day. She eats three for breakfast every, and bakes muffins for her friends,0.0000,0
flexible,3788,26,+0.0224,0.0161,stable,18,0,19, and,. She eats three for breakfast every morning, bakes muffins for her friends every,0.0000,0
flexible,3788,26,+0.0224,0.0161,stable,19,0,20, b, She eats three for breakfast every morning and,akes muffins for her friends every day,0.0000,0
flexible,3394,27,+0.0205,0.0057,rotated,0,43,194,g, hence each serving has 300,/5 = <<300/,4.8086,0
flexible,3394,27,+0.0205,0.0057,rotated,1,88,95,h," the first, we get 10"," + h = 88,0",4.7734,0
flexible,3394,27,+0.0205,0.0057,rotated,2,33,47, x," Gretchen has
Gretchen has","+30 gold coins.
x+x",4.3203,0
flexible,3394,27,+0.0205,0.0057,rotated,3,88,73, m," 80,000 and"," = 10h.
Substit",4.1836,0
flexible,3394,27,+0.0205,0.0057,rotated,4,24,53, X, of the book. The discounted price is, - X*25% = $,4.0273,0
flexible,3394,27,+0.0205,0.0057,rotated,5,13,181, x," by 2/3, which produces"," = 18
#### 1",3.9414,0
flexible,3394,27,+0.0205,0.0057,rotated,6,33,65,*x,"30=110
2","=80
x=<<4",3.9023,1
flexible,3394,27,+0.0205,0.0057,rotated,7,33,54,x," has x+30 gold coins.
",+x+30=110,3.8652,0
flexible,3394,27,+0.0205,0.0057,rotated,8,43,233,g, then I can eat only 60, * 4/5 = 2,3.8301,0
flexible,3394,27,+0.0205,0.0057,rotated,9,88,61, m, number Harald sold. We know that," + h = 80,0",3.7578,0
flexible,3394,27,+0.0205,0.0057,rotated,10,43,89,0, calories then I have 200,-1800 = <<2,3.6914,1
flexible,3394,27,+0.0205,0.0057,rotated,11,88,50, h, be the number of copies Marilyn sold and, be the number Harald sold. We,3.6582,0
flexible,3394,27,+0.0205,0.0057,rotated,12,88,41, m, many copies did Harald sell? Let, be the number of copies Marilyn sold and,3.6445,0
flexible,3394,27,+0.0205,0.0057,rotated,13,46,97, x, package that she purchased? Let's let, be the number of post-it notes in,3.6172,0
flexible,3394,27,+0.0205,0.0057,rotated,14,17,72,/h, makes per week teaching: $20,our * 35 hours/week,3.5898,1
flexible,3394,27,+0.0205,0.0057,rotated,15,24,78,X," like terms, we get .75"," = $19.50
",3.5801,0
flexible,3394,27,+0.0205,0.0057,rotated,16,33,70,x,"0
2*x=80
",=<<40=40>>,3.5293,0
flexible,3394,27,+0.0205,0.0057,rotated,17,46,184, x," side of the equation, we see that",=220+23-,3.5137,0
flexible,3394,27,+0.0205,0.0057,rotated,18,84,74,L,"22 games.
So, 2", = 22 - 8 =,3.4746,0
flexible,3394,27,+0.0205,0.0057,rotated,19,80,43, x, Each of the girls got 24, 1/6 = <<24,3.4434,0
flexible,4042,28,+0.0197,0.0161,reweighted,0,0,1,et,Jan,’s ducks lay 16 eggs per,0.0000,0
flexible,4042,28,+0.0197,0.0161,reweighted,1,0,2,’s,Janet, ducks lay 16 eggs per day,0.0000,0
flexible,4042,28,+0.0197,0.0161,reweighted,2,0,3, ducks,Janet’s, lay 16 eggs per day.,0.0000,0
flexible,4042,28,+0.0197,0.0161,reweighted,3,0,4, lay,Janet’s ducks, 16 eggs per day. She,0.0000,0
flexible,4042,28,+0.0197,0.0161,reweighted,4,0,5, ,Janet’s ducks lay,16 eggs per day. She eats,0.0000,0
flexible,4042,28,+0.0197,0.0161,reweighted,5,0,6,1,Janet’s ducks lay ,6 eggs per day. She eats three,0.0000,1
flexible,4042,28,+0.0197,0.0161,reweighted,6,0,7,6,Janet’s ducks lay 1, eggs per day. She eats three for,0.0000,1
flexible,4042,28,+0.0197,0.0161,reweighted,7,0,8, eggs,Janet’s ducks lay 16, per day. She eats three for breakfast,0.0000,0
flexible,4042,28,+0.0197,0.0161,reweighted,8,0,9, per,et’s ducks lay 16 eggs, day. She eats three for breakfast every,0.0000,0
flexible,4042,28,+0.0197,0.0161,reweighted,9,0,10, day,’s ducks lay 16 eggs per,. She eats three for breakfast every morning,0.0000,0
flexible,4042,28,+0.0197,0.0161,reweighted,10,0,11,., ducks lay 16 eggs per day, She eats three for breakfast every morning and,0.0000,1
flexible,4042,28,+0.0197,0.0161,reweighted,11,0,12, She, lay 16 eggs per day., eats three for breakfast every morning and b,0.0000,0
flexible,4042,28,+0.0197,0.0161,reweighted,12,0,13, eats, 16 eggs per day. She, three for breakfast every morning and bakes,0.0000,0
flexible,4042,28,+0.0197,0.0161,reweighted,13,0,14, three,16 eggs per day. She eats, for breakfast every morning and bakes muff,0.0000,0
flexible,4042,28,+0.0197,0.0161,reweighted,14,0,15, for,6 eggs per day. She eats three, breakfast every morning and bakes muffins,0.0000,0
flexible,4042,28,+0.0197,0.0161,reweighted,15,0,16, breakfast, eggs per day. She eats three for, every morning and bakes muffins for,0.0000,0
flexible,4042,28,+0.0197,0.0161,reweighted,16,0,17, every, per day. She eats three for breakfast, morning and bakes muffins for her,0.0000,0
flexible,4042,28,+0.0197,0.0161,reweighted,17,0,18, morning, day. She eats three for breakfast every, and bakes muffins for her friends,0.0000,0
flexible,4042,28,+0.0197,0.0161,reweighted,18,0,19, and,. She eats three for breakfast every morning, bakes muffins for her friends every,0.0000,0
flexible,4042,28,+0.0197,0.0161,reweighted,19,0,20, b, She eats three for breakfast every morning and,akes muffins for her friends every day,0.0000,0
flexible,5569,29,+0.0187,0.0180,redirected,0,12,66,?, he starts earning money on the lemon tree, He makes $10.5 selling,5.0586,0
flexible,5569,29,+0.0187,0.0180,redirected,1,86,87,?, many times did the alarm ring in all, The second time Greg’s alarm went off,4.8477,0
flexible,5569,29,+0.0187,0.0180,redirected,2,64,92,?, Sophia drive on a single tank of gas, To find miles per gallon divide 1,4.8359,0
flexible,5569,29,+0.0187,0.0180,redirected,3,99,81,?, many potted plants will Mary remain with," Yesterday, before receiving the plants, Mary",4.4414,0
flexible,5569,29,+0.0187,0.0180,redirected,4,81,58,?,. How many stickers does Charlie have left, The total number of stickers is 1,4.3594,0
flexible,5569,29,+0.0187,0.0180,redirected,5,23,39,?, PM to 5:00 PM, The candle burns for 5 - ,4.0742,0
flexible,5569,29,+0.0187,0.0180,redirected,6,85,82,?, many quilt blocks does he have in total, Gene has been on 34 -,4.0039,0
flexible,5569,29,+0.0187,0.0180,redirected,7,8,103,?, at the end of those 4 hours, When he turned around he was 3,3.7480,0
flexible,5569,29,+0.0187,0.0180,redirected,8,13,161,., the number of vacuum cleaners Melanie started with, We can find x by dividing each side,3.7090,1
flexible,5569,29,+0.0187,0.0180,redirected,9,78,159,".
",<<9*1=9>>9,Vincent would save $15 -,3.6953,1
flexible,5569,29,+0.0187,0.0180,redirected,10,74,221,".
", the 2 is less than 5,Artie sells 12 marig,3.6914,1
flexible,5569,29,+0.0187,0.0180,redirected,11,46,167,"
",+x=220+23,Subtracting 80 from each,3.6152,0
flexible,5569,29,+0.0187,0.0180,redirected,12,53,99,?, mechanic earn on the day with higher revenue, On Thursday the mechanic charged a total of,3.6035,0
flexible,5569,29,+0.0187,0.0180,redirected,13,45,250,".
",104 hours on all the articles,#### 104,3.5723,1
flexible,5569,29,+0.0187,0.0180,redirected,14,15,93,?," choice, how much profit would this be"," If he purchases jewelry, he will make",3.5586,0
flexible,5569,29,+0.0187,0.0180,redirected,15,56,44,?, many times can he go to the movies, It costs him $14 to go,3.5156,0
flexible,5569,29,+0.0187,0.0180,redirected,16,2,259,"
","0>>70,000",#### 70000,3.5137,0
flexible,5569,29,+0.0187,0.0180,redirected,17,7,155,"
",2=40>>40 minutes,Then find the time to download the whole,3.5098,0
flexible,5569,29,+0.0187,0.0180,redirected,18,10,206,".
",126 downloads in the third month,"In the three months, the total number",3.5020,1
flexible,5569,29,+0.0187,0.0180,redirected,19,24,86,"
",X = $19.50,Dividing both sides by .75,3.4980,0
flexible,4951,30,+0.0184,0.0161,stable,0,0,1,et,Jan,’s ducks lay 16 eggs per,0.0000,0
flexible,4951,30,+0.0184,0.0161,stable,1,0,2,’s,Janet, ducks lay 16 eggs per day,0.0000,0
flexible,4951,30,+0.0184,0.0161,stable,2,0,3, ducks,Janet’s, lay 16 eggs per day.,0.0000,0
flexible,4951,30,+0.0184,0.0161,stable,3,0,4, lay,Janet’s ducks, 16 eggs per day. She,0.0000,0
flexible,4951,30,+0.0184,0.0161,stable,4,0,5, ,Janet’s ducks lay,16 eggs per day. She eats,0.0000,0
flexible,4951,30,+0.0184,0.0161,stable,5,0,6,1,Janet’s ducks lay ,6 eggs per day. She eats three,0.0000,1
flexible,4951,30,+0.0184,0.0161,stable,6,0,7,6,Janet’s ducks lay 1, eggs per day. She eats three for,0.0000,1
flexible,4951,30,+0.0184,0.0161,stable,7,0,8, eggs,Janet’s ducks lay 16, per day. She eats three for breakfast,0.0000,0
flexible,4951,30,+0.0184,0.0161,stable,8,0,9, per,et’s ducks lay 16 eggs, day. She eats three for breakfast every,0.0000,0
flexible,4951,30,+0.0184,0.0161,stable,9,0,10, day,’s ducks lay 16 eggs per,. She eats three for breakfast every morning,0.0000,0
flexible,4951,30,+0.0184,0.0161,stable,10,0,11,., ducks lay 16 eggs per day, She eats three for breakfast every morning and,0.0000,1
flexible,4951,30,+0.0184,0.0161,stable,11,0,12, She, lay 16 eggs per day., eats three for breakfast every morning and b,0.0000,0
flexible,4951,30,+0.0184,0.0161,stable,12,0,13, eats, 16 eggs per day. She, three for breakfast every morning and bakes,0.0000,0
flexible,4951,30,+0.0184,0.0161,stable,13,0,14, three,16 eggs per day. She eats, for breakfast every morning and bakes muff,0.0000,0
flexible,4951,30,+0.0184,0.0161,stable,14,0,15, for,6 eggs per day. She eats three, breakfast every morning and bakes muffins,0.0000,0
flexible,4951,30,+0.0184,0.0161,stable,15,0,16, breakfast, eggs per day. She eats three for, every morning and bakes muffins for,0.0000,0
flexible,4951,30,+0.0184,0.0161,stable,16,0,17, every, per day. She eats three for breakfast, morning and bakes muffins for her,0.0000,0
flexible,4951,30,+0.0184,0.0161,stable,17,0,18, morning, day. She eats three for breakfast every, and bakes muffins for her friends,0.0000,0
flexible,4951,30,+0.0184,0.0161,stable,18,0,19, and,. She eats three for breakfast every morning, bakes muffins for her friends every,0.0000,0
flexible,4951,30,+0.0184,0.0161,stable,19,0,20, b, She eats three for breakfast every morning and,akes muffins for her friends every day,0.0000,0
flexible,6673,31,+0.0181,0.0161,stable,0,0,1,et,Jan,’s ducks lay 16 eggs per,0.0000,0
flexible,6673,31,+0.0181,0.0161,stable,1,0,2,’s,Janet, ducks lay 16 eggs per day,0.0000,0
flexible,6673,31,+0.0181,0.0161,stable,2,0,3, ducks,Janet’s, lay 16 eggs per day.,0.0000,0
flexible,6673,31,+0.0181,0.0161,stable,3,0,4, lay,Janet’s ducks, 16 eggs per day. She,0.0000,0
flexible,6673,31,+0.0181,0.0161,stable,4,0,5, ,Janet’s ducks lay,16 eggs per day. She eats,0.0000,0
flexible,6673,31,+0.0181,0.0161,stable,5,0,6,1,Janet’s ducks lay ,6 eggs per day. She eats three,0.0000,1
flexible,6673,31,+0.0181,0.0161,stable,6,0,7,6,Janet’s ducks lay 1, eggs per day. She eats three for,0.0000,1
flexible,6673,31,+0.0181,0.0161,stable,7,0,8, eggs,Janet’s ducks lay 16, per day. She eats three for breakfast,0.0000,0
flexible,6673,31,+0.0181,0.0161,stable,8,0,9, per,et’s ducks lay 16 eggs, day. She eats three for breakfast every,0.0000,0
flexible,6673,31,+0.0181,0.0161,stable,9,0,10, day,’s ducks lay 16 eggs per,. She eats three for breakfast every morning,0.0000,0
flexible,6673,31,+0.0181,0.0161,stable,10,0,11,., ducks lay 16 eggs per day, She eats three for breakfast every morning and,0.0000,1
flexible,6673,31,+0.0181,0.0161,stable,11,0,12, She, lay 16 eggs per day., eats three for breakfast every morning and b,0.0000,0
flexible,6673,31,+0.0181,0.0161,stable,12,0,13, eats, 16 eggs per day. She, three for breakfast every morning and bakes,0.0000,0
flexible,6673,31,+0.0181,0.0161,stable,13,0,14, three,16 eggs per day. She eats, for breakfast every morning and bakes muff,0.0000,0
flexible,6673,31,+0.0181,0.0161,stable,14,0,15, for,6 eggs per day. She eats three, breakfast every morning and bakes muffins,0.0000,0
flexible,6673,31,+0.0181,0.0161,stable,15,0,16, breakfast, eggs per day. She eats three for, every morning and bakes muffins for,0.0000,0
flexible,6673,31,+0.0181,0.0161,stable,16,0,17, every, per day. She eats three for breakfast, morning and bakes muffins for her,0.0000,0
flexible,6673,31,+0.0181,0.0161,stable,17,0,18, morning, day. She eats three for breakfast every, and bakes muffins for her friends,0.0000,0
flexible,6673,31,+0.0181,0.0161,stable,18,0,19, and,. She eats three for breakfast every morning, bakes muffins for her friends every,0.0000,0
flexible,6673,31,+0.0181,0.0161,stable,19,0,20, b, She eats three for breakfast every morning and,akes muffins for her friends every day,0.0000,0
flexible,288,32,+0.0180,0.0284,stable,0,20,152,=,3 = <<9*2/3,"6>>6 liters are water.
Thus",7.9062,1
flexible,288,32,+0.0180,0.0284,stable,1,96,49,=,3 = <<9*2/3,"6>>6 hours.
So, Harry",7.5000,1
flexible,288,32,+0.0180,0.0284,stable,2,60,70,=,0/100)*25,"5>>5 oranges
The total number",7.3984,1
flexible,288,32,+0.0180,0.0284,stable,3,17,82, $, * 35 hours/week =,<<20*35=7,7.1523,0
flexible,288,32,+0.0180,0.0284,stable,4,45,115, , 2/5* 5 =,"2 more articles.
The total number of",7.1016,0
flexible,288,32,+0.0180,0.0284,stable,5,29,82, $, costs 33 * 2 =,<<33*2=66,7.0742,0
flexible,288,32,+0.0180,0.0284,stable,6,95,62,=, <<200*2/5,80>>80 boys in Grade,7.0039,1
flexible,288,32,+0.0180,0.0284,stable,7,39,171,)=,3)=<<6*(2/3,"4>>4 hours.
If one-third",6.9609,1
flexible,288,32,+0.0180,0.0284,stable,8,17,89,=, = $<<20*35,700>>700/,6.9258,1
flexible,288,32,+0.0180,0.0284,stable,9,58,114, $,'s 40*.25 =,"10.00
There is",6.7930,0
flexible,288,32,+0.0180,0.0284,stable,10,78,91, $,6 × $2.50 =,<<6*2.5=1,6.7500,0
flexible,288,32,+0.0180,0.0284,stable,11,45,237,=,26 = <<4*26,104>>104 hours,6.7461,1
flexible,288,32,+0.0180,0.0284,stable,12,72,100,=,4 = $<<23*4,92>>92 by selling chees,6.6875,1
flexible,288,32,+0.0180,0.0284,stable,13,15,127, $,.5/100) =,<<5000*(2.,6.3555,0
flexible,288,32,+0.0180,0.0284,stable,14,44,213,=,0 = $<<2*20,40.00>>40,6.3555,1
flexible,288,32,+0.0180,0.0284,stable,15,0,101, $,She makes 9 * 2 =,<<9*2=18>>,6.2891,0
flexible,288,32,+0.0180,0.0284,stable,16,29,88,=,2 = $<<33*2,"66>>66.
The heels",6.2422,1
flexible,288,32,+0.0180,0.0284,stable,17,25,28, $,"3 each, 4 apples that cost","1.50 each, and some",6.1797,0
flexible,288,32,+0.0180,0.0284,stable,18,78,11, $, buy flowers in packages of 3 for,2.50 or in packages of,6.1758,0
flexible,288,32,+0.0180,0.0284,stable,19,39,231,=,2*6=<<2*6,"12>>12 miles.
She",6.1328,1
flexible,7079,33,+0.0172,0.0193,stable,0,58,17,., His final bill came to $40,00.  Because this was through,9.7969,1
flexible,7079,33,+0.0172,0.0193,stable,1,58,20,., came to $40.00,  Because this was through a delivery vendor,8.9766,1
flexible,7079,33,+0.0172,0.0193,stable,2,44,26,., he can make 10 tapered candles,  One pound of beeswax and,8.0312,1
flexible,7079,33,+0.0172,0.0193,stable,3,58,55,., $3.00 in delivery fees,  Stephen also added a $4.,7.9219,1
flexible,7079,33,+0.0172,0.0193,stable,4,58,67,., added a $4.00 tip,"  After the extra fees, what was",7.7734,1
flexible,7079,33,+0.0172,0.0193,stable,5,4,42,., the chickens their feed in three separate meals," In the morning, she gives her flock",7.5156,1
flexible,7079,33,+0.0172,0.0193,stable,6,47,24,., 50% more than blue ties,  He spent $200 on,7.1484,1
flexible,7079,33,+0.0172,0.0193,stable,7,41,96,., farther than when not holding the gemstone," If holding the gemstone, how far",7.1250,1
flexible,7079,33,+0.0172,0.0193,stable,8,44,42,., and the wicks cost $10,00 in supplies.   If he,7.0820,1
flexible,7079,33,+0.0172,0.0193,stable,9,35,24,.,"0 minutes, he scores 4 points",  In the second 20 minutes,6.9102,1
flexible,7079,33,+0.0172,0.0193,stable,10,36,26,., 4 yogurts for $5,00.  How much does he,6.6328,1
flexible,7079,33,+0.0172,0.0193,stable,11,35,42,., he scores 25% more points,  How many total points did he score,6.3398,1
flexible,7079,33,+0.0172,0.0193,stable,12,2,48,%., of the house by 150,  How much profit did he make?,6.3281,1
flexible,7079,33,+0.0172,0.0193,stable,13,44,47,., $10.00 in supplies,   If he sells each candle for $,6.1992,1
flexible,7079,33,+0.0172,0.0193,stable,14,3,23,., He runs 60 meters each sprint,  How many total meters does he run,6.0117,1
flexible,7079,33,+0.0172,0.0193,stable,15,36,29,.,urts for $5.00,  How much does he spend on yogurt,5.8984,1
flexible,7079,33,+0.0172,0.0193,stable,16,27,36,., carton at a cost of $4,00 per carton.  After,5.8594,1
flexible,7079,33,+0.0172,0.0193,stable,17,32,26,., to walk and take care of their business,  How many hours a week does he,5.8281,1
flexible,7079,33,+0.0172,0.0193,stable,18,42,71,., were 14 pieces of pie remaining,  How many pieces were taken by the,5.7969,1
flexible,7079,33,+0.0172,0.0193,stable,19,79,21,.,"er, which costs $100",  The groomer offers him a ,5.7188,1
flexible,6216,34,+0.0169,0.0161,stable,0,0,1,et,Jan,’s ducks lay 16 eggs per,0.0000,0
flexible,6216,34,+0.0169,0.0161,stable,1,0,2,’s,Janet, ducks lay 16 eggs per day,0.0000,0
flexible,6216,34,+0.0169,0.0161,stable,2,0,3, ducks,Janet’s, lay 16 eggs per day.,0.0000,0
flexible,6216,34,+0.0169,0.0161,stable,3,0,4, lay,Janet’s ducks, 16 eggs per day. She,0.0000,0
flexible,6216,34,+0.0169,0.0161,stable,4,0,5, ,Janet’s ducks lay,16 eggs per day. She eats,0.0000,0
flexible,6216,34,+0.0169,0.0161,stable,5,0,6,1,Janet’s ducks lay ,6 eggs per day. She eats three,0.0000,1
flexible,6216,34,+0.0169,0.0161,stable,6,0,7,6,Janet’s ducks lay 1, eggs per day. She eats three for,0.0000,1
flexible,6216,34,+0.0169,0.0161,stable,7,0,8, eggs,Janet’s ducks lay 16, per day. She eats three for breakfast,0.0000,0
flexible,6216,34,+0.0169,0.0161,stable,8,0,9, per,et’s ducks lay 16 eggs, day. She eats three for breakfast every,0.0000,0
flexible,6216,34,+0.0169,0.0161,stable,9,0,10, day,’s ducks lay 16 eggs per,. She eats three for breakfast every morning,0.0000,0
flexible,6216,34,+0.0169,0.0161,stable,10,0,11,., ducks lay 16 eggs per day, She eats three for breakfast every morning and,0.0000,1
flexible,6216,34,+0.0169,0.0161,stable,11,0,12, She, lay 16 eggs per day., eats three for breakfast every morning and b,0.0000,0
flexible,6216,34,+0.0169,0.0161,stable,12,0,13, eats, 16 eggs per day. She, three for breakfast every morning and bakes,0.0000,0
flexible,6216,34,+0.0169,0.0161,stable,13,0,14, three,16 eggs per day. She eats, for breakfast every morning and bakes muff,0.0000,0
flexible,6216,34,+0.0169,0.0161,stable,14,0,15, for,6 eggs per day. She eats three, breakfast every morning and bakes muffins,0.0000,0
flexible,6216,34,+0.0169,0.0161,stable,15,0,16, breakfast, eggs per day. She eats three for, every morning and bakes muffins for,0.0000,0
flexible,6216,34,+0.0169,0.0161,stable,16,0,17, every, per day. She eats three for breakfast, morning and bakes muffins for her,0.0000,0
flexible,6216,34,+0.0169,0.0161,stable,17,0,18, morning, day. She eats three for breakfast every, and bakes muffins for her friends,0.0000,0
flexible,6216,34,+0.0169,0.0161,stable,18,0,19, and,. She eats three for breakfast every morning, bakes muffins for her friends every,0.0000,0
flexible,6216,34,+0.0169,0.0161,stable,19,0,20, b, She eats three for breakfast every morning and,akes muffins for her friends every day,0.0000,0
flexible,739,35,+0.0161,0.0325,stable,0,25,69, packs, costs $8.50? Five, of milk cost $3 x 5,8.9219,0
flexible,739,35,+0.0161,0.0325,stable,1,25,14, packs," that costs $12, 5"," of milk that costs $3 each,",8.9062,0
flexible,739,35,+0.0161,0.0325,stable,2,76,61, bag, the rest of its life. If one, of dog food contains 110,7.8320,0
flexible,739,35,+0.0161,0.0325,stable,3,78,139, packages,"9>>9.
The cost of using", of 2 is 9 × $,7.5859,0
flexible,739,35,+0.0161,0.0325,stable,4,25,37, boxes,"1.50 each, and some", of pizza. Marie paid a total of,7.5508,0
flexible,739,35,+0.0161,0.0325,stable,5,25,52, boxes, total of $50. How many, of pizza did Marie order if each box,7.4766,0
flexible,739,35,+0.0161,0.0325,stable,6,43,26, bag,. If a 300g," has 5 servings, how many grams",7.4258,0
flexible,739,35,+0.0161,0.0325,stable,7,43,7, bag,"According to its nutritional info, a", of chips has 250 calories,7.3398,0
flexible,739,35,+0.0161,0.0325,stable,8,25,208, boxes,/8.5=2>>2," of pizza.
#### 2",7.1914,0
flexible,739,35,+0.0161,0.0325,stable,9,78,108, packages,"5>>15.
Find how many", of 2 would be needed which is,7.1836,0
flexible,739,35,+0.0161,0.0325,stable,10,72,38, slices,43 brownies and 23," of cheesecake, how much money does",7.1484,0
flexible,739,35,+0.0161,0.0325,stable,11,72,89, slices,"ies.
Tommy raised 23", x $4 = $<<23,7.1406,0
flexible,739,35,+0.0161,0.0325,stable,12,29,47, pair, dollars less than the boots. If one, of heels costs $33 and the,7.1172,0
flexible,739,35,+0.0161,0.0325,stable,13,76,246, bags,"550 cups
The number of", of dog food used in the first year,7.1094,0
flexible,739,35,+0.0161,0.0325,stable,14,26,24, pair, and 3 pairs of shoes. One, of shorts costs $16.5,6.8672,0
flexible,739,35,+0.0161,0.0325,stable,15,29,31, pairs, has to choose between the boots and two, of high heels that together cost five dollars,6.8438,0
flexible,739,35,+0.0161,0.0325,stable,16,78,18, packages, for $2.50 or in, of 2 for $1. How,6.8203,0
flexible,739,35,+0.0161,0.0325,stable,17,43,178, bag, know that a 300g," of chips has 5 servings, hence",6.8164,0
flexible,739,35,+0.0161,0.0325,stable,18,1,41, bolt,<<2/2=1>>1," of white fiber
So the total amount",6.7969,0
flexible,739,35,+0.0161,0.0325,stable,19,27,95, containers,60/15 = 4," of ice cream
If each carton",6.7695,0
flexible,774,36,+0.0148,0.0022,rotated,0,80,45,1, the girls got 24 x ,/6 = <<24*1,4.6875,1
flexible,774,36,+0.0148,0.0022,rotated,1,31,78,/, because 20 + (80,2)= <<20+(80,4.6758,1
flexible,774,36,+0.0148,0.0022,rotated,2,86,154, ,", so it rang 12 /",2 = <<12/2=,4.2344,0
flexible,774,36,+0.0148,0.0022,rotated,3,34,50,/, of Raymond's jewels is 40,2 = <<40/2=,4.0508,1
flexible,774,36,+0.0148,0.0022,rotated,4,95,50,2, There are 200 x ,/5 = <<200*,4.0469,1
flexible,774,36,+0.0148,0.0022,rotated,5,38,73,/, half of those so he runs 6,2=<<6/2=3,4.0273,1
flexible,774,36,+0.0148,0.0022,rotated,6,63,85,/, half of the year is 12,2 = <<12/2=,4.0234,1
flexible,774,36,+0.0148,0.0022,rotated,7,90,96,/, 10 pounds is 10,2=<<10/2=,3.9824,1
flexible,774,36,+0.0148,0.0022,rotated,8,80,42,4,? Each of the girls got 2, x 1/6 = <<2,3.9258,1
flexible,774,36,+0.0148,0.0022,rotated,9,77,104,0," David, meaning David does 40",/4 = <<400/,3.7051,1
flexible,774,36,+0.0148,0.0022,rotated,10,16,186,/, 2 trains = <<460,2=230>>23,3.6895,1
flexible,774,36,+0.0148,0.0022,rotated,11,65,52,/,4 weeks? He reads for 2,2=<<2/2=1,3.5488,1
flexible,774,36,+0.0148,0.0022,rotated,12,97,74, , Freda started with 32 *,2 = <<32*2=,3.5469,0
flexible,774,36,+0.0148,0.0022,rotated,13,31,86,0,/2)= <<20+(8,/2)=60>>60,3.5430,1
flexible,774,36,+0.0148,0.0022,rotated,14,39,92,*,", then she can run at 3",2=<<3*2=6,3.5195,1
flexible,774,36,+0.0148,0.0022,rotated,15,31,187, ,80 because 240 /,3 = <<240/3,3.4941,0
flexible,774,36,+0.0148,0.0022,rotated,16,75,222,0, is 60 because 24, / 4 = <<240,3.4551,1
flexible,774,36,+0.0148,0.0022,rotated,17,31,77,0,0 because 20 + (8,/2)= <<20+(8,3.4023,1
flexible,774,36,+0.0148,0.0022,rotated,18,31,75, (, 60 because 20 +,80/2)= <<20,3.3848,0
flexible,774,36,+0.0148,0.0022,rotated,19,80,75, , girls got a total of 4 x,2 = <<4*2=8,3.3848,0
flexible,1983,37,+0.0145,0.0161,stable,0,0,1,et,Jan,’s ducks lay 16 eggs per,0.0000,0
flexible,1983,37,+0.0145,0.0161,stable,1,0,2,’s,Janet, ducks lay 16 eggs per day,0.0000,0
flexible,1983,37,+0.0145,0.0161,stable,2,0,3, ducks,Janet’s, lay 16 eggs per day.,0.0000,0
flexible,1983,37,+0.0145,0.0161,stable,3,0,4, lay,Janet’s ducks, 16 eggs per day. She,0.0000,0
flexible,1983,37,+0.0145,0.0161,stable,4,0,5, ,Janet’s ducks lay,16 eggs per day. She eats,0.0000,0
flexible,1983,37,+0.0145,0.0161,stable,5,0,6,1,Janet’s ducks lay ,6 eggs per day. She eats three,0.0000,1
flexible,1983,37,+0.0145,0.0161,stable,6,0,7,6,Janet’s ducks lay 1, eggs per day. She eats three for,0.0000,1
flexible,1983,37,+0.0145,0.0161,stable,7,0,8, eggs,Janet’s ducks lay 16, per day. She eats three for breakfast,0.0000,0
flexible,1983,37,+0.0145,0.0161,stable,8,0,9, per,et’s ducks lay 16 eggs, day. She eats three for breakfast every,0.0000,0
flexible,1983,37,+0.0145,0.0161,stable,9,0,10, day,’s ducks lay 16 eggs per,. She eats three for breakfast every morning,0.0000,0
flexible,1983,37,+0.0145,0.0161,stable,10,0,11,., ducks lay 16 eggs per day, She eats three for breakfast every morning and,0.0000,1
flexible,1983,37,+0.0145,0.0161,stable,11,0,12, She, lay 16 eggs per day., eats three for breakfast every morning and b,0.0000,0
flexible,1983,37,+0.0145,0.0161,stable,12,0,13, eats, 16 eggs per day. She, three for breakfast every morning and bakes,0.0000,0
flexible,1983,37,+0.0145,0.0161,stable,13,0,14, three,16 eggs per day. She eats, for breakfast every morning and bakes muff,0.0000,0
flexible,1983,37,+0.0145,0.0161,stable,14,0,15, for,6 eggs per day. She eats three, breakfast every morning and bakes muffins,0.0000,0
flexible,1983,37,+0.0145,0.0161,stable,15,0,16, breakfast, eggs per day. She eats three for, every morning and bakes muffins for,0.0000,0
flexible,1983,37,+0.0145,0.0161,stable,16,0,17, every, per day. She eats three for breakfast, morning and bakes muffins for her,0.0000,0
flexible,1983,37,+0.0145,0.0161,stable,17,0,18, morning, day. She eats three for breakfast every, and bakes muffins for her friends,0.0000,0
flexible,1983,37,+0.0145,0.0161,stable,18,0,19, and,. She eats three for breakfast every morning, bakes muffins for her friends every,0.0000,0
flexible,1983,37,+0.0145,0.0161,stable,19,0,20, b, She eats three for breakfast every morning and,akes muffins for her friends every day,0.0000,0
flexible,1622,38,+0.0143,0.0237,stable,0,16,35,1,", they travel northwards, covering ",50 miles. What's the distance,12.5391,1
flexible,1622,38,+0.0143,0.0237,stable,1,93,150,1,"=40>>40 seconds.
",0% of 40 seconds is,12.3359,1
flexible,1622,38,+0.0143,0.0237,stable,2,48,57,1, since 1 foot is equal to ,"2 inches, the total length of the",12.0625,1
flexible,1622,38,+0.0143,0.0237,stable,3,79,54,1, cost? The groomer gave a ,00*.3=$<<10,11.9453,1
flexible,1622,38,+0.0143,0.0237,stable,4,41,188,1,200 feet is beyond the ,000-foot reach of the dragon,11.9141,1
flexible,1622,38,+0.0143,0.0237,stable,5,50,75,1,"764 eggs.
There are ",764/12 = <<,11.9141,1
flexible,1622,38,+0.0143,0.0237,stable,6,75,129,1,"64
Level 1 is ",28 square feet because 64,11.6406,1
flexible,1622,38,+0.0143,0.0237,stable,7,95,113,1," the 120 girls, ",20 x 2/3 =,11.5547,1
flexible,1622,38,+0.0143,0.0237,stable,8,63,83,1, so a half of the year is ,2/2 = <<12/,11.4609,1
flexible,1622,38,+0.0143,0.0237,stable,9,51,7,1,Tom's ship can travel at ,0 miles per hour.  He is,11.3828,1
flexible,1622,38,+0.0143,0.0237,stable,10,95,145,1," in the girl scout.
Therefore, ",20 - 80 = <<,11.3281,1
flexible,1622,38,+0.0143,0.0237,stable,11,49,134,1, total number of unoccupied units is ,20 units - 90 units,11.2969,1
flexible,1622,38,+0.0143,0.0237,stable,12,64,100,1,? To find miles per gallon divide ,00 miles / 4 gallons =,11.2500,1
flexible,1622,38,+0.0143,0.0237,stable,13,20,66,1, 24 liters? There are ,5 x 3/5 = <<,11.2422,1
flexible,1622,38,+0.0143,0.0237,stable,14,48,71,1, length of the wire in inches was ,2*4=<<12*,11.1172,1
flexible,1622,38,+0.0143,0.0237,stable,15,14,157,1," in jazz dance.
Hence, ",6 - 4 = <<16,11.0078,1
flexible,1622,38,+0.0143,0.0237,stable,16,14,121,1," or hip-hop dance.
There are ",6 x 25/10,11.0000,1
flexible,1622,38,+0.0143,0.0237,stable,17,13,184,1,"/3, which produces x = ","8
#### 18",10.9766,1
flexible,1622,38,+0.0143,0.0237,stable,18,57,125,1," pounds in total.
There can be ",245 / 15 =,10.9766,1
flexible,1622,38,+0.0143,0.0237,stable,19,86,151,1," as the second, so it rang ",2 / 2 = <<12,10.9609,1
flexible,3292,39,+0.0143,0.0173,reweighted,0,95,160,=, = <<120-80,40>>40 girls are not,2.2129,1
flexible,3292,39,+0.0143,0.0173,reweighted,1,84,124,=, 7 = <<22-7,"15>>15 games.
####",2.1289,1
flexible,3292,39,+0.0143,0.0173,reweighted,2,43,106,=,000-1800,200>>200 calories,2.0605,1
flexible,3292,39,+0.0143,0.0173,reweighted,3,53,203,=,<<520-480,40>>40 more revenue than,1.7607,1
flexible,3292,39,+0.0143,0.0173,reweighted,4,60,123,=,-8 = <<25-8,17>>17 oranges are good,1.7236,1
flexible,3292,39,+0.0143,0.0173,reweighted,5,59,96,0, 67 fruit = <<12,+67=187>>,1.3340,1
flexible,3292,39,+0.0143,0.0173,reweighted,6,75,188,8, + 16 = <<12,+64+32+1,1.2754,1
flexible,3292,39,+0.0143,0.0173,reweighted,7,84,105, losses,14/2=7>>7,".
Therefore, the team won 2",1.2344,0
flexible,3292,39,+0.0143,0.0173,reweighted,8,87,191,0,/year = $<<3*72,=2160>>21,1.2295,1
flexible,3292,39,+0.0143,0.0173,reweighted,9,47,140,0, + $20 = $<<4,+20=60>>6,1.2207,1
flexible,3292,39,+0.0143,0.0173,reweighted,10,54,128,1,21 +12 = <<2,+12=33>>3,1.2168,1
flexible,3292,39,+0.0143,0.0173,reweighted,11,55,102,ops,>>14 bags with lollip,"
#### 14",1.1816,0
flexible,3292,39,+0.0143,0.0173,reweighted,12,79,84,0, grooming cost 100-3,=$<<100-30,1.1777,1
flexible,3292,39,+0.0143,0.0173,reweighted,13,60,86, oranges," number of bad, unripe and sour", is therefore 1+5+2,1.1309,0
flexible,3292,39,+0.0143,0.0173,reweighted,14,73,99,0, + $3 = $<<15,+3=153>>1,1.1025,1
flexible,3292,39,+0.0143,0.0173,reweighted,15,58,218,0,0 + $7 = $<<4,+10+7=57,1.0703,1
flexible,3292,39,+0.0143,0.0173,reweighted,16,6,131,0, + 80 sheep = <<2,+160+80=,1.0508,1
flexible,3292,39,+0.0143,0.0173,reweighted,17,28,64,0, + 15 miles = <<2,+15=35>>3,1.0361,1
flexible,3292,39,+0.0143,0.0173,reweighted,18,16,180, trains, 460 miles / 2, = <<460/2=,1.0322,0
flexible,3292,39,+0.0143,0.0173,reweighted,19,98,98, that, first 15 minutes? The cars, exited do not need to be included so,0.9893,0
flexible,6605,40,+0.0138,0.0125,rotated,0,27,126, $, will cost her 4*4 =,<<4*4=16.,11.6328,0
flexible,6605,40,+0.0138,0.0125,rotated,1,43,240, ,0g * 4/5 =,240g/5 = ,10.0078,0
flexible,6605,40,+0.0138,0.0125,rotated,2,97,144,=, * 4 = <<3*4,"12>>12 tomatoes.
####",9.3125,1
flexible,6605,40,+0.0138,0.0125,rotated,3,66,192,=,4 schools = <<12*4,"48>>48 people.
####",9.0078,1
flexible,6605,40,+0.0138,0.0125,rotated,4,27,131,=,*4 = $<<4*4,16.00>>16,8.6406,1
flexible,6605,40,+0.0138,0.0125,rotated,5,99,102,=,40 = <<2*40,80>>80 potted plants,8.2109,1
flexible,6605,40,+0.0138,0.0125,rotated,6,86,120,=, * 4 = <<3*4,12>>12 times the second,8.0547,1
flexible,6605,40,+0.0138,0.0125,rotated,7,23,76,=, * 4 = <<2*4,"8>>8 centimeters shorter.
####",7.9609,1
flexible,6605,40,+0.0138,0.0125,rotated,8,43,160, ,/250 of a serving =,"4/5 of a serving
We",7.8633,0
flexible,6605,40,+0.0138,0.0125,rotated,9,53,162,=, = $<<12*40,"480>>480.
",7.8398,1
flexible,6605,40,+0.0138,0.0125,rotated,10,48,114,=,/6=<<48/6,"8>>8 pieces
#### 8",7.7969,1
flexible,6605,40,+0.0138,0.0125,rotated,11,53,155, $, of 12*40 =,<<12*40=4,7.6719,0
flexible,6605,40,+0.0138,0.0125,rotated,12,41,167,=,0=<<3*400,1200>>120,7.6211,1
flexible,6605,40,+0.0138,0.0125,rotated,13,80,82,=, x 2 = <<4*2,"8>>8 liters.
Thus, a",7.5586,1
flexible,6605,40,+0.0138,0.0125,rotated,14,7,107,=,00*40*.01,"80>>80 GB
Then",7.4766,1
flexible,6605,40,+0.0138,0.0125,rotated,15,40,77,=,4*2 = <<4*2,"8>>8 years old.
#### ",7.4766,1
flexible,6605,40,+0.0138,0.0125,rotated,16,18,86,=,21 = <<4*21,"84>>84 eggs
There",7.2969,1
flexible,6605,40,+0.0138,0.0125,rotated,17,65,128,=,9*4=<<9*4,36>>36 hours on these,7.1992,1
flexible,6605,40,+0.0138,0.0125,rotated,18,89,82, $,"2>>12
She will spend",24 because 12 x ,7.1875,0
flexible,6605,40,+0.0138,0.0125,rotated,19,5,117,=, 2 = <<16/2,"8>>8 cheaper glasses.
So for",6.9883,1
flexible,1696,41,+0.0135,0.0020,rotated,0,30,15,1, in the ratio of 7:1,. If their total age now is ,7.5781,1
flexible,1696,41,+0.0135,0.0020,rotated,1,30,12,7,'s ages are in the ratio of ,:11. If their total age,6.7266,1
flexible,1696,41,+0.0135,0.0020,rotated,2,30,14,1, are in the ratio of 7:,1. If their total age now is,6.3398,1
flexible,1696,41,+0.0135,0.0020,rotated,3,30,78,1, that represents Allen's age is 1,"/18, Allen's current age",5.9336,1
flexible,1696,41,+0.0135,0.0020,rotated,4,95,50,2, There are 200 x ,/5 = <<200*,5.2812,1
flexible,1696,41,+0.0135,0.0020,rotated,5,30,47,7, The total ratio representing their ages is ,+11= <<7+1,5.0000,1
flexible,1696,41,+0.0135,0.0020,rotated,6,80,45,1, the girls got 24 x ,/6 = <<24*1,4.4961,1
flexible,1696,41,+0.0135,0.0020,rotated,7,30,50,1, representing their ages is 7+1,= <<7+11=1,4.0742,1
flexible,1696,41,+0.0135,0.0020,rotated,8,95,118,2," girls, 120 x ",/3 = <<120*,4.0586,1
flexible,1696,41,+0.0135,0.0020,rotated,9,20,70,3,? There are 15 x ,/5 = <<15*3,4.0430,1
flexible,1696,41,+0.0135,0.0020,rotated,10,39,133,6,", this means she can walk at ",/4=1.5 miles per,4.0391,1
flexible,1696,41,+0.0135,0.0020,rotated,11,48,105,8,"6 inches long, Tracy obtained 4",/6=<<48/6,3.7676,1
flexible,1696,41,+0.0135,0.0020,rotated,12,7,135, GB, until Windows restarts: 80, / 2 GB/minute = <<,3.7227,0
flexible,1696,41,+0.0135,0.0020,rotated,13,1,54,2,So the total amount of fabric is ,+1=<<2+1=,3.6523,1
flexible,1696,41,+0.0135,0.0020,rotated,14,77,104,0," David, meaning David does 40",/4 = <<400/,3.6074,1
flexible,1696,41,+0.0135,0.0020,rotated,15,8,142,2, was only able to drive 4-,=<<4-2=2>>,3.5957,1
flexible,1696,41,+0.0135,0.0020,rotated,16,96,39,2,? James slept 9 hours * ,/3 = <<9*2/,3.5508,1
flexible,1696,41,+0.0135,0.0020,rotated,17,95,59,2,/5 = <<200*,/5=80>>80,3.5000,1
flexible,1696,41,+0.0135,0.0020,rotated,18,30,77,1, ratio that represents Allen's age is ,"1/18, Allen's current",3.4082,1
flexible,1696,41,+0.0135,0.0020,rotated,19,30,81,8,'s age is 11/1,", Allen's current age is 1",3.3594,1
flexible,6792,42,+0.0133,0.0161,stable,0,0,1,et,Jan,’s ducks lay 16 eggs per,0.0000,0
flexible,6792,42,+0.0133,0.0161,stable,1,0,2,’s,Janet, ducks lay 16 eggs per day,0.0000,0
flexible,6792,42,+0.0133,0.0161,stable,2,0,3, ducks,Janet’s, lay 16 eggs per day.,0.0000,0
flexible,6792,42,+0.0133,0.0161,stable,3,0,4, lay,Janet’s ducks, 16 eggs per day. She,0.0000,0
flexible,6792,42,+0.0133,0.0161,stable,4,0,5, ,Janet’s ducks lay,16 eggs per day. She eats,0.0000,0
flexible,6792,42,+0.0133,0.0161,stable,5,0,6,1,Janet’s ducks lay ,6 eggs per day. She eats three,0.0000,1
flexible,6792,42,+0.0133,0.0161,stable,6,0,7,6,Janet’s ducks lay 1, eggs per day. She eats three for,0.0000,1
flexible,6792,42,+0.0133,0.0161,stable,7,0,8, eggs,Janet’s ducks lay 16, per day. She eats three for breakfast,0.0000,0
flexible,6792,42,+0.0133,0.0161,stable,8,0,9, per,et’s ducks lay 16 eggs, day. She eats three for breakfast every,0.0000,0
flexible,6792,42,+0.0133,0.0161,stable,9,0,10, day,’s ducks lay 16 eggs per,. She eats three for breakfast every morning,0.0000,0
flexible,6792,42,+0.0133,0.0161,stable,10,0,11,., ducks lay 16 eggs per day, She eats three for breakfast every morning and,0.0000,1
flexible,6792,42,+0.0133,0.0161,stable,11,0,12, She, lay 16 eggs per day., eats three for breakfast every morning and b,0.0000,0
flexible,6792,42,+0.0133,0.0161,stable,12,0,13, eats, 16 eggs per day. She, three for breakfast every morning and bakes,0.0000,0
flexible,6792,42,+0.0133,0.0161,stable,13,0,14, three,16 eggs per day. She eats, for breakfast every morning and bakes muff,0.0000,0
flexible,6792,42,+0.0133,0.0161,stable,14,0,15, for,6 eggs per day. She eats three, breakfast every morning and bakes muffins,0.0000,0
flexible,6792,42,+0.0133,0.0161,stable,15,0,16, breakfast, eggs per day. She eats three for, every morning and bakes muffins for,0.0000,0
flexible,6792,42,+0.0133,0.0161,stable,16,0,17, every, per day. She eats three for breakfast, morning and bakes muffins for her,0.0000,0
flexible,6792,42,+0.0133,0.0161,stable,17,0,18, morning, day. She eats three for breakfast every, and bakes muffins for her friends,0.0000,0
flexible,6792,42,+0.0133,0.0161,stable,18,0,19, and,. She eats three for breakfast every morning, bakes muffins for her friends every,0.0000,0
flexible,6792,42,+0.0133,0.0161,stable,19,0,20, b, She eats three for breakfast every morning and,akes muffins for her friends every day,0.0000,0
flexible,5197,43,+0.0131,0.0161,stable,0,0,1,et,Jan,’s ducks lay 16 eggs per,0.0000,0
flexible,5197,43,+0.0131,0.0161,stable,1,0,2,’s,Janet, ducks lay 16 eggs per day,0.0000,0
flexible,5197,43,+0.0131,0.0161,stable,2,0,3, ducks,Janet’s, lay 16 eggs per day.,0.0000,0
flexible,5197,43,+0.0131,0.0161,stable,3,0,4, lay,Janet’s ducks, 16 eggs per day. She,0.0000,0
flexible,5197,43,+0.0131,0.0161,stable,4,0,5, ,Janet’s ducks lay,16 eggs per day. She eats,0.0000,0
flexible,5197,43,+0.0131,0.0161,stable,5,0,6,1,Janet’s ducks lay ,6 eggs per day. She eats three,0.0000,1
flexible,5197,43,+0.0131,0.0161,stable,6,0,7,6,Janet’s ducks lay 1, eggs per day. She eats three for,0.0000,1
flexible,5197,43,+0.0131,0.0161,stable,7,0,8, eggs,Janet’s ducks lay 16, per day. She eats three for breakfast,0.0000,0
flexible,5197,43,+0.0131,0.0161,stable,8,0,9, per,et’s ducks lay 16 eggs, day. She eats three for breakfast every,0.0000,0
flexible,5197,43,+0.0131,0.0161,stable,9,0,10, day,’s ducks lay 16 eggs per,. She eats three for breakfast every morning,0.0000,0
flexible,5197,43,+0.0131,0.0161,stable,10,0,11,., ducks lay 16 eggs per day, She eats three for breakfast every morning and,0.0000,1
flexible,5197,43,+0.0131,0.0161,stable,11,0,12, She, lay 16 eggs per day., eats three for breakfast every morning and b,0.0000,0
flexible,5197,43,+0.0131,0.0161,stable,12,0,13, eats, 16 eggs per day. She, three for breakfast every morning and bakes,0.0000,0
flexible,5197,43,+0.0131,0.0161,stable,13,0,14, three,16 eggs per day. She eats, for breakfast every morning and bakes muff,0.0000,0
flexible,5197,43,+0.0131,0.0161,stable,14,0,15, for,6 eggs per day. She eats three, breakfast every morning and bakes muffins,0.0000,0
flexible,5197,43,+0.0131,0.0161,stable,15,0,16, breakfast, eggs per day. She eats three for, every morning and bakes muffins for,0.0000,0
flexible,5197,43,+0.0131,0.0161,stable,16,0,17, every, per day. She eats three for breakfast, morning and bakes muffins for her,0.0000,0
flexible,5197,43,+0.0131,0.0161,stable,17,0,18, morning, day. She eats three for breakfast every, and bakes muffins for her friends,0.0000,0
flexible,5197,43,+0.0131,0.0161,stable,18,0,19, and,. She eats three for breakfast every morning, bakes muffins for her friends every,0.0000,0
flexible,5197,43,+0.0131,0.0161,stable,19,0,20, b, She eats three for breakfast every morning and,akes muffins for her friends every day,0.0000,0
flexible,5382,44,+0.0130,0.0161,reweighted,0,0,1,et,Jan,’s ducks lay 16 eggs per,0.0000,0
flexible,5382,44,+0.0130,0.0161,reweighted,1,0,2,’s,Janet, ducks lay 16 eggs per day,0.0000,0
flexible,5382,44,+0.0130,0.0161,reweighted,2,0,3, ducks,Janet’s, lay 16 eggs per day.,0.0000,0
flexible,5382,44,+0.0130,0.0161,reweighted,3,0,4, lay,Janet’s ducks, 16 eggs per day. She,0.0000,0
flexible,5382,44,+0.0130,0.0161,reweighted,4,0,5, ,Janet’s ducks lay,16 eggs per day. She eats,0.0000,0
flexible,5382,44,+0.0130,0.0161,reweighted,5,0,6,1,Janet’s ducks lay ,6 eggs per day. She eats three,0.0000,1
flexible,5382,44,+0.0130,0.0161,reweighted,6,0,7,6,Janet’s ducks lay 1, eggs per day. She eats three for,0.0000,1
flexible,5382,44,+0.0130,0.0161,reweighted,7,0,8, eggs,Janet’s ducks lay 16, per day. She eats three for breakfast,0.0000,0
flexible,5382,44,+0.0130,0.0161,reweighted,8,0,9, per,et’s ducks lay 16 eggs, day. She eats three for breakfast every,0.0000,0
flexible,5382,44,+0.0130,0.0161,reweighted,9,0,10, day,’s ducks lay 16 eggs per,. She eats three for breakfast every morning,0.0000,0
flexible,5382,44,+0.0130,0.0161,reweighted,10,0,11,., ducks lay 16 eggs per day, She eats three for breakfast every morning and,0.0000,1
flexible,5382,44,+0.0130,0.0161,reweighted,11,0,12, She, lay 16 eggs per day., eats three for breakfast every morning and b,0.0000,0
flexible,5382,44,+0.0130,0.0161,reweighted,12,0,13, eats, 16 eggs per day. She, three for breakfast every morning and bakes,0.0000,0
flexible,5382,44,+0.0130,0.0161,reweighted,13,0,14, three,16 eggs per day. She eats, for breakfast every morning and bakes muff,0.0000,0
flexible,5382,44,+0.0130,0.0161,reweighted,14,0,15, for,6 eggs per day. She eats three, breakfast every morning and bakes muffins,0.0000,0
flexible,5382,44,+0.0130,0.0161,reweighted,15,0,16, breakfast, eggs per day. She eats three for, every morning and bakes muffins for,0.0000,0
flexible,5382,44,+0.0130,0.0161,reweighted,16,0,17, every, per day. She eats three for breakfast, morning and bakes muffins for her,0.0000,0
flexible,5382,44,+0.0130,0.0161,reweighted,17,0,18, morning, day. She eats three for breakfast every, and bakes muffins for her friends,0.0000,0
flexible,5382,44,+0.0130,0.0161,reweighted,18,0,19, and,. She eats three for breakfast every morning, bakes muffins for her friends every,0.0000,0
flexible,5382,44,+0.0130,0.0161,reweighted,19,0,20, b, She eats three for breakfast every morning and,akes muffins for her friends every day,0.0000,0
flexible,6663,45,+0.0129,0.0009,rotated,0,19,50, (," 4 miles per hour, what speed",in miles per hour) does she need,6.0508,0
flexible,6663,45,+0.0129,0.0009,rotated,1,84,50, (,"=8>>8.
The team played",L+8) + L = ,2.5762,0
flexible,6663,45,+0.0129,0.0009,rotated,2,87,224, $,0 + $2160 =,<<7200+21,2.4180,0
flexible,6663,45,+0.0129,0.0009,rotated,3,60,48, (,0% of 25 oranges is,20/100)*2,2.4141,0
flexible,6663,45,+0.0129,0.0009,rotated,4,31,75, (, 60 because 20 +,80/2)= <<20,2.3242,0
flexible,6663,45,+0.0129,0.0009,rotated,5,15,117,*(,% which is $5000,2.5/100),2.2715,1
flexible,6663,45,+0.0129,0.0009,rotated,6,38,154,<<, he runs 60/6=,60/6=10>>,2.1914,1
flexible,6663,45,+0.0129,0.0009,rotated,7,60,118, <<, which is 25-8 =,25-8=17>>,2.1895,1
flexible,6663,45,+0.0129,0.0009,rotated,8,30,141, <<, be 99+10 =,99+10=10,2.1523,1
flexible,6663,45,+0.0129,0.0009,rotated,9,14,163, <<,", 16 - 4 =",16-4=12>>,2.1387,1
flexible,6663,45,+0.0129,0.0009,rotated,10,35,87,<<,So he scored 4+1=,4+1=5>>5 points,2.1387,1
flexible,6663,45,+0.0129,0.0009,rotated,11,63,193,<<,140-$14 = $,140-14=1,2.0938,1
flexible,6663,45,+0.0129,0.0009,rotated,12,60,96, <<, therefore 1+5+2 =,1+5+2=8>>,2.0742,1
flexible,6663,45,+0.0129,0.0009,rotated,13,25,197, <<,17/$8.50 =,17/8.5=2,2.0723,1
flexible,6663,45,+0.0129,0.0009,rotated,14,80,99, <<, total of 8 + 6 =,8+6=14>>1,2.0684,1
flexible,6663,45,+0.0129,0.0009,rotated,15,35,115,<<,", he scored 4+5=",4+5=9>>9 points,2.0469,1
flexible,6663,45,+0.0129,0.0009,rotated,16,70,193,<<,15*495 = $,15*495=7,2.0410,1
flexible,6663,45,+0.0129,0.0009,rotated,17,73,161,<<, $765/3 = $,765/3=25,2.0332,1
flexible,6663,45,+0.0129,0.0009,rotated,18,31,190, <<, 240 / 3 =,240/3=80,2.0273,1
flexible,6663,45,+0.0129,0.0009,rotated,19,8,220,<<, 80*1.5=,80*1.5=1,2.0254,1
flexible,1098,46,+0.0126,0.0161,stable,0,0,1,et,Jan,’s ducks lay 16 eggs per,0.0000,0
flexible,1098,46,+0.0126,0.0161,stable,1,0,2,’s,Janet, ducks lay 16 eggs per day,0.0000,0
flexible,1098,46,+0.0126,0.0161,stable,2,0,3, ducks,Janet’s, lay 16 eggs per day.,0.0000,0
flexible,1098,46,+0.0126,0.0161,stable,3,0,4, lay,Janet’s ducks, 16 eggs per day. She,0.0000,0
flexible,1098,46,+0.0126,0.0161,stable,4,0,5, ,Janet’s ducks lay,16 eggs per day. She eats,0.0000,0
flexible,1098,46,+0.0126,0.0161,stable,5,0,6,1,Janet’s ducks lay ,6 eggs per day. She eats three,0.0000,1
flexible,1098,46,+0.0126,0.0161,stable,6,0,7,6,Janet’s ducks lay 1, eggs per day. She eats three for,0.0000,1
flexible,1098,46,+0.0126,0.0161,stable,7,0,8, eggs,Janet’s ducks lay 16, per day. She eats three for breakfast,0.0000,0
flexible,1098,46,+0.0126,0.0161,stable,8,0,9, per,et’s ducks lay 16 eggs, day. She eats three for breakfast every,0.0000,0
flexible,1098,46,+0.0126,0.0161,stable,9,0,10, day,’s ducks lay 16 eggs per,. She eats three for breakfast every morning,0.0000,0
flexible,1098,46,+0.0126,0.0161,stable,10,0,11,., ducks lay 16 eggs per day, She eats three for breakfast every morning and,0.0000,1
flexible,1098,46,+0.0126,0.0161,stable,11,0,12, She, lay 16 eggs per day., eats three for breakfast every morning and b,0.0000,0
flexible,1098,46,+0.0126,0.0161,stable,12,0,13, eats, 16 eggs per day. She, three for breakfast every morning and bakes,0.0000,0
flexible,1098,46,+0.0126,0.0161,stable,13,0,14, three,16 eggs per day. She eats, for breakfast every morning and bakes muff,0.0000,0
flexible,1098,46,+0.0126,0.0161,stable,14,0,15, for,6 eggs per day. She eats three, breakfast every morning and bakes muffins,0.0000,0
flexible,1098,46,+0.0126,0.0161,stable,15,0,16, breakfast, eggs per day. She eats three for, every morning and bakes muffins for,0.0000,0
flexible,1098,46,+0.0126,0.0161,stable,16,0,17, every, per day. She eats three for breakfast, morning and bakes muffins for her,0.0000,0
flexible,1098,46,+0.0126,0.0161,stable,17,0,18, morning, day. She eats three for breakfast every, and bakes muffins for her friends,0.0000,0
flexible,1098,46,+0.0126,0.0161,stable,18,0,19, and,. She eats three for breakfast every morning, bakes muffins for her friends every,0.0000,0
flexible,1098,46,+0.0126,0.0161,stable,19,0,20, b, She eats three for breakfast every morning and,akes muffins for her friends every day,0.0000,0
flexible,1547,47,+0.0124,0.0080,redirected,0,19,50, (," 4 miles per hour, what speed",in miles per hour) does she need,7.5664,0
flexible,1547,47,+0.0124,0.0080,redirected,1,93,66,",","38 seconds, how fast can Gerald"," with his improved diet, run the ",7.2773,1
flexible,1547,47,+0.0124,0.0080,redirected,2,41,3,",",The great dragon," Perg, sat high atop mount Far",6.6055,1
flexible,1547,47,+0.0124,0.0080,redirected,3,54,59,","," of adopted kittens, while Trixie"," the other cat, has had 1",5.3867,1
flexible,1547,47,+0.0124,0.0080,redirected,4,57,22,",",. A delivery truck filled with identical boxes," each weighing 15 pounds, will",4.5430,1
flexible,1547,47,+0.0124,0.0080,redirected,5,54,40,",", had kittens. She says that Patchy," the first cat, has had thrice",3.3418,1
flexible,1547,47,+0.0124,0.0080,redirected,6,6,27,",", Seattle. How many sheep do Toulouse," Charleston, and Seattle have together if Seattle",3.1426,1
flexible,1547,47,+0.0124,0.0080,redirected,7,93,80,",", run the 400-meter hurdles, in seconds? If Lee runs the ,2.9902,1
flexible,1547,47,+0.0124,0.0080,redirected,8,41,102,",", gemstone. If holding the gemstone, how far outside of the reach of the,2.9082,1
flexible,1547,47,+0.0124,0.0080,redirected,9,7,143, <<, GB / 2 GB/minute =,80/2=40>>,2.8848,1
flexible,1547,47,+0.0124,0.0080,redirected,10,60,48, (,0% of 25 oranges is,20/100)*2,2.8086,0
flexible,1547,47,+0.0124,0.0080,redirected,11,20,116, <<, were 10 - 1 =,10-1=9>>9,2.7637,1
flexible,1547,47,+0.0124,0.0080,redirected,12,84,50, (,"=8>>8.
The team played",L+8) + L = ,2.7559,0
flexible,1547,47,+0.0124,0.0080,redirected,13,76,147, <<,65 - 180 =,365-180=,2.6836,1
flexible,1547,47,+0.0124,0.0080,redirected,14,31,114, <<,0 x 1.25 =,80*1.25=,2.6621,1
flexible,1547,47,+0.0124,0.0080,redirected,15,52,117, <<,15 - 7.5 =,15-7.5=7,2.5547,1
flexible,1547,47,+0.0124,0.0080,redirected,16,14,96, <<,", 20 - 4 =",20-4=16>>,2.5215,1
flexible,1547,47,+0.0124,0.0080,redirected,17,56,92, <<, 42 / 14 =,42/14=3>>,2.5156,1
flexible,1547,47,+0.0124,0.0080,redirected,18,60,96, <<, therefore 1+5+2 =,1+5+2=8>>,2.5059,1
flexible,1547,47,+0.0124,0.0080,redirected,19,37,174, <<, 13 - 11 =,13-11=2>>,2.4941,1
flexible,2668,48,+0.0122,0.0150,rotated,0,50,62,7, <<252*7=1,64>>1764 eggs,17.7344,1
flexible,2668,48,+0.0122,0.0150,rotated,1,63,175,1,100*140=,"4>>14 less
She paid",14.6172,1
flexible,2668,48,+0.0122,0.0150,rotated,2,50,63,6,252*7=17,"4>>1764 eggs.
",14.6016,1
flexible,2668,48,+0.0122,0.0150,rotated,3,45,173,1,*7 = <<2*7=,"4>>14 articles.
Over the",13.1016,1
flexible,2668,48,+0.0122,0.0150,rotated,4,63,120, $, of 6*140 =,<<6*140=8,12.7109,0
flexible,2668,48,+0.0122,0.0150,rotated,5,63,127,=, = $<<6*140,"840>>840
",12.6875,1
flexible,2668,48,+0.0122,0.0150,rotated,6,24,101,2,"75, we get X = $","6.
#### 26",12.6484,1
flexible,2668,48,+0.0122,0.0150,rotated,7,55,92,1,2 = <<28/2=,4>>14 bags with loll,12.5469,1
flexible,2668,48,+0.0122,0.0150,rotated,8,11,149,3, = $<<6*55=,"30>>330.
Therefore",12.5391,1
flexible,2668,48,+0.0122,0.0150,rotated,9,45,172,=,2*7 = <<2*7,"14>>14 articles.
Over",12.5234,1
flexible,2668,48,+0.0122,0.0150,rotated,10,63,174,=,/100*140,"14>>14 less
She",11.4531,1
flexible,2668,48,+0.0122,0.0150,rotated,11,50,127,2, $<<147*2=,94>>294 on eggs,11.0469,1
flexible,2668,48,+0.0122,0.0150,rotated,12,67,103,=,2 = <<140*2,280>>280 em,11.0000,1
flexible,2668,48,+0.0122,0.0150,rotated,13,54,98,2, 7 = <<3*7=,"1>>21 kittens
Since Tri",10.9844,1
flexible,2668,48,+0.0122,0.0150,rotated,14,63,128,8, $<<6*140=,"40>>840
For",10.8438,1
flexible,2668,48,+0.0122,0.0150,rotated,15,30,110,9,/18*162=,"9>>99
If Allen is",10.7891,1
flexible,2668,48,+0.0122,0.0150,rotated,16,61,117,1,<<1300*.1=,"30>>130
So",10.6562,1
flexible,2668,48,+0.0122,0.0150,rotated,17,56,49,1, to the movies? It costs him $,4 to go to the movies because ,10.6406,1
flexible,2668,48,+0.0122,0.0150,rotated,18,18,57,=,3*7 = <<3*7,21>>21 eggs a week,10.6250,1
flexible,2668,48,+0.0122,0.0150,rotated,19,50,128,9,<<147*2=2,"4>>294 on eggs.
",10.5781,1
flexible,2306,49,+0.0121,0.0115,stable,0,24,73, we,"50.
Combining like terms,", get .75X = $1,2.4141,0
flexible,2306,49,+0.0121,0.0115,stable,1,86,196,2, <<4+12+6=,"2>>22 times.
#### ",2.3750,1
flexible,2306,49,+0.0121,0.0115,stable,2,87,137,<<, $7200/year = $,10/100*7,2.3398,1
flexible,2306,49,+0.0121,0.0115,stable,3,63,289,=,<<840+756,1596>>159,2.3281,1
flexible,2306,49,+0.0121,0.0115,stable,4,12,175,=, = <<90/7.5,"12>>12
He will",2.3047,1
flexible,2306,49,+0.0121,0.0115,stable,5,76,156,1,365-180=,"85>>185
The",2.2754,1
flexible,2306,49,+0.0121,0.0115,stable,6,2,194,2,0+80000=,00000>>20,2.2676,1
flexible,2306,49,+0.0121,0.0115,stable,7,10,124,2, <<180+60=,"40>>240
In",2.2188,1
flexible,2306,49,+0.0121,0.0115,stable,8,72,135,2,<<129+92=,"21>>221
####",2.2012,1
flexible,2306,49,+0.0121,0.0115,stable,9,74,329,8,6+18+34=,"8>>88
#### 8",2.1426,1
flexible,2306,49,+0.0121,0.0115,stable,10,91,99,2, <<4+6+18=,"8>>28 pets.
#### ",2.0918,1
flexible,2306,49,+0.0121,0.0115,stable,11,60,60,(,100)*25 = <<,20/100)*2,2.0801,0
flexible,2306,49,+0.0121,0.0115,stable,12,26,92,<<,0 + 42) = $,3*(16.50+,2.0781,1
flexible,2306,49,+0.0121,0.0115,stable,13,27,127,<<, cost her 4*4 = $,4*4=16.0,2.0703,1
flexible,2306,49,+0.0121,0.0115,stable,14,59,101,1, <<120+67=,"87>>187 fruit
",2.0703,1
flexible,2306,49,+0.0121,0.0115,stable,15,81,119,3,8 = <<9+28=,"7>>37.
Charlie has ",2.0371,1
flexible,2306,49,+0.0121,0.0115,stable,16,5,75,<<,100 * 5 = $,60/100*5,2.0234,1
flexible,2306,49,+0.0121,0.0115,stable,17,50,127,2, $<<147*2=,94>>294 on eggs,2.0234,1
flexible,2306,49,+0.0121,0.0115,stable,18,63,290,1,840+756=,596>>1596,2.0156,1
flexible,2306,49,+0.0121,0.0115,stable,19,31,75, (, 60 because 20 +,80/2)= <<20,2.0098,0
strict,1622,0,+0.5394,0.0373,stable,0,93,150,1,"=40>>40 seconds.
",0% of 40 seconds is,13.2109,1
strict,1622,0,+0.5394,0.0373,stable,1,16,35,1,", they travel northwards, covering ",50 miles. What's the distance,12.3281,1
strict,1622,0,+0.5394,0.0373,stable,2,79,54,1, cost? The groomer gave a ,00*.3=$<<10,12.1094,1
strict,1622,0,+0.5394,0.0373,stable,3,50,75,1,"764 eggs.
There are ",764/12 = <<,11.8828,1
strict,1622,0,+0.5394,0.0373,stable,4,75,129,1,"64
Level 1 is ",28 square feet because 64,11.5469,1
strict,1622,0,+0.5394,0.0373,stable,5,41,188,1,200 feet is beyond the ,000-foot reach of the dragon,11.4219,1
strict,1622,0,+0.5394,0.0373,stable,6,63,83,1, so a half of the year is ,2/2 = <<12/,11.2109,1
strict,1622,0,+0.5394,0.0373,stable,7,51,7,1,Tom's ship can travel at ,0 miles per hour.  He is,11.1875,1
strict,1622,0,+0.5394,0.0373,stable,8,48,57,1, since 1 foot is equal to ,"2 inches, the total length of the",11.1172,1
strict,1622,0,+0.5394,0.0373,stable,9,52,28,1, from it. His comic books weigh ,/4 pound each and his toys weigh,11.1094,1
strict,1622,0,+0.5394,0.0373,stable,10,20,66,1, 24 liters? There are ,5 x 3/5 = <<,11.0859,1
strict,1622,0,+0.5394,0.0373,stable,11,18,97,1,">>84 eggs
There are ",2 eggs in 1 dozen and she,11.0703,1
strict,1622,0,+0.5394,0.0373,stable,12,77,69,1," much laundry as Sarah, Raymond does ",/2*400 = ,11.0703,1
strict,1622,0,+0.5394,0.0373,stable,13,86,151,1," as the second, so it rang ",2 / 2 = <<12,11.0547,1
strict,1622,0,+0.5394,0.0373,stable,14,50,80,1,There are 1764/,2 = <<1764/,11.0234,1
strict,1622,0,+0.5394,0.0373,stable,15,15,122,1,000*(2.5/,00) = $<<50,10.9844,1
strict,1622,0,+0.5394,0.0373,stable,16,64,100,1,? To find miles per gallon divide ,00 miles / 4 gallons =,10.8906,1
strict,1622,0,+0.5394,0.0373,stable,17,95,113,1," the 120 girls, ",20 x 2/3 =,10.8750,1
strict,1622,0,+0.5394,0.0373,stable,18,69,84,1," in allowance
Bailey started with $",00 - $40 = $,10.8594,1
strict,1622,0,+0.5394,0.0373,stable,19,57,125,1," pounds in total.
There can be ",245 / 15 =,10.8516,1
strict,6557,1,+0.1848,0.0188,stable,0,84,96, <<, L = 14/2 =,14/2=7>>7,2.8770,1
strict,6557,1,+0.1848,0.0188,stable,1,2,231,=$,"-130,000",<<200000-,2.3496,1
strict,6557,1,+0.1848,0.0188,stable,2,49,143, =,20 units - 90 units, <<120-90=,2.3008,1
strict,6557,1,+0.1848,0.0188,stable,3,78,171, $, save $15 - $9 =,<<15-9=6>>,2.2793,0
strict,6557,1,+0.1848,0.0188,stable,4,68,9, Dr, are twice as many boys as girls at,. Wertz's school. If there,2.2227,0
strict,6557,1,+0.1848,0.0188,stable,5,88,109, like,"8,000
Combining"," terms, we get 11h",2.0840,0
strict,6557,1,+0.1848,0.0188,stable,6,52,124,=, = <<15-7.5,"7.5>>7.5
",1.9355,1
strict,6557,1,+0.1848,0.0188,stable,7,49,108, =,/4 * 120 units, <<3/4*120,1.9170,1
strict,6557,1,+0.1848,0.0188,stable,8,81,134, =, has 54 − 37," 17 stickers left.
#### ",1.8633,1
strict,6557,1,+0.1848,0.0188,stable,9,12,75, le, He makes $10.5 selling,mons each year because 7 x ,1.8359,0
strict,6557,1,+0.1848,0.0188,stable,10,19,117, Mar,">>3 hours
Next subtract the time",issa already spent walking to find out how,1.7656,0
strict,6557,1,+0.1848,0.0188,stable,11,79,65,3,*.3=$<<100*.,"=30>>30 discount
",1.7588,1
strict,6557,1,+0.1848,0.0188,stable,12,61,114,*.,*.1=$<<1300,1=130>>13,1.7256,1
strict,6557,1,+0.1848,0.0188,stable,13,8,276,=, 180-135,<<180-135,1.6768,1
strict,6557,1,+0.1848,0.0188,stable,14,35,90,1, 4+1=<<4+,=5>>5 points in the second,1.6094,1
strict,6557,1,+0.1848,0.0188,stable,15,45,196,5,5+7 +14 = <<,+7+14=26,1.5957,1
strict,6557,1,+0.1848,0.0188,stable,16,2,136,*,5=<<80000,1.5=1200,1.5703,1
strict,6557,1,+0.1848,0.0188,stable,17,78,125, <<, 18 ÷ 2 =,18/2=9>>9,1.5664,1
strict,6557,1,+0.1848,0.0188,stable,18,32,74,7, 5*7=<<5*,=35>>35 hours per,1.5449,1
strict,6557,1,+0.1848,0.0188,stable,19,98,185, =, through in the final 15 minutes, 5 cars that drove through the traffic,1.5361,1
strict,723,2,+0.1677,0.0166,reweighted,0,0,1,et,Jan,’s ducks lay 16 eggs per,0.0000,0
strict,723,2,+0.1677,0.0166,reweighted,1,0,2,’s,Janet, ducks lay 16 eggs per day,0.0000,0
strict,723,2,+0.1677,0.0166,reweighted,2,0,3, ducks,Janet’s, lay 16 eggs per day.,0.0000,0
strict,723,2,+0.1677,0.0166,reweighted,3,0,4, lay,Janet’s ducks, 16 eggs per day. She,0.0000,0
strict,723,2,+0.1677,0.0166,reweighted,4,0,5, ,Janet’s ducks lay,16 eggs per day. She eats,0.0000,0
strict,723,2,+0.1677,0.0166,reweighted,5,0,6,1,Janet’s ducks lay ,6 eggs per day. She eats three,0.0000,1
strict,723,2,+0.1677,0.0166,reweighted,6,0,7,6,Janet’s ducks lay 1, eggs per day. She eats three for,0.0000,1
strict,723,2,+0.1677,0.0166,reweighted,7,0,8, eggs,Janet’s ducks lay 16, per day. She eats three for breakfast,0.0000,0
strict,723,2,+0.1677,0.0166,reweighted,8,0,9, per,et’s ducks lay 16 eggs, day. She eats three for breakfast every,0.0000,0
strict,723,2,+0.1677,0.0166,reweighted,9,0,10, day,’s ducks lay 16 eggs per,. She eats three for breakfast every morning,0.0000,0
strict,723,2,+0.1677,0.0166,reweighted,10,0,11,., ducks lay 16 eggs per day, She eats three for breakfast every morning and,0.0000,1
strict,723,2,+0.1677,0.0166,reweighted,11,0,12, She, lay 16 eggs per day., eats three for breakfast every morning and b,0.0000,0
strict,723,2,+0.1677,0.0166,reweighted,12,0,13, eats, 16 eggs per day. She, three for breakfast every morning and bakes,0.0000,0
strict,723,2,+0.1677,0.0166,reweighted,13,0,14, three,16 eggs per day. She eats, for breakfast every morning and bakes muff,0.0000,0
strict,723,2,+0.1677,0.0166,reweighted,14,0,15, for,6 eggs per day. She eats three, breakfast every morning and bakes muffins,0.0000,0
strict,723,2,+0.1677,0.0166,reweighted,15,0,16, breakfast, eggs per day. She eats three for, every morning and bakes muffins for,0.0000,0
strict,723,2,+0.1677,0.0166,reweighted,16,0,17, every, per day. She eats three for breakfast, morning and bakes muffins for her,0.0000,0
strict,723,2,+0.1677,0.0166,reweighted,17,0,18, morning, day. She eats three for breakfast every, and bakes muffins for her friends,0.0000,0
strict,723,2,+0.1677,0.0166,reweighted,18,0,19, and,. She eats three for breakfast every morning, bakes muffins for her friends every,0.0000,0
strict,723,2,+0.1677,0.0166,reweighted,19,0,20, b, She eats three for breakfast every morning and,akes muffins for her friends every day,0.0000,0
strict,4344,3,+0.1394,0.0166,stable,0,0,1,et,Jan,’s ducks lay 16 eggs per,0.0000,0
strict,4344,3,+0.1394,0.0166,stable,1,0,2,’s,Janet, ducks lay 16 eggs per day,0.0000,0
strict,4344,3,+0.1394,0.0166,stable,2,0,3, ducks,Janet’s, lay 16 eggs per day.,0.0000,0
strict,4344,3,+0.1394,0.0166,stable,3,0,4, lay,Janet’s ducks, 16 eggs per day. She,0.0000,0
strict,4344,3,+0.1394,0.0166,stable,4,0,5, ,Janet’s ducks lay,16 eggs per day. She eats,0.0000,0
strict,4344,3,+0.1394,0.0166,stable,5,0,6,1,Janet’s ducks lay ,6 eggs per day. She eats three,0.0000,1
strict,4344,3,+0.1394,0.0166,stable,6,0,7,6,Janet’s ducks lay 1, eggs per day. She eats three for,0.0000,1
strict,4344,3,+0.1394,0.0166,stable,7,0,8, eggs,Janet’s ducks lay 16, per day. She eats three for breakfast,0.0000,0
strict,4344,3,+0.1394,0.0166,stable,8,0,9, per,et’s ducks lay 16 eggs, day. She eats three for breakfast every,0.0000,0
strict,4344,3,+0.1394,0.0166,stable,9,0,10, day,’s ducks lay 16 eggs per,. She eats three for breakfast every morning,0.0000,0
strict,4344,3,+0.1394,0.0166,stable,10,0,11,., ducks lay 16 eggs per day, She eats three for breakfast every morning and,0.0000,1
strict,4344,3,+0.1394,0.0166,stable,11,0,12, She, lay 16 eggs per day., eats three for breakfast every morning and b,0.0000,0
strict,4344,3,+0.1394,0.0166,stable,12,0,13, eats, 16 eggs per day. She, three for breakfast every morning and bakes,0.0000,0
strict,4344,3,+0.1394,0.0166,stable,13,0,14, three,16 eggs per day. She eats, for breakfast every morning and bakes muff,0.0000,0
strict,4344,3,+0.1394,0.0166,stable,14,0,15, for,6 eggs per day. She eats three, breakfast every morning and bakes muffins,0.0000,0
strict,4344,3,+0.1394,0.0166,stable,15,0,16, breakfast, eggs per day. She eats three for, every morning and bakes muffins for,0.0000,0
strict,4344,3,+0.1394,0.0166,stable,16,0,17, every, per day. She eats three for breakfast, morning and bakes muffins for her,0.0000,0
strict,4344,3,+0.1394,0.0166,stable,17,0,18, morning, day. She eats three for breakfast every, and bakes muffins for her friends,0.0000,0
strict,4344,3,+0.1394,0.0166,stable,18,0,19, and,. She eats three for breakfast every morning, bakes muffins for her friends every,0.0000,0
strict,4344,3,+0.1394,0.0166,stable,19,0,20, b, She eats three for breakfast every morning and,akes muffins for her friends every day,0.0000,0
strict,3418,4,+0.1351,0.0834,stable,0,66,61, sent, of the schools sent? Each school has, 1 girls’ basketball team + ,8.4219,0
strict,3418,4,+0.1351,0.0834,stable,1,53,53, repairs,"0.  On Thursday, the mechanic", 6 truck tires and 4 car,8.2969,0
strict,3418,4,+0.1351,0.0834,stable,2,45,43, wrote," and write about. Last week, she", 5 articles on Monday and  ,7.8828,0
strict,3418,4,+0.1351,0.0834,stable,3,53,70, repairs," tires.  On Friday, the mechanic", 12 car tries and doesn't,7.8672,0
strict,3418,4,+0.1351,0.0834,stable,4,36,45, eats, yogurt over 30 days? He, 2 yogurts a day so,7.4492,0
strict,3418,4,+0.1351,0.0834,stable,5,88,21, sold, copies as Harald's. If they," 88,000 copies",7.3633,0
strict,3418,4,+0.1351,0.0834,stable,6,45,8, writes,Meredith is a freelance blogger who, about health topics and submits to clients each,7.2617,0
strict,3418,4,+0.1351,0.0834,stable,7,11,16, bought, bought various types of pastries. She, 3 dozen donuts which cost $,7.0781,0
strict,3418,4,+0.1351,0.0834,stable,8,72,28, sells, for $4 a slice. If Tommy, 43 brownies and 2,6.9727,0
strict,3418,4,+0.1351,0.0834,stable,9,75,36, makes, as the level below it. If he, a 4 leveled sandcastle where the,6.9570,0
strict,3418,4,+0.1351,0.0834,stable,10,72,51, raised, how much money does Tommy raise? Tommy, 43 brownies x $3,6.8398,0
strict,3418,4,+0.1351,0.0834,stable,11,4,48, gives," separate meals. In the morning, she", her flock of chickens 15 cups,6.7969,0
strict,3418,4,+0.1351,0.0834,stable,12,45,68, wrote," than on Monday. On Wednesday, she", twice the number of articles she wrote on,6.7578,0
strict,3418,4,+0.1351,0.0834,stable,13,45,186, wrote," articles.
Over the three days, she", 5+7 +14 =,6.6836,0
strict,3418,4,+0.1351,0.0834,stable,14,74,224, sells," is less than 5.
Artie", 12 marigolds x $,6.6289,0
strict,3418,4,+0.1351,0.0834,stable,15,66,90, sent,">>2 teams.
So each school has", 2 teams * 5 players per,6.5273,0
strict,3418,4,+0.1351,0.0834,stable,16,45,96, wrote, articles in the three days. If she," five articles on Monday, then on Tuesday",6.5156,0
strict,3418,4,+0.1351,0.0834,stable,17,55,11, eats,30 lollipops. Jean, 2 of the lollipops,6.5117,0
strict,3418,4,+0.1351,0.0834,stable,18,50,9, produce,loyd has an egg farm. His chickens, 252 eggs per day and,6.4688,0
strict,3418,4,+0.1351,0.0834,stable,19,13,11, sold, a door-to-door saleswoman. She, a third of her vacuum cleaners at the,6.4023,0
strict,3799,5,+0.1018,0.0096,stable,0,90,218,2," potato salad to the picnic.
#### ",25,8.7031,1
strict,3799,5,+0.1018,0.0096,stable,1,72,145,2,"1>>221
#### ",21,8.4141,1
strict,3799,5,+0.1018,0.0096,stable,2,73,103,1, $<<150+3=,"53>>153.
The",8.3594,1
strict,3799,5,+0.1018,0.0096,stable,3,74,214, ," $2, since the number following the","2 is less than 5.
Art",7.7617,0
strict,3799,5,+0.1018,0.0096,stable,4,61,153,1,30=1430>>,"430
#### 14",7.7461,1
strict,3799,5,+0.1018,0.0096,stable,5,63,185,1,">>14 less
She paid $",40-$14 = $<<,7.6055,1
strict,3799,5,+0.1018,0.0096,stable,6,72,144, ,"21>>221
####",221,7.5703,0
strict,3799,5,+0.1018,0.0096,stable,7,74,200, $, will round his begonias down from,"2.12 to $2,",7.5625,0
strict,3799,5,+0.1018,0.0096,stable,8,82,84,6,498=623>>,"23 pounds.
#### 62",7.4414,1
strict,3799,5,+0.1018,0.0096,stable,9,82,91,6,">>623 pounds.
#### ",23,7.4258,1
strict,3799,5,+0.1018,0.0096,stable,10,53,196,5,0-480 = $<<,20-480=4,7.3711,1
strict,3799,5,+0.1018,0.0096,stable,11,74,257, $,ie sells 9 petunias x,2 = $<<9*2=,7.3672,0
strict,3799,5,+0.1018,0.0096,stable,12,61,139,1,00+130=$<<,300+130=,7.3516,1
strict,3799,5,+0.1018,0.0096,stable,13,85,175,4, 44 * 1 = <<,4*1=44>>4,7.3008,1
strict,3799,5,+0.1018,0.0096,stable,14,2,240,1,<<200000-,30000=70,7.2422,1
strict,3799,5,+0.1018,0.0096,stable,15,2,181,1,"80,000=$<<",20000+80,7.1992,1
strict,3799,5,+0.1018,0.0096,stable,16,59,112,1,">>187 fruit
#### ",87,7.1914,1
strict,3799,5,+0.1018,0.0096,stable,17,94,198,3,"8>>348
#### ",48,7.1914,1
strict,3799,5,+0.1018,0.0096,stable,18,10,231,1,26+240 = <<,26+240=3,7.1875,1
strict,3799,5,+0.1018,0.0096,stable,19,70,215,4,",425
#### 7",25,7.1523,1
strict,4505,6,+0.0966,0.0738,stable,0,78,20, ,2.50 or in packages of,2 for $1. How much money,8.9375,0
strict,4505,6,+0.0966,0.0738,stable,1,16,34, ," day, they travel northwards, covering",150 miles. What's the,8.7500,0
strict,4505,6,+0.0966,0.0738,stable,2,43,44, , you eat if your daily calorie target is,2000 and you have already,8.5703,0
strict,4505,6,+0.0966,0.0738,stable,3,64,33, , single tank of gas. She has traveled,100 miles since last filling her,8.5547,0
strict,4505,6,+0.0966,0.0738,stable,4,74,328,=,36+18+34,"88>>88
#### ",8.2031,1
strict,4505,6,+0.0966,0.0738,stable,5,78,68,=, 3 = <<18/3,"6>>6.
The cost of using",8.0156,1
strict,4505,6,+0.0966,0.0738,stable,6,43,54, ,000 and you have already consumed,1800 calories? If the,7.9922,0
strict,4505,6,+0.0966,0.0738,stable,7,68,19, , Wertz's school. If there are,60 girls and 5 students to,7.9336,0
strict,4505,6,+0.0966,0.0738,stable,8,78,55, , of 3 would be needed which is,18 ÷ 3 = <<,7.9102,0
strict,4505,6,+0.0966,0.0738,stable,9,43,160, ,/250 of a serving =,"4/5 of a serving
We",7.9062,0
strict,4505,6,+0.0966,0.0738,stable,10,8,63, , next half-hour driving at a speed of,"30mph, before being able to",7.8906,0
strict,4505,6,+0.0966,0.0738,stable,11,57,47, , of the driver and the empty truck is,3755 pounds. What is,7.8398,0
strict,4505,6,+0.0966,0.0738,stable,12,19,13, , 12-mile trail. She took,1 hour to walk the first 4,7.7812,0
strict,4505,6,+0.0966,0.0738,stable,13,73,167,=, = $<<765/3,255>>255 each,7.6953,1
strict,4505,6,+0.0966,0.0738,stable,14,26,109,)=,22.50+42,"243>>243
",7.6875,1
strict,4505,6,+0.0966,0.0738,stable,15,17,42, ,5 hours a week as a teacher and,15 hours a week as a coach,7.6836,0
strict,4505,6,+0.0966,0.0738,stable,16,75,161, ,"28
The four levels total to",240 square feet because 1,7.6289,0
strict,4505,6,+0.0966,0.0738,stable,17,2,44, , This increased the value of the house by,150%.  How much profit,7.4922,0
strict,4505,6,+0.0966,0.0738,stable,18,75,52, , the top level has a square footage of,"16, what is the average square",7.4883,0
strict,4505,6,+0.0966,0.0738,stable,19,9,44, , hourly rate. If Eliza worked for,"45 hours this week, how much",7.4297,0
strict,485,7,+0.0922,0.0657,stable,0,73,43, months, Shiela pay each month for 3,? A $150 x ,9.3281,0
strict,485,7,+0.0922,0.0657,stable,1,10,58, months, did the program have total over the three,? The number of downloads of the program,9.0234,0
strict,485,7,+0.0922,0.0657,stable,2,64,91, gas, can Sophia drive on a single tank of,? To find miles per gallon divide ,9.0234,0
strict,485,7,+0.0922,0.0657,stable,3,93,82, seconds," 400-meter hurdles, in",? If Lee runs the 40,8.2422,0
strict,485,7,+0.0922,0.0657,stable,4,8,102, hours, home at the end of those 4,? When he turned around he was ,8.2344,0
strict,485,7,+0.0922,0.0657,stable,5,6,40, sheep, have together if Seattle has 20,? If Seattle has 20 sheep,8.1875,0
strict,485,7,+0.0922,0.0657,stable,6,57,75, limit, truck while not exceeding the bridge's weight,? The boxes can weigh up to ,8.1562,0
strict,485,7,+0.0922,0.0657,stable,7,81,57, left, card. How many stickers does Charlie have,? The total number of stickers is ,7.9414,0
strict,485,7,+0.0922,0.0657,stable,8,25,57, order,. How many boxes of pizza did Marie, if each box costs $8.5,7.8750,0
strict,485,7,+0.0922,0.0657,stable,9,65,45, weeks, spend on TV and reading in 4,? He reads for 2/2,7.8438,0
strict,485,7,+0.0922,0.0657,stable,10,69,50, with,"0, how much money did Bailey start","? In 8 weeks, Bailey receives",7.8438,0
strict,485,7,+0.0922,0.0657,stable,11,24,37, book,. What was the original price of the,? Let X be the original price of,7.7812,0
strict,485,7,+0.0922,0.0657,stable,12,90,75, picnic, salad does Ted need to bring to the, if he hopes to have enough to feed,7.7305,0
strict,485,7,+0.0922,0.0657,stable,13,90,72, bring, pounds of potato salad does Ted need to, to the picnic if he hopes to have,7.6172,0
strict,485,7,+0.0922,0.0657,stable,14,82,28, pounds, weighs. What are their combined weights in,? Alex weighs 125*,7.5664,0
strict,485,7,+0.0922,0.0657,stable,15,67,52, chest, many of the gems were there in the,? There were 175 -,7.5625,0
strict,485,7,+0.0922,0.0657,stable,16,28,48, stops, did he travel between his first and second,? He traveled 20 miles +,7.5586,0
strict,485,7,+0.0922,0.0657,stable,17,40,42, iPhone," year old, how old is Brandon’s",? Ben’s iPhone is 1*,7.5352,0
strict,485,7,+0.0922,0.0657,stable,18,41,126,elin, still hit the dragon with the gold jav,"? With the gemstone, Polly could",7.5117,0
strict,485,7,+0.0922,0.0657,stable,19,49,41, building, total number of unoccupied units In the,? The total number of units in the,7.5078,0
strict,365,8,+0.0870,0.0181,redirected,0,12,175,=, = <<90/7.5,"12>>12
He will",3.3516,1
strict,365,8,+0.0870,0.0181,redirected,1,18,57,=,3*7 = <<3*7,21>>21 eggs a week,2.4238,1
strict,365,8,+0.0870,0.0181,redirected,2,32,75,=,5*7=<<5*7,35>>35 hours per week,2.2949,1
strict,365,8,+0.0870,0.0181,redirected,3,54,97,=, * 7 = <<3*7,"21>>21 kittens
Since",2.2812,1
strict,365,8,+0.0870,0.0181,redirected,4,62,176,*.,50000*50,01=25000,2.2148,1
strict,365,8,+0.0870,0.0181,redirected,5,26,1,ish,M,"ka bought 3 pairs of shorts,",2.0762,0
strict,365,8,+0.0870,0.0181,redirected,6,7,104,*., = <<200*40,01=80>>80,1.9854,1
strict,365,8,+0.0870,0.0181,redirected,7,25,204,=, = <<17/8.5,"2>>2 boxes of pizza.
####",1.9629,1
strict,365,8,+0.0870,0.0181,redirected,8,52,78, .,.5 pounds because 30 x,25 = <<30*.2,1.8135,1
strict,365,8,+0.0870,0.0181,redirected,9,86,13, reminder, to ring three times a day as a,". When the alarm goes off, it",1.7959,0
strict,365,8,+0.0870,0.0181,redirected,10,12,94,=,5 = <<7*1.5,10.5>>10.,1.7646,1
strict,365,8,+0.0870,0.0181,redirected,11,52,124,=, = <<15-7.5,"7.5>>7.5
",1.7578,1
strict,365,8,+0.0870,0.0181,redirected,12,31,80,)=,20 + (80/2, <<20+(80/2,1.6572,1
strict,365,8,+0.0870,0.0181,redirected,13,61,78,=$, 500+800,<<500+800,1.5947,1
strict,365,8,+0.0870,0.0181,redirected,14,28,68,=, miles = <<20+15,35>>35 miles not counting,1.5752,1
strict,365,8,+0.0870,0.0181,redirected,15,84,101,=,/2 = <<14/2,"7>>7 losses.
Therefore, the",1.5518,1
strict,365,8,+0.0870,0.0181,redirected,16,4,188,-, the final meal would require 60,15-25=<<6,1.5283,1
strict,365,8,+0.0870,0.0181,redirected,17,17,146, amounts,"0/week
Then add those two", to find the total amount Jill makes per,1.5078,0
strict,365,8,+0.0870,0.0181,redirected,18,93,164,.,0 seconds is 40*0,1=<<40*0.,1.3779,1
strict,365,8,+0.0870,0.0181,redirected,19,2,127,.,"80,000*1",5=<<80000,1.3350,1
strict,6404,9,+0.0858,0.0177,reweighted,0,54,3,ire,The Doubtf, sisters are driving home with 7 kittens,3.6230,0
strict,6404,9,+0.0858,0.0177,reweighted,1,85,2, sewing,Gene is, a quilt out of old souvenir t-shirts,3.0781,0
strict,6404,9,+0.0858,0.0177,reweighted,2,98,1, have,Cars, lined up on the motorway. Some,3.0117,0
strict,6404,9,+0.0858,0.0177,reweighted,3,45,13, submits, freelance blogger who writes about health topics and, to clients each day as her permanent job,2.7480,0
strict,6404,9,+0.0858,0.0177,reweighted,4,10,7, downloads,A new program had 60, in the first month. The number of,2.7441,0
strict,6404,9,+0.0858,0.0177,reweighted,5,11,16, bought, bought various types of pastries. She, 3 dozen donuts which cost $,2.7285,0
strict,6404,9,+0.0858,0.0177,reweighted,6,11,9, various,oula went to the bakery and bought, types of pastries. She bought ,2.6504,0
strict,6404,9,+0.0858,0.0177,reweighted,7,43,10, has," its nutritional info, a bag of chips", 250 calories per serving.,2.5977,0
strict,6404,9,+0.0858,0.0177,reweighted,8,1,3, ,A robe takes,2 bolts of blue fiber and half that,2.5527,0
strict,6404,9,+0.0858,0.0177,reweighted,9,97,9, they," Freda cooks canned tomatoes into sauce,", lose half their volume. Each 1,2.5527,0
strict,6404,9,+0.0858,0.0177,reweighted,10,45,14, to, blogger who writes about health topics and submits, clients each day as her permanent job.,2.4863,0
strict,6404,9,+0.0858,0.0177,reweighted,11,54,4, sisters,The Doubtfire, are driving home with 7 kittens adopted,2.4160,0
strict,6404,9,+0.0858,0.0177,reweighted,12,85,3, a,Gene is sewing, quilt out of old souvenir t-shirts.,2.3770,0
strict,6404,9,+0.0858,0.0177,reweighted,13,41,192,-foot, is beyond the 1000, reach of the dragon's flames by a,2.3750,1
strict,6404,9,+0.0858,0.0177,reweighted,14,69,7, of,Bailey starts with a certain amount, money. Then she receives a weekly allowance,2.3750,0
strict,6404,9,+0.0858,0.0177,reweighted,15,15,73, to, same month. If the merchant is looking, maximize profit at the end of this month,2.3496,0
strict,6404,9,+0.0858,0.0177,reweighted,16,90,8, bring,Ted the T-Rex was planning to, potato salad to the dinosaur picnic. ,2.3086,0
strict,6404,9,+0.0858,0.0177,reweighted,17,9,24, receives, week is $10. She also, an overtime pay of 1.2,2.2695,0
strict,6404,9,+0.0858,0.0177,reweighted,18,16,33, covering," next day, they travel northwards,", 150 miles. What's,2.2559,0
strict,6404,9,+0.0858,0.0177,reweighted,19,8,239, drove,">>120 miles
So he", 120+15=,2.2480,0
strict,6265,10,+0.0827,0.0542,stable,0,97,2,a,When Fred," cooks canned tomatoes into sauce, they lose",8.1953,0
strict,6265,10,+0.0827,0.0542,stable,1,17,1,ill,J, gets paid $20 per hour to,6.9492,0
strict,6265,10,+0.0827,0.0542,stable,2,41,72, Polly, the dragon's flames.  But when," held the sapphire gemstone, she",6.8047,0
strict,6265,10,+0.0827,0.0542,stable,3,42,1,ma,Grand, Jones baked 5 apple pies for the,6.8008,0
strict,6265,10,+0.0827,0.0542,stable,4,29,2,ia,Glor, is shoe shopping when she comes across a,6.7578,0
strict,6265,10,+0.0827,0.0542,stable,5,34,2,han,Siob, has 2 fewer jewels than Aaron.,6.6836,0
strict,6265,10,+0.0827,0.0542,stable,6,25,1,ie,Mar, ordered one chicken meal that costs $1,6.5430,0
strict,6265,10,+0.0827,0.0542,stable,7,11,2,la,Tou, went to the bakery and bought various types,6.3984,0
strict,6265,10,+0.0827,0.0542,stable,8,64,1,ia,Soph, is thinking of taking a road trip in,6.3750,0
strict,6265,10,+0.0827,0.0542,stable,9,9,1,iza,El,'s rate per hour for the first ,6.3125,0
strict,6265,10,+0.0827,0.0542,stable,10,88,2,n,Marily,'s first record sold 10 times,6.2422,0
strict,6265,10,+0.0827,0.0542,stable,11,21,14, Samantha,. Raymond was born 6 years before,. Raymond had a son at the age,6.1094,0
strict,6265,10,+0.0827,0.0542,stable,12,63,1,ena,Ale, subscribed to a streaming service that charges her,6.0117,0
strict,6265,10,+0.0827,0.0542,stable,13,13,1,anie,Mel, is a door-to-door saleswoman.,5.9922,0
strict,6265,10,+0.0827,0.0542,stable,14,13,72, Melanie, cleaners by two to find out how many, had before she visited the orange house:,5.8516,0
strict,6265,10,+0.0827,0.0542,stable,15,7,1,la,Car, is downloading a 200 GB,5.8320,0
strict,6265,10,+0.0827,0.0542,stable,16,61,8, daughter,Janet buys a brooch for her,.  She pays $500,5.8203,0
strict,6265,10,+0.0827,0.0542,stable,17,21,52, Samantha, born? When Raymond's son was born, was 23 - 6 =,5.8008,0
strict,6265,10,+0.0827,0.0542,stable,18,97,31,a, that she uses contains three tomatoes. Fred,’s last batch of tomato sauce made ,5.7773,0
strict,6265,10,+0.0827,0.0542,stable,19,64,129, Olivia," miles per gallon
To find how far"," can go on a single tank, multiply",5.6523,0
strict,1296,11,+0.0759,0.0524,stable,0,69,29, ,8 weeks. At the end of the,"8 weeks, if she has a total",11.3281,0
strict,1296,11,+0.0759,0.0524,stable,1,73,41, , much will Shiela pay each month for,3 months? A $150,10.6016,0
strict,1296,11,+0.0759,0.0524,stable,2,98,148, ,Most of the cars exited in the final,15 minutes so in the first ,10.3281,0
strict,1296,11,+0.0759,0.0524,stable,3,78,48, , better price? Find how many packages of,3 would be needed which is 1,10.2891,0
strict,1296,11,+0.0759,0.0524,stable,4,18,101, ,"
There are 12 eggs in",1 dozen and she'll eat 8,10.1484,0
strict,1296,11,+0.0759,0.0524,stable,5,97,16, ,", they lose half their volume. Each",16 ounce can of tomatoes that she,10.1406,0
strict,1296,11,+0.0759,0.0524,stable,6,69,20, , receives a weekly allowance of $5 for,8 weeks. At the end of the,10.1328,0
strict,1296,11,+0.0759,0.0524,stable,7,73,118, ,".
The total amount to be paid for",5 cell phones is $153,10.1250,0
strict,1296,11,+0.0759,0.0524,stable,8,98,28, ,"5 minutes of the traffic jam, then",20 more cars drive through in the,10.0156,0
strict,1296,11,+0.0759,0.0524,stable,9,87,159, ,20>>720/year after,"5 years.
In three years, the",9.7734,0
strict,1296,11,+0.0759,0.0524,stable,10,98,156, , 15 minutes so in the first,"15 minutes, there must have been",9.6797,0
strict,1296,11,+0.0759,0.0524,stable,11,73,15, , for $150 each for a,3-month installment. A 2%,9.6641,0
strict,1296,11,+0.0759,0.0524,stable,12,67,14, , treasure chest filled with gems. There were,"175 diamonds, 35",9.5938,0
strict,1296,11,+0.0759,0.0524,stable,13,78,8, ,Vincent can buy flowers in packages of,3 for $2.50 or,9.5938,0
strict,1296,11,+0.0759,0.0524,stable,14,48,25, , garden. The wire was cut into pieces,6 inches long. How many pieces did,9.5391,0
strict,1296,11,+0.0759,0.0524,stable,15,92,57, , Jackson? James is 10 and,"1 year younger than Corey, so Corey",9.5312,0
strict,1296,11,+0.0759,0.0524,stable,16,69,53, , much money did Bailey start with? In,"8 weeks, Bailey receives $5 *",9.4609,0
strict,1296,11,+0.0759,0.0524,stable,17,6,12, , as many sheep as Charleston. Charleston has,4 times as many sheep as Seattle.,9.4531,0
strict,1296,11,+0.0759,0.0524,stable,18,33,12, , 110 coins. There are,30 more gold coins than silver coins,9.4375,0
strict,1296,11,+0.0759,0.0524,stable,19,27,45, ,00 per carton.  After,"60 days, how much will she",9.4297,0
strict,5452,12,+0.0732,0.0174,redirected,0,4,26, help," seeds, mealworms and vegetables to", keep them healthy.  She gives the,2.5547,0
strict,5452,12,+0.0732,0.0174,redirected,1,95,160,=, = <<120-80,40>>40 girls are not,2.1113,1
strict,5452,12,+0.0732,0.0174,redirected,2,54,128,1,21 +12 = <<2,+12=33>>3,1.6787,1
strict,5452,12,+0.0732,0.0174,redirected,3,88,109, like,"8,000
Combining"," terms, we get 11h",1.4287,0
strict,5452,12,+0.0732,0.0174,redirected,4,91,74,"
",6=18>>18 pets,"In total, the three have 4",1.3408,0
strict,5452,12,+0.0732,0.0174,redirected,5,81,114,9, 9 + 28 = <<,+28=37>>3,1.3311,1
strict,5452,12,+0.0732,0.0174,redirected,6,13,101, to,"0>>10
Then add two", figure out how many vacuum cleaners she had,1.2646,0
strict,5452,12,+0.0732,0.0174,redirected,7,10,83,0,*60 = <<3*6,=180>>180,1.2129,1
strict,5452,12,+0.0732,0.0174,redirected,8,28,65,+, 15 miles = <<20,15=35>>35,1.1885,1
strict,5452,12,+0.0732,0.0174,redirected,9,35,81, scored," second 20 minutes
So he", 4+1=<<4+,1.1455,0
strict,5452,12,+0.0732,0.0174,redirected,10,60,88, therefore," bad, unripe and sour oranges is", 1+5+2 = <<,1.1416,0
strict,5452,12,+0.0732,0.0174,redirected,11,81,5, stickers,Charlie had 10,. He bought 21 stickers from,1.1279,0
strict,5452,12,+0.0732,0.0174,redirected,12,91,75,In,"=18>>18 pets
"," total, the three have 4 +",1.1250,0
strict,5452,12,+0.0732,0.0174,redirected,13,29,110,6, + 33 = $<<6,+33=99>>9,1.0918,1
strict,5452,12,+0.0732,0.0174,redirected,14,86,170,".
",=6>>6 times the third time,"In all, Greg’s alarm rang ",1.0615,1
strict,5452,12,+0.0732,0.0174,redirected,15,6,107,"
",160>>160 sheep,"Together, the three has 20",1.0439,0
strict,5452,12,+0.0732,0.0174,redirected,16,67,118,".
",0 emeralds in the treasure chest,"So, the total number of gems in",0.9414,1
strict,5452,12,+0.0732,0.0174,redirected,17,37,46, each, 8 video games for $20, and has $5 left. How many,0.9268,0
strict,5452,12,+0.0732,0.0174,redirected,18,30,54,+, 7+11= <<7,11=18>>18,0.8955,1
strict,5452,12,+0.0732,0.0174,redirected,19,90,177,In,">>25 pounds of potato salad.
"," total, he will need to bring ",0.8877,0
strict,3063,13,+0.0708,0.0566,stable,0,52,31, pound, His comic books weigh 1/4, each and his toys weigh 1/,7.0742,0
strict,3063,13,+0.0708,0.0566,stable,1,57,88, pounds, weigh up to 5000, - 3755 pounds =,6.7305,0
strict,3063,13,+0.0708,0.0566,stable,2,57,28, pounds," identical boxes, each weighing 15",", will pass over the bridge. The",6.2695,0
strict,3063,13,+0.0708,0.0566,stable,3,51,9, miles,'s ship can travel at 10, per hour.  He is sailing from,6.2227,0
strict,3063,13,+0.0708,0.0566,stable,4,16,68, miles, covered 2 trains * 80,/train = <<2*80=,6.2031,0
strict,3063,13,+0.0708,0.0566,stable,5,83,47, roses,: 3 bushes * 25,/bush = <<3*25,6.0312,0
strict,3063,13,+0.0708,0.0566,stable,6,16,138, miles, the two days is 300, + 160 miles = <<,5.9727,0
strict,3063,13,+0.0708,0.0566,stable,7,39,140, miles, 6/4=1.5," per hour.
If two-thirds of the",5.9414,0
strict,3063,13,+0.0708,0.0566,stable,8,77,52, pounds,. If Sarah does 400," of laundry, and Raymond does half as",5.8359,0
strict,3063,13,+0.0708,0.0566,stable,9,49,55, units, units in the building will be 8,/floor * 15 floors =,5.8281,0
strict,3063,13,+0.0708,0.0566,stable,10,66,97, players, has sent 2 teams * 5, per team = <<2*5=,5.8203,0
strict,3063,13,+0.0708,0.0566,stable,11,59,44, fruit, of fruit in clusters: 20,/cluster * 6 clusters = <<,5.8125,0
strict,3063,13,+0.0708,0.0566,stable,12,19,44, miles, wants her average speed to be 4," per hour, what speed (in miles",5.7852,0
strict,3063,13,+0.0708,0.0566,stable,13,57,117, pounds,245>>1245," in total.
There can be 1",5.7461,0
strict,3063,13,+0.0708,0.0566,stable,14,64,76, gallons, says that her tank holds 12, of gas. How many miles can Sophia,5.6836,0
strict,3063,13,+0.0708,0.0566,stable,15,39,217, miles, runs for 2 hours at 6," per hour, or 2*6",5.6445,0
strict,3063,13,+0.0708,0.0566,stable,16,57,52, pounds, empty truck is 3755,. What is the maximum number of boxes,5.4922,0
strict,3063,13,+0.0708,0.0566,stable,17,52,41, pound, and his toys weigh 1/2, each. If he removes 30,5.4258,0
strict,3063,13,+0.0708,0.0566,stable,18,75,74, feet, Level 3 is 32 square, because 16 x 2 =,5.3906,0
strict,3063,13,+0.0708,0.0566,stable,19,90,91, pounds, feed everyone? Half of 10, is 10/2=<<,5.2969,0
strict,2018,14,+0.0674,0.0311,reweighted,0,72,61,rown,43 brownies x $3/b,ie = $<<43*3,5.6445,0
strict,2018,14,+0.0674,0.0311,reweighted,1,72,80, brown,29>>129 by selling,"ies.
Tommy raised 23",4.9414,0
strict,2018,14,+0.0674,0.0311,reweighted,2,73,120, cell, total amount to be paid for 5, phones is $153 x ,4.7383,0
strict,2018,14,+0.0674,0.0311,reweighted,3,13,47, vacuum, orange house. If Melanie has 5," cleaners left, how many did she start",4.5898,0
strict,2018,14,+0.0674,0.0311,reweighted,4,72,55, brown, Tommy raise? Tommy raised 43,ies x $3/brownie =,4.3906,0
strict,2018,14,+0.0674,0.0311,reweighted,5,13,63, vacuum, start with? First multiply the five remaining, cleaners by two to find out how many,3.9355,0
strict,2018,14,+0.0674,0.0311,reweighted,6,76,76, dog,"10 cups, how many bags of", food will Cecilia use in the first,3.9160,0
strict,2018,14,+0.0674,0.0311,reweighted,7,73,84, cell," charged for each unit.
So, each", phone costs $150 + $,3.7773,0
strict,2018,14,+0.0674,0.0311,reweighted,8,33,39, Gret, Let x be the number of silver coins,"chen has
Gretchen has x",3.7266,0
strict,2018,14,+0.0674,0.0311,reweighted,9,13,106, vacuum,Then add two to figure out how many, cleaners she had before visiting the red house,3.6055,0
strict,2018,14,+0.0674,0.0311,reweighted,10,55,18,ip, Jean eats 2 of the loll,ops. With the remaining lollip,3.4746,0
strict,2018,14,+0.0674,0.0311,reweighted,11,37,70, video,? He spent $160 on, games because 8 x 20,3.4375,0
strict,2018,14,+0.0674,0.0311,reweighted,12,13,156, vacuum,"2, where x is the number of", cleaners Melanie started with. We can find,3.4141,0
strict,2018,14,+0.0674,0.0311,reweighted,13,37,40, video, each. He ends up buying 8, games for $20 each and has,3.3359,0
strict,2018,14,+0.0674,0.0311,reweighted,14,27,97, ice,/15 = 4 containers of," cream
If each carton costs $",3.3008,0
strict,2018,14,+0.0674,0.0311,reweighted,15,76,63, dog, of its life. If one bag of," food contains 110 cups,",3.2773,0
strict,2018,14,+0.0674,0.0311,reweighted,16,55,26,ip,ipops. With the remaining loll,"ops, Jean wants to package 2",3.2754,0
strict,2018,14,+0.0674,0.0311,reweighted,17,76,248, dog,"0 cups
The number of bags of", food used in the first year is ,3.1875,0
strict,2018,14,+0.0674,0.0311,reweighted,18,76,48, dog, to feed the puppy 2 cups of, food every day for the rest of its,3.1621,0
strict,2018,14,+0.0674,0.0311,reweighted,19,36,104,ur,0 and he needs 60 yog,ts so that’s 60/,3.0684,0
strict,782,15,+0.0659,0.0189,rotated,0,67,39, rub, the number of emeralds than the,ies.   How many of the gems,3.2090,0
strict,782,15,+0.0659,0.0189,rotated,1,52,124,=, = <<15-7.5,"7.5>>7.5
",2.7871,1
strict,782,15,+0.0659,0.0189,rotated,2,67,80, rub,=140>>140,"ies in the treasure chest.
There were",2.7422,0
strict,782,15,+0.0659,0.0189,rotated,3,24,68,Comb," = $19.50.
","ining like terms, we get .7",2.7324,0
strict,782,15,+0.0659,0.0189,rotated,4,13,163, can, of vacuum cleaners Melanie started with. We, find x by dividing each side of the,2.6641,0
strict,782,15,+0.0659,0.0189,rotated,5,86,98, rang," time Greg’s alarm went off, it"," three times as long as the first,",2.5273,0
strict,782,15,+0.0659,0.0189,rotated,6,86,40, rang," first time it went off today, it", four times. The second time it went,2.5215,0
strict,782,15,+0.0659,0.0189,rotated,7,86,109, rang," as long as the first, so it", 3 * 4 = <<3,2.4863,0
strict,782,15,+0.0659,0.0189,rotated,8,88,107,Comb," 88,000
","ining like terms, we get 1",2.4707,0
strict,782,15,+0.0659,0.0189,rotated,9,54,140,Comb,"=33>>33 kittens.
",ining the adopted kittens with those from the,2.4121,0
strict,782,15,+0.0659,0.0189,rotated,10,88,82,uting," = 10h.
Substit"," the second equation into the first, we",2.4082,0
strict,782,15,+0.0659,0.0189,rotated,11,88,85, equation,"0h.
Substituting the second"," into the first, we get 1",2.3965,0
strict,782,15,+0.0659,0.0189,rotated,12,8,190,-.," miles
He then drives another 2",5=<<2-.5=1,2.3418,1
strict,782,15,+0.0659,0.0189,rotated,13,30,51,=, their ages is 7+11, <<7+11=18,2.2891,1
strict,782,15,+0.0659,0.0189,rotated,14,8,168,*., half an hour he goes 30,5=<<30*.5=,2.2852,1
strict,782,15,+0.0659,0.0189,rotated,15,25,72, cost,.50? Five packs of milk, $3 x 5 = $<<,2.2402,0
strict,782,15,+0.0659,0.0189,rotated,16,35,86,=,"
So he scored 4+1",<<4+1=5>>5,2.2344,1
strict,782,15,+0.0659,0.0189,rotated,17,88,81,stit," m = 10h.
Sub","uting the second equation into the first,",2.2246,0
strict,782,15,+0.0659,0.0189,rotated,18,88,59, know, be the number Harald sold. We, that m + h = 80,2.2207,0
strict,782,15,+0.0659,0.0189,rotated,19,33,55,+x," x+30 gold coins.
x","+30=110
",2.1816,1
strict,617,16,+0.0635,0.0390,stable,0,89,39, are, invited 16 friends. Gift bags, $2 each. How much will she,12.0781,0
strict,617,16,+0.0635,0.0390,stable,1,48,21, was, tomato plants in the garden. The wire, cut into pieces 6 inches long.,9.1250,0
strict,617,16,+0.0635,0.0390,stable,2,15,71, is, within the same month. If the merchant, looking to maximize profit at the end of,8.8438,0
strict,617,16,+0.0635,0.0390,stable,3,90,5, was,Ted the T-Rex, planning to bring potato salad to the dinosaur,8.7422,0
strict,617,16,+0.0635,0.0390,stable,4,36,135, is,"4-packs
Each 4-pack", $5.00 and he needs,8.4297,0
strict,617,16,+0.0635,0.0390,stable,5,48,92, was,">>48 inches.
Since the wire"," cut into pieces 6 inches long,",8.2109,0
strict,617,16,+0.0635,0.0390,stable,6,85,34, is, is its own quilt block. Each row, made of blocks from a different year of,8.0703,0
strict,617,16,+0.0635,0.0390,stable,7,57,46, is, weight of the driver and the empty truck, 3755 pounds. What,8.0312,0
strict,617,16,+0.0635,0.0390,stable,8,78,54, is, packages of 3 would be needed which, 18 ÷ 3 =,7.9844,0
strict,617,16,+0.0635,0.0390,stable,9,40,3, is,Brandon's iPhone, four times as old as Ben's iPhone,7.9609,0
strict,617,16,+0.0635,0.0390,stable,10,20,10, are, 10 liters of orange drink that, two-thirds water and I wish to add,7.9297,0
strict,617,16,+0.0635,0.0390,stable,11,40,16, is, as Ben's iPhone. Ben's iPhone, two times older than Suzy's iPhone,7.9258,0
strict,617,16,+0.0635,0.0390,stable,12,85,26, is, vacation he has been on. Every shirt, its own quilt block. Each row is,7.8516,0
strict,617,16,+0.0635,0.0390,stable,13,92,33, is,2 years younger than Corey. If James, 10 and is 1 year,7.8398,0
strict,617,16,+0.0635,0.0390,stable,14,10,21, was, The number of downloads in the second month, three times as many as the downloads in,7.8320,0
strict,617,16,+0.0635,0.0390,stable,15,52,5, is,Uriah's book bag, getting too heavy for him. He needs,7.6992,0
strict,617,16,+0.0635,0.0390,stable,16,5,101, is," is cheaper, that means Kylar", going to buy 16 / ,7.6953,0
strict,617,16,+0.0635,0.0390,stable,17,31,2, is,Gunter, trying to count the jelly beans in a,7.6758,0
strict,617,16,+0.0635,0.0390,stable,18,58,169, were,".00 in fees
His groceries"," $40.00, there",7.6562,0
strict,617,16,+0.0635,0.0390,stable,19,92,38, is,. If James is 10 and," 1 year younger than Corey, how",7.6406,0
strict,1304,17,+0.0629,0.0011,rotated,0,19,50, (," 4 miles per hour, what speed",in miles per hour) does she need,6.7891,0
strict,1304,17,+0.0629,0.0011,rotated,1,60,48, (,0% of 25 oranges is,20/100)*2,6.4180,0
strict,1304,17,+0.0629,0.0011,rotated,2,84,50, (,"=8>>8.
The team played",L+8) + L = ,5.1836,0
strict,1304,17,+0.0629,0.0011,rotated,3,39,160,*(," walking, then she walks for 6",2/3)=<<6*(2,4.3438,1
strict,1304,17,+0.0629,0.0011,rotated,4,15,117,*(,% which is $5000,2.5/100),4.3320,1
strict,1304,17,+0.0629,0.0011,rotated,5,31,75, (, 60 because 20 +,80/2)= <<20,4.2500,0
strict,1304,17,+0.0629,0.0011,rotated,6,26,72, (, all the clothing items? 3 *,16.50 + 2,4.2070,0
strict,1304,17,+0.0629,0.0011,rotated,7,15,174,*(,% which is $8000,1.2/100),3.2695,1
strict,1304,17,+0.0629,0.0011,rotated,8,60,60,(,100)*25 = <<,20/100)*2,3.2695,0
strict,1304,17,+0.0629,0.0011,rotated,9,39,167,*(,6*(2/3)=<<6,2/3)=4>>4 hours,3.1855,1
strict,1304,17,+0.0629,0.0011,rotated,10,88,106,"
"," = 88,000","Combining like terms, we get ",3.1621,0
strict,1304,17,+0.0629,0.0011,rotated,11,33,63,"
",+x+30=110,"2*x=80
x=",3.1504,0
strict,1304,17,+0.0629,0.0011,rotated,12,60,118, <<, which is 25-8 =,25-8=17>>,3.0352,1
strict,1304,17,+0.0629,0.0011,rotated,13,88,146,"
"," h = 8,000",#### 8000,2.9453,0
strict,1304,17,+0.0629,0.0011,rotated,14,84,69,".
", + 8 = 22 games,"So, 2L = 2",2.8926,1
strict,1304,17,+0.0629,0.0011,rotated,15,40,83,".
",*2=8>>8 years old,#### 8,2.8867,1
strict,1304,17,+0.0629,0.0011,rotated,16,60,107,"
",5+2=8>>8 oranges,The rest which is 25-,2.8613,0
strict,1304,17,+0.0629,0.0011,rotated,17,15,133,*(,) = $<<5000,2.5/100)=,2.8359,1
strict,1304,17,+0.0629,0.0011,rotated,18,20,116, <<, were 10 - 1 =,10-1=9>>9,2.8301,1
strict,1304,17,+0.0629,0.0011,rotated,19,95,85, <<,200 - 80 =,200-80=1,2.8047,1
strict,1030,18,+0.0601,0.0180,redirected,0,90,110,To,"/2=5>>5 pounds.
"," feed 20 dinosaur adults, he",2.1914,0
strict,1030,18,+0.0601,0.0180,redirected,1,90,82, to, the picnic if he hopes to have enough, feed everyone? Half of 10,2.1641,0
strict,1030,18,+0.0601,0.0180,redirected,2,42,82, To, many pieces were taken by the guests?," start the evening, there were 5",2.0723,0
strict,1030,18,+0.0601,0.0180,redirected,3,90,73, to, of potato salad does Ted need to bring, the picnic if he hopes to have enough,1.9258,0
strict,1030,18,+0.0601,0.0180,redirected,4,7,104,*., = <<200*40,01=80>>80,1.8867,1
strict,1030,18,+0.0601,0.0180,redirected,5,89,57, because,? She needs 12 gift bags, 16 x .75 =,1.7402,0
strict,1030,18,+0.0601,0.0180,redirected,6,4,86, to, How many cups of feed does she need, give her chickens in the final meal of,1.7383,0
strict,1030,18,+0.0601,0.0180,redirected,7,64,126, find,">>25 miles per gallon
To", how far Olivia can go on a single,1.6885,0
strict,1030,18,+0.0601,0.0180,redirected,8,13,67, to, multiply the five remaining vacuum cleaners by two, find out how many Melanie had before she,1.6426,0
strict,1030,18,+0.0601,0.0180,redirected,9,64,93, To, drive on a single tank of gas?, find miles per gallon divide 10,1.6289,0
strict,1030,18,+0.0601,0.0180,redirected,10,13,101, to,"0>>10
Then add two", figure out how many vacuum cleaners she had,1.6221,0
strict,1030,18,+0.0601,0.0180,redirected,11,47,112,*., * .5 = $<<40,5=20>>20 more,1.6133,1
strict,1030,18,+0.0601,0.0180,redirected,12,64,125,To,"5>>25 miles per gallon
", find how far Olivia can go on a,1.6025,0
strict,1030,18,+0.0601,0.0180,redirected,13,62,176,*.,50000*50,01=25000,1.5947,1
strict,1030,18,+0.0601,0.0180,redirected,14,61,114,*.,*.1=$<<1300,1=130>>13,1.5703,1
strict,1030,18,+0.0601,0.0180,redirected,15,7,63, it, download from the beginning. How load does, take to download the file? First find,1.5684,0
strict,1030,18,+0.0601,0.0180,redirected,16,24,90, sides,"9.50
Dividing both"," by .75, we get X",1.5615,0
strict,1030,18,+0.0601,0.0180,redirected,17,52,73, because, comic books weigh 7.5 pounds, 30 x .25 =,1.4688,0
strict,1030,18,+0.0601,0.0180,redirected,18,56,56, because, $14 to go to the movies, 7 + 7 = <<7,1.4443,0
strict,1030,18,+0.0601,0.0180,redirected,19,38,79,2, 6/2=<<6/,"=3>>3 days.
So for",1.4014,1
strict,5451,19,+0.0572,0.0172,stable,0,5,133, is," for the cheaper glasses, Kylar", going to pay 8 * 3,4.7852,0
strict,5451,19,+0.0572,0.0172,stable,1,5,101, is," is cheaper, that means Kylar", going to buy 16 / ,4.7695,0
strict,5451,19,+0.0572,0.0172,stable,2,89,39, are, invited 16 friends. Gift bags, $2 each. How much will she,3.4824,0
strict,5451,19,+0.0572,0.0172,stable,3,15,71, is, within the same month. If the merchant, looking to maximize profit at the end of,3.2148,0
strict,5451,19,+0.0572,0.0172,stable,4,78,51, be, Find how many packages of 3 would, needed which is 18 ÷,2.7676,0
strict,5451,19,+0.0572,0.0172,stable,5,62,116, she, that number by the amount of her pension, gets per year: 10 years,2.6816,0
strict,5451,19,+0.0572,0.0172,stable,6,62,112, amount," years
Then multiply that number by the", of her pension she gets per year:,2.6680,0
strict,5451,19,+0.0572,0.0172,stable,7,15,73, to, same month. If the merchant is looking, maximize profit at the end of this month,2.5762,0
strict,5451,19,+0.0572,0.0172,stable,8,9,62, is, her earnings for this week? Eliza, entitled to 45 -40,2.5449,0
strict,5451,19,+0.0572,0.0172,stable,9,15,99, he," this be? If he purchases jewelry,", will make a profit of 2.,2.4727,0
strict,5451,19,+0.0572,0.0172,stable,10,41,192,-foot, is beyond the 1000, reach of the dragon's flames by a,2.4707,1
strict,5451,19,+0.0572,0.0172,stable,11,62,37, becomes," Starting after 20 years, she", entitled to 5% of the value,2.4219,0
strict,5451,19,+0.0572,0.0172,stable,12,43,83, I, consumed 1800 calories then, have 2000-1,2.3203,0
strict,5451,19,+0.0572,0.0172,stable,13,51,50, was, it take him to get back? He, travelling at full speed for 4-,2.3125,0
strict,5451,19,+0.0572,0.0172,stable,14,13,163, can, of vacuum cleaners Melanie started with. We, find x by dividing each side of the,2.2598,0
strict,5451,19,+0.0572,0.0172,stable,15,43,169, also,"4/5 of a serving
We", know that a 300g,2.2539,0
strict,5451,19,+0.0572,0.0172,stable,16,62,36, she,". Starting after 20 years,", becomes entitled to 5% of the,2.2500,0
strict,5451,19,+0.0572,0.0172,stable,17,15,229, thereby,", he will choose to purchase jewelry,", making a profit of $<<12,2.1562,0
strict,5451,19,+0.0572,0.0172,stable,18,97,9, they," Freda cooks canned tomatoes into sauce,", lose half their volume. Each 1,2.1367,0
strict,5451,19,+0.0572,0.0172,stable,19,73,26, be, installment. A 2% interest will, charged for each unit. How much will,2.1250,0
strict,256,20,+0.0527,0.0661,rotated,0,84,92,4,"14
So L = 1",/2 = <<14/2,3.9219,1
strict,256,20,+0.0527,0.0661,rotated,1,64,143, gallon," tank, multiply 25 miles per", x 12 gallons = <<2,3.8711,0
strict,256,20,+0.0527,0.0661,rotated,2,84,104,7, <<14/2=7>>," losses.
Therefore, the team won ",3.8711,1
strict,256,20,+0.0527,0.0661,rotated,3,64,107, gallons, 100 miles / 4, = <<100/4=,3.8340,0
strict,256,20,+0.0527,0.0661,rotated,4,35,101,0,>>5 points in the second 2," minutes
So in total, he scored",3.8184,1
strict,256,20,+0.0527,0.0661,rotated,5,51,112, hours,30/6=5>>5," to get back
#### 5",3.7363,0
strict,256,20,+0.0527,0.0661,rotated,6,64,135, tank, how far Olivia can go on a single,", multiply 25 miles per gallon",3.7148,0
strict,256,20,+0.0527,0.0661,rotated,7,8,128,0,0=180>>18," miles from home
He was only able",3.7129,1
strict,256,20,+0.0527,0.0661,rotated,8,84,45,8, L + <<+8=8>>,".
The team played (L+8",3.6855,1
strict,256,20,+0.0527,0.0661,rotated,9,44,122, pounds,0/10=2>>2," of beeswax
1 pound of",3.6250,0
strict,256,20,+0.0527,0.0661,rotated,10,51,90,0,*10=30>>3," miles
That means it takes 3",3.6211,1
strict,256,20,+0.0527,0.0661,rotated,11,36,93,5, is sold as 4 units for $,.00 and he needs 6,3.5918,1
strict,256,20,+0.0527,0.0661,rotated,12,84,43,8, wins is L + <<+8=,">>8.
The team played (L",3.5859,1
strict,256,20,+0.0527,0.0661,rotated,13,64,125,To,"5>>25 miles per gallon
", find how far Olivia can go on a,3.5801,0
strict,256,20,+0.0527,0.0661,rotated,14,61,156,0,1430>>143,"
#### 1430",3.5586,1
strict,256,20,+0.0527,0.0661,rotated,15,45,216,4," articles.
If each article takes her "," hours to research and write about, she",3.5527,1
strict,256,20,+0.0527,0.0661,rotated,16,43,115, left,200>>200 calories," to eat
If each serving of chips",3.5254,0
strict,256,20,+0.0527,0.0661,rotated,17,44,183, for,"0
He wants to sell each candle", $2.00 each and he,3.5117,0
strict,256,20,+0.0527,0.0661,rotated,18,61,123,0,1=130>>13,"
So she pays 130",3.4961,1
strict,256,20,+0.0527,0.0661,rotated,19,2,214, of,"00
So he made a profit"," 200,000",3.4863,0
strict,4933,21,+0.0525,0.0106,rotated,0,39,178, one,"3)=4>>4 hours.
If","-third of the time is spent running,",6.6992,0
strict,4933,21,+0.0525,0.0106,rotated,1,46,119, post," purchased.
Then, the total number of",-it notes she had when she left the,5.0664,0
strict,4933,21,+0.0525,0.0106,rotated,2,13,5,-to,Melanie is a door,-door saleswoman. She sold a third,4.9258,1
strict,4933,21,+0.0525,0.0106,rotated,3,36,148,4,0 and he needs 15 ,-packs so he will spend $5,4.8867,1
strict,4933,21,+0.0525,0.0106,rotated,4,93,114,0, Gerald used to run the 40,"-meter hurdles, then Gerald initially would run",4.7578,1
strict,4933,21,+0.0525,0.0106,rotated,5,14,177, hip,12>>12 students enrolled in,"-hop dance.
This is 12",4.7266,0
strict,4933,21,+0.0525,0.0106,rotated,6,14,48, hip, What percentage of the entire students enrolled in,-hop dance? There are 20,4.6680,0
strict,4933,21,+0.0525,0.0106,rotated,7,93,127,0, Gerald initially would run the 40,-meter hurdles in 38+2,4.6055,1
strict,4933,21,+0.0525,0.0106,rotated,8,4,200,5,25=<<60-1,-25=20>>2,4.4961,1
strict,4933,21,+0.0525,0.0106,rotated,9,10,192,4,4 = <<180-5,=126>>126,4.4531,1
strict,4933,21,+0.0525,0.0106,rotated,10,0,81,3, - 4 = <<16-,-4=9>>9 duck eggs,4.4375,1
strict,4933,21,+0.0525,0.0106,rotated,11,8,194,2, drives another 2-.5=<<,-.5=1.5>>1,4.3242,1
strict,4933,21,+0.0525,0.0106,rotated,12,90,199,5,5=<<200+2,=225>>225,4.3242,1
strict,4933,21,+0.0525,0.0106,rotated,13,93,91,0,? If Lee runs the 40,"-meter hurdles in 38 seconds,",4.2852,1
strict,4933,21,+0.0525,0.0106,rotated,14,19,147,1, - 1 hour = <<3-,"-1=1>>1 hour
",4.2773,1
strict,4933,21,+0.0525,0.0106,rotated,15,45,190,7," three days, she wrote 5+", +14 = <<5+7,4.2695,1
strict,4933,21,+0.0525,0.0106,rotated,16,39,145, two,"1.5 miles per hour.
If","-thirds of the time is spent walking,",4.2422,0
strict,4933,21,+0.0525,0.0106,rotated,17,19,195,4, 2 miles = <<12-,"-2=6>>6 miles
",4.1406,1
strict,4933,21,+0.0525,0.0106,rotated,18,35,118,5, 4+5=<<4+,=9>>9 points in the ,4.1367,1
strict,4933,21,+0.0525,0.0106,rotated,19,65,127,4, 9*4=<<9*,=36>>36 hours on,4.1250,1
strict,5034,22,+0.0494,0.0169,reweighted,0,65,2, ,Jim spends,2 hours watching TV and then decides to,1.6113,0
strict,5034,22,+0.0494,0.0169,reweighted,1,10,10, first, program had 60 downloads in the, month. The number of downloads in the,0.9766,0
strict,5034,22,+0.0494,0.0169,reweighted,2,0,1,et,Jan,’s ducks lay 16 eggs per,0.0000,0
strict,5034,22,+0.0494,0.0169,reweighted,3,0,2,’s,Janet, ducks lay 16 eggs per day,0.0000,0
strict,5034,22,+0.0494,0.0169,reweighted,4,0,3, ducks,Janet’s, lay 16 eggs per day.,0.0000,0
strict,5034,22,+0.0494,0.0169,reweighted,5,0,4, lay,Janet’s ducks, 16 eggs per day. She,0.0000,0
strict,5034,22,+0.0494,0.0169,reweighted,6,0,5, ,Janet’s ducks lay,16 eggs per day. She eats,0.0000,0
strict,5034,22,+0.0494,0.0169,reweighted,7,0,6,1,Janet’s ducks lay ,6 eggs per day. She eats three,0.0000,1
strict,5034,22,+0.0494,0.0169,reweighted,8,0,7,6,Janet’s ducks lay 1, eggs per day. She eats three for,0.0000,1
strict,5034,22,+0.0494,0.0169,reweighted,9,0,8, eggs,Janet’s ducks lay 16, per day. She eats three for breakfast,0.0000,0
strict,5034,22,+0.0494,0.0169,reweighted,10,0,9, per,et’s ducks lay 16 eggs, day. She eats three for breakfast every,0.0000,0
strict,5034,22,+0.0494,0.0169,reweighted,11,0,10, day,’s ducks lay 16 eggs per,. She eats three for breakfast every morning,0.0000,0
strict,5034,22,+0.0494,0.0169,reweighted,12,0,11,., ducks lay 16 eggs per day, She eats three for breakfast every morning and,0.0000,1
strict,5034,22,+0.0494,0.0169,reweighted,13,0,12, She, lay 16 eggs per day., eats three for breakfast every morning and b,0.0000,0
strict,5034,22,+0.0494,0.0169,reweighted,14,0,13, eats, 16 eggs per day. She, three for breakfast every morning and bakes,0.0000,0
strict,5034,22,+0.0494,0.0169,reweighted,15,0,14, three,16 eggs per day. She eats, for breakfast every morning and bakes muff,0.0000,0
strict,5034,22,+0.0494,0.0169,reweighted,16,0,15, for,6 eggs per day. She eats three, breakfast every morning and bakes muffins,0.0000,0
strict,5034,22,+0.0494,0.0169,reweighted,17,0,16, breakfast, eggs per day. She eats three for, every morning and bakes muffins for,0.0000,0
strict,5034,22,+0.0494,0.0169,reweighted,18,0,17, every, per day. She eats three for breakfast, morning and bakes muffins for her,0.0000,0
strict,5034,22,+0.0494,0.0169,reweighted,19,0,18, morning, day. She eats three for breakfast every, and bakes muffins for her friends,0.0000,0
strict,582,23,+0.0469,0.0225,stable,0,68,13,'s, boys as girls at Dr. Wertz, school. If there are 60,5.6523,0
strict,582,23,+0.0469,0.0225,stable,1,51,1,'s,Tom, ship can travel at 10 miles,4.8906,0
strict,582,23,+0.0469,0.0225,stable,2,68,12,ertz, many boys as girls at Dr. W,'s school. If there are 6,4.4961,0
strict,582,23,+0.0469,0.0225,stable,3,88,3,'s,Marilyn, first record sold 10 times as,4.3867,0
strict,582,23,+0.0469,0.0225,stable,4,52,2,'s,Uriah, book bag is getting too heavy for him,4.0820,0
strict,582,23,+0.0469,0.0225,stable,5,95,92,=, = <<200-80,120>>120 are,3.4609,1
strict,582,23,+0.0469,0.0225,stable,6,30,4,'s,Darrell and Allen, ages are in the ratio of 7,3.3691,0
strict,582,23,+0.0469,0.0225,stable,7,40,1,'s,Brandon, iPhone is four times as old as Ben,3.3145,0
strict,582,23,+0.0469,0.0225,stable,8,9,2,'s,Eliza, rate per hour for the first 4,2.6875,0
strict,582,23,+0.0469,0.0225,stable,9,95,160,=, = <<120-80,40>>40 girls are not,2.6270,1
strict,582,23,+0.0469,0.0225,stable,10,74,8, Farmers,Artie has a flower stand at the, Market. He sells three kinds of flowers,2.1387,0
strict,582,23,+0.0469,0.0225,stable,11,19,1,issa,Mar, is hiking a 12-mile trail,2.1035,0
strict,582,23,+0.0469,0.0225,stable,12,46,34, the," On her way, she stopped off at", store and purchased a package of Post-it,2.0801,0
strict,582,23,+0.0469,0.0225,stable,13,49,151,=, = <<120-90,"30>>30 units.
####",2.0781,1
strict,582,23,+0.0469,0.0225,stable,14,43,106,=,000-1800,200>>200 calories,1.9951,1
strict,582,23,+0.0469,0.0225,stable,15,64,115,=, gallons = <<100/4,25>>25 miles per gallon,1.8066,1
strict,582,23,+0.0469,0.0225,stable,16,97,32,’s, she uses contains three tomatoes. Freda, last batch of tomato sauce made 3,1.6914,0
strict,582,23,+0.0469,0.0225,stable,17,0,2,’s,Janet, ducks lay 16 eggs per day,1.6729,0
strict,582,23,+0.0469,0.0225,stable,18,64,63,'s, to fill it up again. The owner, manual for her car says that her tank,1.5977,0
strict,582,23,+0.0469,0.0225,stable,19,99,154,’s,"8 potted plants
Tomorrow, Mary", plant giveaway will be 40 *,1.5928,0
strict,2760,24,+0.0459,0.0201,rotated,0,5,37,ar,0% of the price. Kyl, wants to buy 16 glasses.,2.2520,0
strict,2760,24,+0.0459,0.0201,rotated,1,73,36,ela, for each unit. How much will Shi, pay each month for 3 months?,1.9736,0
strict,2760,24,+0.0459,0.0201,rotated,2,13,162, We, number of vacuum cleaners Melanie started with., can find x by dividing each side of,1.8711,0
strict,2760,24,+0.0459,0.0201,rotated,3,72,84,my,"29 by selling brownies.
Tom", raised 23 slices x $4,1.7695,0
strict,2760,24,+0.0459,0.0201,rotated,4,77,135, David, difference in the amount of laundry Raymond and, do is 200-1,1.7549,0
strict,2760,24,+0.0459,0.0201,rotated,5,88,37,ald," copies combined, how many copies did Har", sell? Let m be the number of,1.6904,0
strict,2760,24,+0.0459,0.0201,rotated,6,52,124,=, = <<15-7.5,"7.5>>7.5
",1.6865,1
strict,2760,24,+0.0459,0.0201,rotated,7,31,59, their, more than the first one. What is, average guess? The second person guessed ,1.6562,0
strict,2760,24,+0.0459,0.0201,rotated,8,47,50, He, How much did he spend on ties?, bought 200 / 4,1.6250,0
strict,2760,24,+0.0459,0.0201,rotated,9,37,34, He, sells them for $15 each., ends up buying 8 video games for,1.6133,0
strict,2760,24,+0.0459,0.0201,rotated,10,2,110,He,"130,000
", increased the value of the house by ,1.5771,0
strict,2760,24,+0.0459,0.0201,rotated,11,42,17, She, the fireman's luncheon. , cut each pie into 8 pieces and,1.4883,0
strict,2760,24,+0.0459,0.0201,rotated,12,88,16,ald,10 times as many copies as Har,'s. If they sold 88,1.4482,0
strict,2760,24,+0.0459,0.0201,rotated,13,77,32, David, difference in the amount of laundry Raymond and, do if Sarah does 400,1.4062,0
strict,2760,24,+0.0459,0.0201,rotated,14,33,84,chen,"40>>40
Gret", has 40+30=,1.3955,0
strict,2760,24,+0.0459,0.0201,rotated,15,13,163, can, of vacuum cleaners Melanie started with. We, find x by dividing each side of the,1.3936,0
strict,2760,24,+0.0459,0.0201,rotated,16,47,45, he, $40 each. How much did, spend on ties? He bought 2,1.3545,0
strict,2760,24,+0.0459,0.0201,rotated,17,74,159,ie,"2 is 5 or higher.
Art", will round his petunias up from,1.3252,0
strict,2760,24,+0.0459,0.0201,rotated,18,44,177,He,"0>>20.00
", wants to sell each candle for $2,1.3125,0
strict,2760,24,+0.0459,0.0201,rotated,19,64,125,To,"5>>25 miles per gallon
", find how far Olivia can go on a,1.2842,0
strict,846,25,+0.0433,0.0247,rotated,0,54,149, two,ining the adopted kittens with those from the," cats, the Doubtfire family now",4.7773,0
strict,846,25,+0.0433,0.0247,rotated,1,54,27, two, their mother calls to inform them that their, house cats have just had kittens. She,4.7500,0
strict,846,25,+0.0433,0.0247,rotated,2,16,50, two, the distance covered by each train in the," days? On the first day, the",4.5898,0
strict,846,25,+0.0433,0.0247,rotated,3,16,126, two," the second day.
The combined distance the", trains covered in the two days is ,4.5664,0
strict,846,25,+0.0433,0.0247,rotated,4,71,73, two,"40 instructions.
The total for the", dishes is 40 instructions + ,4.2930,0
strict,846,25,+0.0433,0.0247,rotated,5,16,169, two,"0 miles
The average distance for the", days is 460 miles /,4.2852,0
strict,846,25,+0.0433,0.0247,rotated,6,38,88, two,"=3>>3 days.
So for"," days, he runs 3/2",4.2109,0
strict,846,25,+0.0433,0.0247,rotated,7,94,54, two, are in the neighborhood? If there are," cats for every dog, and the number",3.9805,0
strict,846,25,+0.0433,0.0247,rotated,8,16,131, two, combined distance the two trains covered in the, days is 300 miles +,3.9492,0
strict,846,25,+0.0433,0.0247,rotated,9,19,31, two,", then another hour to walk the next", miles. If she wants her average speed,3.7480,0
strict,846,25,+0.0433,0.0247,rotated,10,80,66, two,">>4 liters of water.
So the", girls got a total of 4 x,3.6758,0
strict,846,25,+0.0433,0.0247,rotated,11,71,41, two, Kelian have to read to prepare the, dishes? The second recipe has 2,3.6309,0
strict,846,25,+0.0433,0.0247,rotated,12,80,116, two,4 liters of water were gotten by the," girls and the boy.
Therefore, ",3.5410,0
strict,846,25,+0.0433,0.0247,rotated,13,71,3, two,Kelian has," recipes for preparing dishes, one having ",3.5215,0
strict,846,25,+0.0433,0.0247,rotated,14,17,145, two,"50/week
Then add those", amounts to find the total amount Jill makes,3.4121,0
strict,846,25,+0.0433,0.0247,rotated,15,6,111, three,"160 sheep
Together, the", has 20 sheep + 1,3.3906,0
strict,846,25,+0.0433,0.0247,rotated,16,10,96, two,">>180
In the first"," months, the total number of downloads of",3.3789,0
strict,846,25,+0.0433,0.0247,rotated,17,29,30, two, she has to choose between the boots and, pairs of high heels that together cost five,3.3516,0
strict,846,25,+0.0433,0.0247,rotated,18,88,129, both,"8,000
Dividing"," sides by 11, we get",3.2598,0
strict,846,25,+0.0433,0.0247,rotated,19,38,32, two, first day and half as much the other, days he runs.  How fast does,2.9336,0
strict,4993,26,+0.0427,0.1431,stable,0,71,27, one, having twice as many instructions as the first,. How many instructions does Kelian have,10.7344,0
strict,4993,26,+0.0427,0.1431,stable,1,31,55, one, 25% more than the first,. What is their average guess? The,10.0625,0
strict,4993,26,+0.0427,0.1431,stable,2,71,26, first, one having twice as many instructions as the, one. How many instructions does Kelian,9.3906,0
strict,4993,26,+0.0427,0.1431,stable,3,11,56, dozen, cheesecakes for $55 per,. How much was the total cost?,9.3750,0
strict,4993,26,+0.0427,0.1431,stable,4,88,56, sold, sold and h be the number Harald,. We know that m + h =,9.3516,0
strict,4993,26,+0.0427,0.1431,stable,5,14,38, dance,", and the rest enrolled in hip-hop",. What percentage of the entire students enrolled,9.3203,0
strict,4993,26,+0.0427,0.1431,stable,6,72,24, slice, and cheesecakes for $4 a,. If Tommy sells 43 brown,9.2188,0
strict,4993,26,+0.0427,0.1431,stable,7,48,87, inches,*4=48>>48,".
Since the wire was cut into pieces",9.1875,0
strict,4993,26,+0.0427,0.1431,stable,8,57,52, pounds, empty truck is 3755,. What is the maximum number of boxes,9.1562,0
strict,4993,26,+0.0427,0.1431,stable,9,10,32, month, as many as the downloads in the first,", but then reduced by 30",8.5078,0
strict,4993,26,+0.0427,0.1431,stable,10,74,67, pot,ias for $2.12 per,". Artie has no change today,",8.4844,0
strict,4993,26,+0.0427,0.1431,stable,11,39,15, walk, of speed four times faster than she can,", but she can skip at a rate",8.3594,0
strict,4993,26,+0.0427,0.1431,stable,12,74,188, higher, following the 1 is 5 or,".
Artie will round his begon",8.2031,0
strict,4993,26,+0.0427,0.1431,stable,13,82,20, weighs, pounds less than 4 times what Grace,. What are their combined weights in pounds,8.1953,0
strict,4993,26,+0.0427,0.1431,stable,14,74,28,ias,"olds, petunias and begon",. He usually sells marigolds for,8.1172,0
strict,4993,26,+0.0427,0.1431,stable,15,53,45,0," repaired, the mechanic will charge $4",".  On Thursday, the mechanic repairs",8.0781,1
strict,4993,26,+0.0427,0.1431,stable,16,75,32, it, half the square footage as the level below,. If he makes a 4 leveled,8.0703,0
strict,4993,26,+0.0427,0.1431,stable,17,74,156, higher, following the 2 is 5 or,".
Artie will round his petun",7.9727,0
strict,4993,26,+0.0427,0.1431,stable,18,39,34, run, that is half as fast as she can,. If she can skip at 3,7.9688,0
strict,4993,26,+0.0427,0.1431,stable,19,90,43, adult, child will eat half as much as an,.  If there will be 2,7.8633,0
strict,6099,27,+0.0411,0.0175,redirected,0,84,96, <<, L = 14/2 =,14/2=7>>7,2.3906,1
strict,6099,27,+0.0411,0.0175,redirected,1,62,172,0,% = $<<5000,*50*.01=2,1.8633,1
strict,6099,27,+0.0411,0.0175,redirected,2,71,56, <<, 2 * 20 instructions =,2*20=40>>,1.8174,1
strict,6099,27,+0.0411,0.0175,redirected,3,77,108, <<, does 400/4 =,400/4=10,1.7646,1
strict,6099,27,+0.0411,0.0175,redirected,4,40,53, <<,’s iPhone is 1*2 =,1*2=2>>2 years,1.7090,1
strict,6099,27,+0.0411,0.0175,redirected,5,60,59, <<,/100)*25 =,(20/100)*,1.7051,1
strict,6099,27,+0.0411,0.0175,redirected,6,15,189,0,0) = $<<800,*(1.2/100,1.6885,1
strict,6099,27,+0.0411,0.0175,redirected,7,7,184,0,2 GB/minute = <<20,/2=100>>1,1.6816,1
strict,6099,27,+0.0411,0.0175,redirected,8,94,81, <<, cats is 2*60 =,2*60=120,1.6377,1
strict,6099,27,+0.0411,0.0175,redirected,9,6,60, <<, 4 * 20 sheep =,20*4=80>>,1.6318,1
strict,6099,27,+0.0411,0.0175,redirected,10,63,76, a,". A year has twelve months, so", half of the year is 12,1.6318,0
strict,6099,27,+0.0411,0.0175,redirected,11,10,79, <<, increased to 3*60 =,3*60=180,1.6270,1
strict,6099,27,+0.0411,0.0175,redirected,12,14,66, <<, 20/100 =,20*20/10,1.6035,1
strict,6099,27,+0.0411,0.0175,redirected,13,7,128, Windows, the download rate to find the time until, restarts: 80 GB /,1.5400,0
strict,6099,27,+0.0411,0.0175,redirected,14,41,161,<<, of 3*400=,3*400=12,1.5332,1
strict,6099,27,+0.0411,0.0175,redirected,15,63,88, <<, year is 12/2 =,12/2=6>>6,1.5166,1
strict,6099,27,+0.0411,0.0175,redirected,16,7,221, Windows," the whole file, and to wait for", to update: 40 minutes +,1.4922,0
strict,6099,27,+0.0411,0.0175,redirected,17,63,173,0,0/100*14,"=14>>14 less
",1.4902,1
strict,6099,27,+0.0411,0.0175,redirected,18,75,156,The,"128>>128
", four levels total to 240,1.4795,0
strict,6099,27,+0.0411,0.0175,redirected,19,10,168,0,0/100*18,"=54>>54
There",1.4678,1
strict,4904,28,+0.0397,0.0175,redirected,0,7,70, First, does it take to download the file?, find how many gigabytes are in ,2.7930,0
strict,4904,28,+0.0397,0.0175,redirected,1,13,58, First,", how many did she start with?", multiply the five remaining vacuum cleaners by two,2.5977,0
strict,4904,28,+0.0397,0.0175,redirected,2,19,65, First, she need to walk the remaining distance?, figure out how many hours it takes to,2.4492,0
strict,4904,28,+0.0397,0.0175,redirected,3,83,32, First, How many thorns are there total?, find the total number of roses: ,2.4141,0
strict,4904,28,+0.0397,0.0175,redirected,4,59,32, First, How many raspberries are there total?, find the number of fruit in clusters:,2.3340,0
strict,4904,28,+0.0397,0.0175,redirected,5,58,198, fees,7.00 in delivery/tip, for a final total of $40,2.2969,0
strict,4904,28,+0.0397,0.0175,redirected,6,17,58, First," coach, what's her annual salary?", find the total amount Jill makes per week,2.1777,0
strict,4904,28,+0.0397,0.0175,redirected,7,62,68, First,", what will her annual pension be?", find how many years Marcy works after,2.1660,0
strict,4904,28,+0.0397,0.0175,redirected,8,84,101,=,/2 = <<14/2,"7>>7 losses.
Therefore, the",2.1387,1
strict,4904,28,+0.0397,0.0175,redirected,9,93,2, to,Lee used, be able to run the 40,2.0234,0
strict,4904,28,+0.0397,0.0175,redirected,10,93,3, be,Lee used to, able to run the 400,1.5361,0
strict,4904,28,+0.0397,0.0175,redirected,11,60,88, therefore," bad, unripe and sour oranges is", 1+5+2 = <<,1.3447,0
strict,4904,28,+0.0397,0.0175,redirected,12,16,180, trains, 460 miles / 2, = <<460/2=,1.3428,0
strict,4904,28,+0.0397,0.0175,redirected,13,46,96, let, the package that she purchased? Let's, x be the number of post-it notes,1.3291,0
strict,4904,28,+0.0397,0.0175,redirected,14,5,96, that,".
If every second glass is cheaper,", means Kylar is going to buy,1.3174,0
strict,4904,28,+0.0397,0.0175,redirected,15,30,56,1,+11= <<7+1,"=18>>18
Since",1.3047,1
strict,4904,28,+0.0397,0.0175,redirected,16,24,59,%, price is X - X*25," = $19.50.
",1.3037,0
strict,4904,28,+0.0397,0.0175,redirected,17,66,152, coaches, sent 10 players + 2, = <<10+2=1,1.3018,0
strict,4904,28,+0.0397,0.0175,redirected,18,85,27, its, he has been on. Every shirt is, own quilt block. Each row is made,1.2959,0
strict,4904,28,+0.0397,0.0175,redirected,19,6,91, sheep, which is 2 * 80, = <<2*80=1,1.2910,0
strict,350,29,+0.0393,0.0768,stable,0,1,1, robe,A, takes 2 bolts of blue fiber and,7.0156,0
strict,350,29,+0.0393,0.0768,stable,1,71,1,elian,K," has two recipes for preparing dishes, one",6.7266,0
strict,350,29,+0.0393,0.0768,stable,2,10,1, new,A, program had 60 downloads in the,6.4336,0
strict,350,29,+0.0393,0.0768,stable,3,54,3,ire,The Doubtf, sisters are driving home with 7 kittens,6.4336,0
strict,350,29,+0.0393,0.0768,stable,4,41,1, great,The," dragon, Perg, sat high atop",6.3516,0
strict,350,29,+0.0393,0.0768,stable,5,11,2,la,Tou, went to the bakery and bought various types,6.2109,0
strict,350,29,+0.0393,0.0768,stable,6,87,1, company,A, pays each of its employees $60,6.1562,0
strict,350,29,+0.0393,0.0768,stable,7,6,1,oulouse,T, has twice as many sheep as Charleston.,6.0664,0
strict,350,29,+0.0393,0.0768,stable,8,84,1, football,A, team played 22 games. They,6.0508,0
strict,350,29,+0.0393,0.0768,stable,9,85,1, is,Gene, sewing a quilt out of old souvenir t,5.9375,0
strict,350,29,+0.0393,0.0768,stable,10,76,2,ilia,Cec, just bought a new puppy. According to,5.8555,0
strict,350,29,+0.0393,0.0768,stable,11,66,1, are,There, four schools competing at a basketball tournament.,5.8047,0
strict,350,29,+0.0393,0.0768,stable,12,68,1, are,There, twice as many boys as girls at Dr,5.8047,0
strict,350,29,+0.0393,0.0768,stable,13,41,2, dragon,The great,", Perg, sat high atop mount",5.7656,0
strict,350,29,+0.0393,0.0768,stable,14,59,1, raspberry,A, bush has 6 clusters of 2,5.7539,0
strict,350,29,+0.0393,0.0768,stable,15,5,2,ar,Kyl, went to the store to buy glasses for,5.7422,0
strict,350,29,+0.0393,0.0768,stable,16,59,2, bush,A raspberry, has 6 clusters of 20,5.7266,0
strict,350,29,+0.0393,0.0768,stable,17,57,1, wooden,A, bridge can carry no more than 5,5.6797,0
strict,350,29,+0.0393,0.0768,stable,18,31,1,unter,G, is trying to count the jelly beans in,5.6523,0
strict,350,29,+0.0393,0.0768,stable,19,54,4, sisters,The Doubtfire, are driving home with 7 kittens adopted,5.6055,0
strict,3083,30,+0.0365,0.0180,stable,0,90,13, dinosaur, was planning to bring potato salad to the, picnic.  He knows that an adult,2.0156,0
strict,3083,30,+0.0365,0.0180,stable,1,43,2, its,According to," nutritional info, a bag of chips has",1.9629,0
strict,3083,30,+0.0365,0.0180,stable,2,15,65, same, rise 1.2% within the, month. If the merchant is looking to,1.5352,0
strict,3083,30,+0.0365,0.0180,stable,3,4,26, help," seeds, mealworms and vegetables to", keep them healthy.  She gives the,1.5039,0
strict,3083,30,+0.0365,0.0180,stable,4,41,192,-foot, is beyond the 1000, reach of the dragon's flames by a,1.4824,1
strict,3083,30,+0.0365,0.0180,stable,5,93,67, with,"8 seconds, how fast can Gerald,"," his improved diet, run the 4",1.1973,0
strict,3083,30,+0.0365,0.0180,stable,6,45,37, about, of 4 hours to research and write,". Last week, she wrote 5",1.1797,0
strict,3083,30,+0.0365,0.0180,stable,7,39,27, is, can skip at a rate of speed that, half as fast as she can run.,1.1777,0
strict,3083,30,+0.0365,0.0180,stable,8,39,26, that, she can skip at a rate of speed, is half as fast as she can run,1.0938,0
strict,3083,30,+0.0365,0.0180,stable,9,93,68, his," seconds, how fast can Gerald, with"," improved diet, run the 40",1.0605,0
strict,3083,30,+0.0365,0.0180,stable,10,76,1,ec,C,ilia just bought a new puppy. According,1.0098,0
strict,3083,30,+0.0365,0.0180,stable,11,8,58, driving,.  He spends the next half-hour, at a speed of 30mph,0.9614,0
strict,3083,30,+0.0365,0.0180,stable,12,13,20, green, a third of her vacuum cleaners at the," house, 2 more to the red",0.8398,0
strict,3083,30,+0.0365,0.0180,stable,13,29,42, the, heels that together cost five dollars less than, boots. If one pair of heels costs,0.8291,0
strict,3083,30,+0.0365,0.0180,stable,14,23,6, cent,A candle melts by 2,imeters every hour that it burns. How,0.8179,0
strict,3083,30,+0.0365,0.0180,stable,15,15,76, at, If the merchant is looking to maximize profit, the end of this month by making a,0.8022,0
strict,3083,30,+0.0365,0.0180,stable,16,48,19, The, to support tomato plants in the garden., wire was cut into pieces 6 inches,0.6626,0
strict,3083,30,+0.0365,0.0180,stable,17,29,55, the, pair of heels costs $33 and," other costs twice as much, how many",0.4509,0
strict,3083,30,+0.0365,0.0180,stable,18,0,1,et,Jan,’s ducks lay 16 eggs per,0.0000,0
strict,3083,30,+0.0365,0.0180,stable,19,0,2,’s,Janet, ducks lay 16 eggs per day,0.0000,0
strict,5004,31,+0.0348,0.0048,reweighted,0,15,124,0,0*(2.5/10,) = $<<5000,7.1367,1
strict,5004,31,+0.0348,0.0048,reweighted,1,15,140,0,0*(2.5/10,)=125>>125,7.0234,1
strict,5004,31,+0.0348,0.0048,reweighted,2,31,88,2,)= <<20+(80/,")=60>>60
The",6.7305,1
strict,5004,31,+0.0348,0.0048,reweighted,3,60,54,0, oranges is (20/10,)*25 = <<(20,6.3984,1
strict,5004,31,+0.0348,0.0048,reweighted,4,84,53,8,"8.
The team played (L+",) + L = 2L +,6.2617,1
strict,5004,31,+0.0348,0.0048,reweighted,5,15,181,0,0*(1.2/10,) = $<<8000,6.1367,1
strict,5004,31,+0.0348,0.0048,reweighted,6,26,108,2,+22.50+4,)=243>>243,6.1250,1
strict,5004,31,+0.0348,0.0048,reweighted,7,19,54, hour," hour, what speed (in miles per",) does she need to walk the remaining,6.1094,0
strict,5004,31,+0.0348,0.0048,reweighted,8,95,95,0,00-80=12,">>120 are girls.
Out",5.7852,1
strict,5004,31,+0.0348,0.0048,reweighted,9,37,88,0, <<8*20=16,">>160
He earned $",5.6250,1
strict,5004,31,+0.0348,0.0048,reweighted,10,31,79,2, 20 + (80/,)= <<20+(80/,5.6211,1
strict,5004,31,+0.0348,0.0048,reweighted,11,15,197,0,0*(1.2/10,")=96>>96
If",5.6172,1
strict,5004,31,+0.0348,0.0048,reweighted,12,95,162,0,120-80=4,>>40 girls are not in the,5.5859,1
strict,5004,31,+0.0348,0.0048,reweighted,13,23,77,8, 4 = <<2*4=,">>8 centimeters shorter.
#### ",5.5547,1
strict,5004,31,+0.0348,0.0048,reweighted,14,10,196,6,80-54=12,>>126 downloads in the third,5.4805,1
strict,5004,31,+0.0348,0.0048,reweighted,15,37,121,5,160+5=16,">>165
He sold ",5.4648,1
strict,5004,31,+0.0348,0.0048,reweighted,16,44,218,0,*20=40.0,">>40.00
If",5.4648,1
strict,5004,31,+0.0348,0.0048,reweighted,17,31,125,0,*1.25=10,">>100
The total amount",5.4570,1
strict,5004,31,+0.0348,0.0048,reweighted,18,44,169,0,0*2=20.0,">>20.00
He",5.4453,1
strict,5004,31,+0.0348,0.0048,reweighted,19,76,121,0,180*1=18,">>180 cups
The number",5.4414,1
strict,480,32,+0.0347,0.0170,reweighted,0,52,147, .,5 toys because 7.5 /,5 = <<15=15,2.7266,1
strict,480,32,+0.0347,0.0170,reweighted,1,73,150,ela,">>765.
Thus, Shi", will pay $765/3,2.2539,0
strict,480,32,+0.0347,0.0170,reweighted,2,52,78, .,.5 pounds because 30 x,25 = <<30*.2,2.0898,1
strict,480,32,+0.0347,0.0170,reweighted,3,86,91, Greg, alarm ring in all? The second time,"’s alarm went off, it rang three",2.0898,0
strict,480,32,+0.0347,0.0170,reweighted,4,13,163, can, of vacuum cleaners Melanie started with. We, find x by dividing each side of the,2.0801,0
strict,480,32,+0.0347,0.0170,reweighted,5,62,36, she,". Starting after 20 years,", becomes entitled to 5% of the,2.0332,0
strict,480,32,+0.0347,0.0170,reweighted,6,81,30, Charlie,23 stickers for his birthday. Then, gave 9 of the stickers to his,1.9775,0
strict,480,32,+0.0347,0.0170,reweighted,7,9,22, She, works each week is $10., also receives an overtime pay of 1,1.9082,0
strict,480,32,+0.0347,0.0170,reweighted,8,29,22, she," that fit her shoe budget. However,", has to choose between the boots and two,1.7773,0
strict,480,32,+0.0347,0.0170,reweighted,9,6,1,oulouse,T, has twice as many sheep as Charleston.,1.7422,0
strict,480,32,+0.0347,0.0170,reweighted,10,97,9, they," Freda cooks canned tomatoes into sauce,", lose half their volume. Each 1,1.7002,0
strict,480,32,+0.0347,0.0170,reweighted,11,54,3,ire,The Doubtf, sisters are driving home with 7 kittens,1.6973,0
strict,480,32,+0.0347,0.0170,reweighted,12,9,41,iza, times her regular hourly rate. If El, worked for 45 hours this week,1.6904,0
strict,480,32,+0.0347,0.0170,reweighted,13,97,31,a, that she uses contains three tomatoes. Fred,’s last batch of tomato sauce made ,1.5957,0
strict,480,32,+0.0347,0.0170,reweighted,14,64,8, trip,Sophia is thinking of taking a road," in her car, and would like to",1.5918,0
strict,480,32,+0.0347,0.0170,reweighted,15,20,42, I," water. But as I pour it,", spill one liter of the orange drink.,1.5596,0
strict,480,32,+0.0347,0.0170,reweighted,16,81,45, to, to his sister and used 28, decorate a greeting card. How many stickers,1.5146,0
strict,480,32,+0.0347,0.0170,reweighted,17,64,95, miles, a single tank of gas? To find, per gallon divide 100 miles,1.4912,0
strict,480,32,+0.0347,0.0170,reweighted,18,81,42, , of the stickers to his sister and used,28 to decorate a greeting card.,1.4131,0
strict,480,32,+0.0347,0.0170,reweighted,19,54,4, sisters,The Doubtfire, are driving home with 7 kittens adopted,1.3965,0
strict,3535,33,+0.0311,0.0175,redirected,0,75,44, the, makes a 4 leveled sandcastle where, top level has a square footage of ,1.2314,0
strict,3535,33,+0.0311,0.0175,redirected,1,5,1,yl,K,ar went to the store to buy glasses,1.1953,0
strict,3535,33,+0.0311,0.0175,redirected,2,86,31, The, to ring until Greg turns it off.," first time it went off today, it",1.1846,0
strict,3535,33,+0.0311,0.0175,redirected,3,21,39, ago," now 31, how many years", was Raymond's son born? When Raymond,1.0957,0
strict,3535,33,+0.0311,0.0175,redirected,4,71,69,The,"=40>>40 instructions.
", total for the two dishes is 4,1.0889,0
strict,3535,33,+0.0311,0.0175,redirected,5,88,15, Har, 10 times as many copies as,ald's. If they sold 8,0.9648,0
strict,3535,33,+0.0311,0.0175,redirected,6,48,9, feet,acy used a piece of wire 4, long to support tomato plants in the garden,0.9502,0
strict,3535,33,+0.0311,0.0175,redirected,7,54,105,Since,"=21>>21 kittens
", Trixie's kittens are 1,0.8809,0
strict,3535,33,+0.0311,0.0175,redirected,8,52,1,ah,Uri,'s book bag is getting too heavy for,0.8516,0
strict,3535,33,+0.0311,0.0175,redirected,9,21,42,'s,"1, how many years ago was Raymond", son born? When Raymond's son was,0.7319,0
strict,3535,33,+0.0311,0.0175,redirected,10,98,96, The, in the first 15 minutes?, cars that exited do not need to be,0.5947,0
strict,3535,33,+0.0311,0.0175,redirected,11,85,24, Every, from each vacation he has been on., shirt is its own quilt block. Each,0.5591,0
strict,3535,33,+0.0311,0.0175,redirected,12,0,1,et,Jan,’s ducks lay 16 eggs per,0.0000,0
strict,3535,33,+0.0311,0.0175,redirected,13,0,2,’s,Janet, ducks lay 16 eggs per day,0.0000,0
strict,3535,33,+0.0311,0.0175,redirected,14,0,3, ducks,Janet’s, lay 16 eggs per day.,0.0000,0
strict,3535,33,+0.0311,0.0175,redirected,15,0,4, lay,Janet’s ducks, 16 eggs per day. She,0.0000,0
strict,3535,33,+0.0311,0.0175,redirected,16,0,5, ,Janet’s ducks lay,16 eggs per day. She eats,0.0000,0
strict,3535,33,+0.0311,0.0175,redirected,17,0,6,1,Janet’s ducks lay ,6 eggs per day. She eats three,0.0000,1
strict,3535,33,+0.0311,0.0175,redirected,18,0,7,6,Janet’s ducks lay 1, eggs per day. She eats three for,0.0000,1
strict,3535,33,+0.0311,0.0175,redirected,19,0,8, eggs,Janet’s ducks lay 16, per day. She eats three for breakfast,0.0000,0
strict,1668,34,+0.0296,0.0179,rotated,0,73,167,=, = $<<765/3,255>>255 each,6.7695,1
strict,1668,34,+0.0296,0.0179,rotated,1,54,97,=, * 7 = <<3*7,"21>>21 kittens
Since",5.3750,1
strict,1668,34,+0.0296,0.0179,rotated,2,18,57,=,3*7 = <<3*7,21>>21 eggs a week,5.0508,1
strict,1668,34,+0.0296,0.0179,rotated,3,87,192,=, = $<<3*720,2160>>216,4.7422,1
strict,1668,34,+0.0296,0.0179,rotated,4,20,152,=,3 = <<9*2/3,"6>>6 liters are water.
Thus",4.7227,1
strict,1668,34,+0.0296,0.0179,rotated,5,78,68,=, 3 = <<18/3,"6>>6.
The cost of using",4.7070,1
strict,1668,34,+0.0296,0.0179,rotated,6,57,107,=,000-3755,1245>>124,4.6289,1
strict,1668,34,+0.0296,0.0179,rotated,7,32,75,=,5*7=<<5*7,35>>35 hours per week,4.4922,1
strict,1668,34,+0.0296,0.0179,rotated,8,3,67,=,60=<<9*60,540>>540 meters,4.2539,1
strict,1668,34,+0.0296,0.0179,rotated,9,12,175,=, = <<90/7.5,"12>>12
He will",4.2227,1
strict,1668,34,+0.0296,0.0179,rotated,10,28,100,=, miles = <<60-35,25>>25 miles between his,4.1992,1
strict,1668,34,+0.0296,0.0179,rotated,11,8,285,=,<<180-135,45>>45 miles away from,4.0352,1
strict,1668,34,+0.0296,0.0179,rotated,12,83,96,=,/rose = <<75*8,600>>600 th,3.6523,1
strict,1668,34,+0.0296,0.0179,rotated,13,87,185, $, years * $720/year =,<<3*720=2,3.6445,0
strict,1668,34,+0.0296,0.0179,rotated,14,96,49,=,3 = <<9*2/3,"6>>6 hours.
So, Harry",3.6289,1
strict,1668,34,+0.0296,0.0179,rotated,15,72,134,=, $<<129+92,"221>>221
",3.5391,1
strict,1668,34,+0.0296,0.0179,rotated,16,31,196,=,3 = <<240/3,"80>>80
#### ",3.4785,1
strict,1668,34,+0.0296,0.0179,rotated,17,3,61,=,So he runs 9*60,<<9*60=54,3.4668,1
strict,1668,34,+0.0296,0.0179,rotated,18,87,149,=,100*7200,720>>720/year,3.2617,1
strict,1668,34,+0.0296,0.0179,rotated,19,63,289,=,<<840+756,1596>>159,3.2363,1
strict,925,35,+0.0284,0.0209,redirected,0,39,25, speed, but she can skip at a rate of, that is half as fast as she can,2.5859,0
strict,925,35,+0.0284,0.0209,redirected,1,86,52, rang," The second time it went off, it", for three times as long as the first,2.4570,0
strict,925,35,+0.0284,0.0209,redirected,2,14,101,=, 4 = <<20-4,16>>16 students are enrolled,2.3164,1
strict,925,35,+0.0284,0.0209,redirected,3,58,198, fees,7.00 in delivery/tip, for a final total of $40,2.3164,0
strict,925,35,+0.0284,0.0209,redirected,4,84,124,=, 7 = <<22-7,"15>>15 games.
####",2.3066,1
strict,925,35,+0.0284,0.0209,redirected,5,60,102,=,2 = <<1+5+2,"8>>8 oranges
The rest which",2.2441,1
strict,925,35,+0.0284,0.0209,redirected,6,20,152,=,3 = <<9*2/3,"6>>6 liters are water.
Thus",2.2109,1
strict,925,35,+0.0284,0.0209,redirected,7,78,68,=, 3 = <<18/3,"6>>6.
The cost of using",2.0410,1
strict,925,35,+0.0284,0.0209,redirected,8,15,73, to, same month. If the merchant is looking, maximize profit at the end of this month,1.9990,0
strict,925,35,+0.0284,0.0209,redirected,9,38,139,=,+1.5+1.5,"6>>6 hours.
So he runs",1.9600,1
strict,925,35,+0.0284,0.0209,redirected,10,86,68, rang," first time. The third time, it", for half as long as the second time,1.9473,0
strict,925,35,+0.0284,0.0209,redirected,11,39,178, one,"3)=4>>4 hours.
If","-third of the time is spent running,",1.9014,0
strict,925,35,+0.0284,0.0209,redirected,12,29,16, her, comes across a pair of boots that fit," shoe budget. However, she has to",1.8867,0
strict,925,35,+0.0284,0.0209,redirected,13,84,83, , = 22 - 8 =,"14
So L = 1",1.8770,0
strict,925,35,+0.0284,0.0209,redirected,14,72,134,=, $<<129+92,"221>>221
",1.8281,1
strict,925,35,+0.0284,0.0209,redirected,15,60,123,=,-8 = <<25-8,17>>17 oranges are good,1.8164,1
strict,925,35,+0.0284,0.0209,redirected,16,39,177,If,"/3)=4>>4 hours.
", one-third of the time is spent running,1.8076,0
strict,925,35,+0.0284,0.0209,redirected,17,75,198,=,64+32+16,"240>>240
",1.8076,1
strict,925,35,+0.0284,0.0209,redirected,18,39,65, and, she spends one-third of the time running, two-thirds of the time walking? If,1.7988,0
strict,925,35,+0.0284,0.0209,redirected,19,7,212, download,"40% of the file, to"," the whole file, and to wait for",1.7773,0
strict,3897,36,+0.0273,0.0180,reweighted,0,79,51, gave, does the grooming cost? The groomer, a 100*.3=$,3.6777,0
strict,3897,36,+0.0273,0.0180,reweighted,1,81,31, gave,3 stickers for his birthday. Then Charlie, 9 of the stickers to his sister,3.5547,0
strict,3897,36,+0.0273,0.0180,reweighted,2,81,97, given,">>54.
The number of stickers", away and used on the greeting card is,3.5430,0
strict,3897,36,+0.0273,0.0180,reweighted,3,99,57, give," generous, she has decided that she will", 1 potted plant from each ledge,3.0723,0
strict,3897,36,+0.0273,0.0180,reweighted,4,33,71,=,"
2*x=80
x",<<40=40>>4,2.8242,1
strict,3897,36,+0.0273,0.0180,reweighted,5,52,147, .,5 toys because 7.5 /,5 = <<15=15,2.3906,1
strict,3897,36,+0.0273,0.0180,reweighted,6,4,33, gives, to help keep them healthy.  She, the chickens their feed in three separate meals,2.3750,0
strict,3897,36,+0.0273,0.0180,reweighted,7,7,148,=,/minute = <<80/2,"40>>40 minutes
Then",2.3535,1
strict,3897,36,+0.0273,0.0180,reweighted,8,76,94, given,? The number of cups of dog food, for the first 180 days,2.3301,0
strict,3897,36,+0.0273,0.0180,reweighted,9,14,101,=, 4 = <<20-4,16>>16 students are enrolled,2.3105,1
strict,3897,36,+0.0273,0.0180,reweighted,10,15,229, thereby,", he will choose to purchase jewelry,", making a profit of $<<12,2.1250,0
strict,3897,36,+0.0273,0.0180,reweighted,11,62,112, amount," years
Then multiply that number by the", of her pension she gets per year:,2.1113,0
strict,3897,36,+0.0273,0.0180,reweighted,12,41,192,-foot, is beyond the 1000, reach of the dragon's flames by a,2.1055,1
strict,3897,36,+0.0273,0.0180,reweighted,13,52,78, .,.5 pounds because 30 x,25 = <<30*.2,2.0547,1
strict,3897,36,+0.0273,0.0180,reweighted,14,12,154, pay, 12 years to earn enough to, off the tree because 90 /,1.9541,0
strict,3897,36,+0.0273,0.0180,reweighted,15,99,156, giveaway,"otted plants
Tomorrow, Mary’s plant", will be 40 *1 =,1.8896,0
strict,3897,36,+0.0273,0.0180,reweighted,16,31,80,)=,20 + (80/2, <<20+(80/2,1.8379,1
strict,3897,36,+0.0273,0.0180,reweighted,17,76,171, given,"
The number of cups of dog food", for the rest of the first year is,1.7861,0
strict,3897,36,+0.0273,0.0180,reweighted,18,68,130,/,0 students would need 180,5 = <<180/5,1.7441,1
strict,3897,36,+0.0273,0.0180,reweighted,19,4,48, gives," separate meals. In the morning, she", her flock of chickens 15 cups,1.7070,0
strict,774,37,+0.0267,0.0018,rotated,0,80,45,1, the girls got 24 x ,/6 = <<24*1,5.6914,1
strict,774,37,+0.0267,0.0018,rotated,1,95,50,2, There are 200 x ,/5 = <<200*,4.9922,1
strict,774,37,+0.0267,0.0018,rotated,2,31,78,/, because 20 + (80,2)= <<20+(80,4.8594,1
strict,774,37,+0.0267,0.0018,rotated,3,34,50,/, of Raymond's jewels is 40,2 = <<40/2=,4.6445,1
strict,774,37,+0.0267,0.0018,rotated,4,86,154, ,", so it rang 12 /",2 = <<12/2=,4.6367,0
strict,774,37,+0.0267,0.0018,rotated,5,80,42,4,? Each of the girls got 2, x 1/6 = <<2,4.6289,1
strict,774,37,+0.0267,0.0018,rotated,6,90,96,/, 10 pounds is 10,2=<<10/2=,4.6094,1
strict,774,37,+0.0267,0.0018,rotated,7,60,66,0, = <<(20/10,)*25=5>>5 oranges,4.5742,1
strict,774,37,+0.0267,0.0018,rotated,8,96,45,*, * 2/3 = <<9,2/3=6>>6 hours,4.5742,1
strict,774,37,+0.0267,0.0018,rotated,9,31,75, (, 60 because 20 +,80/2)= <<20,4.5352,0
strict,774,37,+0.0267,0.0018,rotated,10,60,62,0,0)*25 = <<(2,/100)*25=,4.5078,1
strict,774,37,+0.0267,0.0018,rotated,11,95,118,2," girls, 120 x ",/3 = <<120*,4.5000,1
strict,774,37,+0.0267,0.0018,rotated,12,87,143,0, = $<<10/10,*7200=72,4.4414,1
strict,774,37,+0.0267,0.0018,rotated,13,90,95,0, of 10 pounds is 1,/2=<<10/2,4.3477,1
strict,774,37,+0.0267,0.0018,rotated,14,63,165,0,*140 = $<<1,/100*140,4.3164,1
strict,774,37,+0.0267,0.0018,rotated,15,31,86,0,/2)= <<20+(8,/2)=60>>60,4.3086,1
strict,774,37,+0.0267,0.0018,rotated,16,63,85,/, half of the year is 12,2 = <<12/2=,4.2734,1
strict,774,37,+0.0267,0.0018,rotated,17,60,50,0, of 25 oranges is (2,/100)*25 =,4.2695,1
strict,774,37,+0.0267,0.0018,rotated,18,95,117, ,"0 girls, 120 x",2/3 = <<120,4.2578,0
strict,774,37,+0.0267,0.0018,rotated,19,49,112,4,120 units = <<3/,*120=90>>,4.2188,1
strict,169,38,+0.0261,0.0034,stable,0,98,126,=, that exited = <<30-5,25>>25 cars that drove,4.2812,1
strict,169,38,+0.0261,0.0034,stable,1,26,81,2,16.50 + 2,.50 + 42),3.9609,1
strict,169,38,+0.0261,0.0034,stable,2,41,166,0,00=<<3*40,=1200>>12,3.9180,1
strict,169,38,+0.0261,0.0034,stable,3,6,1,oulouse,T, has twice as many sheep as Charleston.,3.7871,0
strict,169,38,+0.0261,0.0034,stable,4,54,4, sisters,The Doubtfire, are driving home with 7 kittens adopted,3.7695,0
strict,169,38,+0.0261,0.0034,stable,5,60,40,0, How many oranges are good? 2,% of 25 oranges is (,3.6309,1
strict,169,38,+0.0261,0.0034,stable,6,94,85,0,*60 = <<2*6,=120>>120,3.5527,1
strict,169,38,+0.0261,0.0034,stable,7,36,72,0,*30 = <<2*3,=60>>60 yogur,3.5254,1
strict,169,38,+0.0261,0.0034,stable,8,68,67,0,*60 = <<2*6,=120>>120,3.5176,1
strict,169,38,+0.0261,0.0034,stable,9,38,156,0, 60/6=<<6,/6=10>>10,3.4766,1
strict,169,38,+0.0261,0.0034,stable,10,48,114,=,/6=<<48/6,"8>>8 pieces
#### 8",3.4707,1
strict,169,38,+0.0261,0.0034,stable,11,60,39,2,. How many oranges are good? ,0% of 25 oranges is,3.4688,1
strict,169,38,+0.0261,0.0034,stable,12,14,196, ,0 x 100% =,"60% of the entire students.
",3.4570,0
strict,169,38,+0.0261,0.0034,stable,13,82,80,6,125+498=,"23>>623 pounds.
",3.4082,1
strict,169,38,+0.0261,0.0034,stable,14,44,78,1, and sells 20 candles? , pound of beeswax and the w,3.4023,1
strict,169,38,+0.0261,0.0034,stable,15,10,160,0,0*180 = <<3,/100*180,3.3594,1
strict,169,38,+0.0261,0.0034,stable,16,61,148,1,300+130=,430>>1430,3.3438,1
strict,169,38,+0.0261,0.0034,stable,17,75,105, ,2 is 64 square feet because,32 x 2 = <<3,3.3379,0
strict,169,38,+0.0261,0.0034,stable,18,38,136,1,=<<3+1.5+,".5=6>>6 hours.
",3.2812,1
strict,169,38,+0.0261,0.0034,stable,19,38,132,1,+1.5=<<3+,.5+1.5=6,3.2461,1
strict,4509,39,+0.0246,0.0196,rotated,0,64,18, how," her car, and would like to know", far she can drive on a single tank,4.3750,0
strict,4509,39,+0.0246,0.0196,rotated,1,64,19, far," car, and would like to know how", she can drive on a single tank of,4.1250,0
strict,4509,39,+0.0246,0.0196,rotated,2,31,18, many, a jar. He asks his friends how, they think are in the jar. One,3.6387,0
strict,4509,39,+0.0246,0.0196,rotated,3,19,70, hours, remaining distance? First figure out how many, it takes to hike a 12,3.5176,0
strict,4509,39,+0.0246,0.0196,rotated,4,19,221, hour, to find out how fast in miles per, Marissa has to travel: 6,3.4473,0
strict,4509,39,+0.0246,0.0196,rotated,5,19,217, fast, by the remaining time to find out how, in miles per hour Marissa has to,3.3340,0
strict,4509,39,+0.0246,0.0196,rotated,6,19,161, distance,"1 hour
Now figure out how much", she has left by subtracting the distance,3.2910,0
strict,4509,39,+0.0246,0.0196,rotated,7,62,149, much, amount of the full pension to find how," she gets: $50,0",3.1992,0
strict,4509,39,+0.0246,0.0196,rotated,8,19,127, time, already spent walking to find out how much, she has left: 3 hours -,3.1719,0
strict,4509,39,+0.0246,0.0196,rotated,9,78,44, how,8 flowers at the better price? Find, many packages of 3 would be needed,2.9648,0
strict,4509,39,+0.0246,0.0196,rotated,10,19,126, much,issa already spent walking to find out how, time she has left: 3 hours,2.9277,0
strict,4509,39,+0.0246,0.0196,rotated,11,19,125, how, Marissa already spent walking to find out, much time she has left: 3,2.6270,0
strict,4509,39,+0.0246,0.0196,rotated,12,13,71, many, vacuum cleaners by two to find out how, Melanie had before she visited the orange house,2.6016,0
strict,4509,39,+0.0246,0.0196,rotated,13,7,72, how, take to download the file? First find, many gigabytes are in 40,2.5664,0
strict,4509,39,+0.0246,0.0196,rotated,14,62,148, how, total amount of the full pension to find," much she gets: $50,",2.5293,0
strict,4509,39,+0.0246,0.0196,rotated,15,31,17, how, in a jar. He asks his friends, many they think are in the jar.,2.4941,0
strict,4509,39,+0.0246,0.0196,rotated,16,7,75,abytes, the file? First find how many gig, are in 40% of the,2.3633,0
strict,4509,39,+0.0246,0.0196,rotated,17,19,160, much,">>1 hour
Now figure out how", distance she has left by subtracting the,2.3359,0
strict,4509,39,+0.0246,0.0196,rotated,18,82,18, what, 2 pounds less than 4 times, Grace weighs. What are their combined weights,2.1523,0
strict,4509,39,+0.0246,0.0196,rotated,19,13,70, how, remaining vacuum cleaners by two to find out, many Melanie had before she visited the orange,2.1055,0
strict,5520,40,+0.0239,0.0277,stable,0,25,24,4," milk that costs $3 each, ", apples that cost $1.50,7.1602,1
strict,5520,40,+0.0239,0.0277,stable,1,25,13,5," meal that costs $12, ", packs of milk that costs $3 each,3.8145,1
strict,5520,40,+0.0239,0.0277,stable,2,26,18,3," 3 pairs of pants, and ", pairs of shoes. One pair of shorts,3.7695,1
strict,5520,40,+0.0239,0.0277,stable,3,26,11,3," bought 3 pairs of shorts, "," pairs of pants, and 3 pairs",3.4512,1
strict,5520,40,+0.0239,0.0277,stable,4,11,45,6," $80 per dozen, and ", dozen mini cheesecakes for $5,3.4453,1
strict,5520,40,+0.0239,0.0277,stable,5,11,31,2," cost $68 per dozen, ", dozen mini cupcakes which cost $80,3.2695,1
strict,5520,40,+0.0239,0.0277,stable,6,11,32, dozen," $68 per dozen, 2", mini cupcakes which cost $80 per,3.0645,0
strict,5520,40,+0.0239,0.0277,stable,7,25,36, some," $1.50 each, and", boxes of pizza. Marie paid a total,2.9434,0
strict,5520,40,+0.0239,0.0277,stable,8,11,46, dozen,"80 per dozen, and 6", mini cheesecakes for $55,2.8867,0
strict,5520,40,+0.0239,0.0277,stable,9,26,13, of,"3 pairs of shorts, 3 pairs"," pants, and 3 pairs of shoes",2.4102,0
strict,5520,40,+0.0239,0.0277,stable,10,29,30, two, she has to choose between the boots and, pairs of high heels that together cost five,2.3379,0
strict,5520,40,+0.0239,0.0277,stable,11,52,34, his, weigh 1/4 pound each and, toys weigh 1/2 pound each,2.3320,0
strict,5520,40,+0.0239,0.0277,stable,12,26,20, of," pairs of pants, and 3 pairs", shoes. One pair of shorts costs $,1.9727,0
strict,5520,40,+0.0239,0.0277,stable,13,47,4, many,John buys twice as, red ties as blue ties.  The,1.8301,0
strict,5520,40,+0.0239,0.0277,stable,14,5,84,=,60/100*5,"3>>3.
If every second glass",1.7852,1
strict,5520,40,+0.0239,0.0277,stable,15,72,37,3, 43 brownies and 2," slices of cheesecake, how much money",1.7246,1
strict,5520,40,+0.0239,0.0277,stable,16,86,13, reminder, to ring three times a day as a,". When the alarm goes off, it",1.6602,0
strict,5520,40,+0.0239,0.0277,stable,17,59,15,6, of 20 fruit each and ,7 individual fruit scattered across the bush.,1.6426,1
strict,5520,40,+0.0239,0.0277,stable,18,44,23,0,"wax, he can make 1", tapered candles.  One pound of bees,1.6025,1
strict,5520,40,+0.0239,0.0277,stable,19,29,32, of, to choose between the boots and two pairs, high heels that together cost five dollars less,1.5205,0
strict,3312,41,+0.0213,0.0174,reweighted,0,19,4, a,Marissa is hiking, 12-mile trail. She took,3.4922,0
strict,3312,41,+0.0213,0.0174,reweighted,1,14,1, a,In," dance class of 20 students,",2.8906,0
strict,3312,41,+0.0213,0.0174,reweighted,2,94,1, a,In," neighborhood, the number of rabbits pets is",2.8906,0
strict,3312,41,+0.0213,0.0174,reweighted,3,41,192,-foot, is beyond the 1000, reach of the dragon's flames by a,2.8848,1
strict,3312,41,+0.0213,0.0174,reweighted,4,66,6, a,There are four schools competing at, basketball tournament. Each school has sent a,2.7266,0
strict,3312,41,+0.0213,0.0174,reweighted,5,8,73, the,"0mph, before being able to drive", remaining time of the 4 hours going,2.1504,0
strict,3312,41,+0.0213,0.0174,reweighted,6,64,127, how,"25 miles per gallon
To find", far Olivia can go on a single tank,2.1406,0
strict,3312,41,+0.0213,0.0174,reweighted,7,62,70, how, will her annual pension be? First find, many years Marcy works after 2,2.0938,0
strict,3312,41,+0.0213,0.0174,reweighted,8,64,95, miles, a single tank of gas? To find, per gallon divide 100 miles,2.0605,0
strict,3312,41,+0.0213,0.0174,reweighted,9,89,39, are, invited 16 friends. Gift bags, $2 each. How much will she,2.0547,0
strict,3312,41,+0.0213,0.0174,reweighted,10,67,4, a,A treasure hunter found, buried treasure chest filled with gems. There,2.0098,0
strict,3312,41,+0.0213,0.0174,reweighted,11,10,9, the, new program had 60 downloads in, first month. The number of downloads in,1.9004,0
strict,3312,41,+0.0213,0.0174,reweighted,12,41,40, known," throw the gold javelin, the only"," weapon that could sleigh the dragon,",1.8877,0
strict,3312,41,+0.0213,0.0174,reweighted,13,54,3,ire,The Doubtf, sisters are driving home with 7 kittens,1.8340,0
strict,3312,41,+0.0213,0.0174,reweighted,14,48,3, a,Tracy used, piece of wire 4 feet long to,1.8301,0
strict,3312,41,+0.0213,0.0174,reweighted,15,16,33, covering," next day, they travel northwards,", 150 miles. What's,1.8145,0
strict,3312,41,+0.0213,0.0174,reweighted,16,62,111, the,"0 years
Then multiply that number by", amount of her pension she gets per year,1.8096,0
strict,3312,41,+0.0213,0.0174,reweighted,17,57,73,'s, onto the truck while not exceeding the bridge, weight limit? The boxes can weigh up,1.7588,0
strict,3312,41,+0.0213,0.0174,reweighted,18,7,125, the, that number by the download rate to find, time until Windows restarts: 8,1.7178,0
strict,3312,41,+0.0213,0.0174,reweighted,19,19,75, a, out how many hours it takes to hike, 12-mile trail at 4,1.6504,0
strict,6261,42,+0.0211,0.0216,rotated,0,16,180, trains, 460 miles / 2, = <<460/2=,1.9648,0
strict,6261,42,+0.0211,0.0216,rotated,1,19,205, divide,"2=6>>6 miles
Now", the remaining distance by the remaining time to,1.6445,0
strict,6261,42,+0.0211,0.0216,rotated,2,24,68,Comb," = $19.50.
","ining like terms, we get .7",1.6328,0
strict,6261,42,+0.0211,0.0216,rotated,3,84,41,8, number of wins is L + <<+,"=8>>8.
The team played",1.5010,1
strict,6261,42,+0.0211,0.0216,rotated,4,18,103, dozen, are 12 eggs in 1, and she'll eat 84 eggs,1.4883,0
strict,6261,42,+0.0211,0.0216,rotated,5,7,116, divide,"80>>80 GB
Then", that number by the download rate to find,1.4600,0
strict,6261,42,+0.0211,0.0216,rotated,6,84,96, <<, L = 14/2 =,14/2=7>>7,1.4316,1
strict,6261,42,+0.0211,0.0216,rotated,7,6,91, sheep, which is 2 * 80, = <<2*80=1,1.3672,0
strict,6261,42,+0.0211,0.0216,rotated,8,54,140,Comb,"=33>>33 kittens.
",ining the adopted kittens with those from the,1.3506,0
strict,6261,42,+0.0211,0.0216,rotated,9,20,36, But, that is three-fifths water.," as I pour it, I spill one",1.3174,0
strict,6261,42,+0.0211,0.0216,rotated,10,43,4, info,According to its nutritional,", a bag of chips has 2",1.2891,0
strict,6261,42,+0.0211,0.0216,rotated,11,17,88,5,week = $<<20*3,=700>>700,1.2793,1
strict,6261,42,+0.0211,0.0216,rotated,12,9,74,5,45 -40 = <<4,-40=5>>5 hours,1.2549,1
strict,6261,42,+0.0211,0.0216,rotated,13,19,88, distance, trail at 4 mph by dividing the, by the speed: 12 miles,1.2334,0
strict,6261,42,+0.0211,0.0216,rotated,14,19,86, dividing,2-mile trail at 4 mph by, the distance by the speed: 1,1.2051,0
strict,6261,42,+0.0211,0.0216,rotated,15,76,37, Then, the first 180 days., she has to feed the puppy 2,1.1758,0
strict,6261,42,+0.0211,0.0216,rotated,16,75,156,The,"128>>128
", four levels total to 240,1.1709,0
strict,6261,42,+0.0211,0.0216,rotated,17,49,107, units,3/4 * 120, = <<3/4*12,1.1406,0
strict,6261,42,+0.0211,0.0216,rotated,18,26,4, ,Mishka bought,"3 pairs of shorts, 3 pairs",1.1162,0
strict,6261,42,+0.0211,0.0216,rotated,19,18,120,2, so that's 84/1, = <<84/12=,1.0889,1
strict,1547,43,+0.0209,0.0071,stable,0,93,66,",","38 seconds, how fast can Gerald"," with his improved diet, run the ",7.1992,1
strict,1547,43,+0.0209,0.0071,stable,1,41,3,",",The great dragon," Perg, sat high atop mount Far",7.1562,1
strict,1547,43,+0.0209,0.0071,stable,2,19,50, (," 4 miles per hour, what speed",in miles per hour) does she need,6.8906,0
strict,1547,43,+0.0209,0.0071,stable,3,54,59,","," of adopted kittens, while Trixie"," the other cat, has had 1",5.5430,1
strict,1547,43,+0.0209,0.0071,stable,4,57,22,",",. A delivery truck filled with identical boxes," each weighing 15 pounds, will",4.7695,1
strict,1547,43,+0.0209,0.0071,stable,5,54,40,",", had kittens. She says that Patchy," the first cat, has had thrice",3.8398,1
strict,1547,43,+0.0209,0.0071,stable,6,6,27,",", Seattle. How many sheep do Toulouse," Charleston, and Seattle have together if Seattle",3.1406,1
strict,1547,43,+0.0209,0.0071,stable,7,41,102,",", gemstone. If holding the gemstone, how far outside of the reach of the,3.1309,1
strict,1547,43,+0.0209,0.0071,stable,8,93,80,",", run the 400-meter hurdles, in seconds? If Lee runs the ,2.7188,1
strict,1547,43,+0.0209,0.0071,stable,9,41,13,",","erg, sat high atop mount Farbo", breathing fire upon anything within a distance of,2.5898,1
strict,1547,43,+0.0209,0.0071,stable,10,41,79,",", when Polly held the sapphire gemstone, she could throw the javelin three times,2.5371,1
strict,1547,43,+0.0209,0.0071,stable,11,41,37,",",  Polly could throw the gold javelin, the only known weapon that could sleigh,2.5332,1
strict,1547,43,+0.0209,0.0071,stable,12,7,143, <<, GB / 2 GB/minute =,80/2=40>>,2.5156,1
strict,1547,43,+0.0209,0.0071,stable,13,88,129, both,"8,000
Dividing"," sides by 11, we get",2.4668,0
strict,1547,43,+0.0209,0.0071,stable,14,84,50, (,"=8>>8.
The team played",L+8) + L = ,2.4297,0
strict,1547,43,+0.0209,0.0071,stable,15,76,147, <<,65 - 180 =,365-180=,2.4199,1
strict,1547,43,+0.0209,0.0071,stable,16,24,89, both,"19.50
Dividing"," sides by .75, we get",2.3945,0
strict,1547,43,+0.0209,0.0071,stable,17,41,149,",", times farther than 400 feet, for a distance of 3*4,2.3887,1
strict,1547,43,+0.0209,0.0071,stable,18,31,114, <<,0 x 1.25 =,80*1.25=,2.3281,1
strict,1547,43,+0.0209,0.0071,stable,19,57,133, =,1245 / 15, <<1245/15,2.3105,1
strict,5485,44,+0.0207,0.0555,stable,0,79,32,%, groomer offers him a 30, discount for being a new customer. ,11.5391,0
strict,5485,44,+0.0207,0.0555,stable,1,79,28, a,0.  The groomer offers him, 30% discount for being a,10.6953,0
strict,5485,44,+0.0207,0.0555,stable,2,58,24, was,0.00.  Because this," through a delivery vendor, they tacked",7.8945,0
strict,5485,44,+0.0207,0.0555,stable,3,36,15, on,ts a day.  They are currently, sale at 4 yogurts for,7.8008,0
strict,5485,44,+0.0207,0.0555,stable,4,5,21, but," apartment. One glass costs $5,", every second glass costs only 60,7.7891,0
strict,5485,44,+0.0207,0.0555,stable,5,79,71,0,0*.3=30>>3," discount
So the grooming cost 1",7.7344,1
strict,5485,44,+0.0207,0.0555,stable,6,36,85, is,"60 yogurts
The yogurt", sold as 4 units for $5,7.6680,0
strict,5485,44,+0.0207,0.0555,stable,7,63,20, company,40 per month. If the streaming, charged her the initial amount for the first,7.6445,0
strict,5485,44,+0.0207,0.0555,stable,8,5,24, glass," glass costs $5, but every second", costs only 60% of the,7.5742,0
strict,5485,44,+0.0207,0.0555,stable,9,79,26, offers,100.  The groomer, him a 30% discount for,7.0117,0
strict,5485,44,+0.0207,0.0555,stable,10,79,36, a, a 30% discount for being, new customer.  How much does the,6.8477,0
strict,5485,44,+0.0207,0.0555,stable,11,29,13, boots, shopping when she comes across a pair of," that fit her shoe budget. However,",6.8203,0
strict,5485,44,+0.0207,0.0555,stable,12,58,30, they," Because this was through a delivery vendor,", tacked on a 25%,6.8047,0
strict,5485,44,+0.0207,0.0555,stable,13,74,80, to," no change today, so he has decided", round all his prices to the nearest dollar,6.7227,0
strict,5485,44,+0.0207,0.0555,stable,14,5,101, is," is cheaper, that means Kylar", going to buy 16 / ,6.0742,0
strict,5485,44,+0.0207,0.0555,stable,15,73,20, A, each for a 3-month installment., 2% interest will be charged for,6.0195,0
strict,5485,44,+0.0207,0.0555,stable,16,79,51, gave, does the grooming cost? The groomer, a 100*.3=$,6.0078,0
strict,5485,44,+0.0207,0.0555,stable,17,24,23,%,. This is with a 25, discount from the original price. What was,5.9453,0
strict,5485,44,+0.0207,0.0555,stable,18,58,95, they,40.00 on groceries but, charged him a 25% fee,5.9375,0
strict,5485,44,+0.0207,0.0555,stable,19,58,26, a,00.  Because this was through," delivery vendor, they tacked on a",5.9258,0
strict,5587,45,+0.0203,0.0201,stable,0,86,127, the,4=12>>12 times," second time.
The third time it went",7.0586,0
strict,5587,45,+0.0203,0.0201,stable,1,90,1, the,Ted, T-Rex was planning to bring potato,4.8203,0
strict,5587,45,+0.0203,0.0201,stable,2,8,73, the,"0mph, before being able to drive", remaining time of the 4 hours going,4.7148,0
strict,5587,45,+0.0203,0.0201,stable,3,38,23, the, week.  He runs 3 hours, first day and half as much the other,4.5820,0
strict,5587,45,+0.0203,0.0201,stable,4,38,30, the, hours the first day and half as much, other two days he runs.  How,3.9297,0
strict,5587,45,+0.0203,0.0201,stable,5,63,23, the, month. If the streaming company charged her, initial amount for the first half of the,3.6309,0
strict,5587,45,+0.0203,0.0201,stable,6,93,7, the,Lee used to be able to run, 400-meter hurdles two seconds,3.3145,0
strict,5587,45,+0.0203,0.0201,stable,7,8,41, the, get home in 4 hours but spends, first 2 hours in standstill traffic,3.2422,0
strict,5587,45,+0.0203,0.0201,stable,8,7,104,*., = <<200*40,01=80>>80,2.4961,1
strict,5587,45,+0.0203,0.0201,stable,9,85,27, its, he has been on. Every shirt is, own quilt block. Each row is made,2.1621,0
strict,5587,45,+0.0203,0.0201,stable,10,29,66, the," twice as much, how many dollars are", boots? The second pair of heels costs,2.1523,0
strict,5587,45,+0.0203,0.0201,stable,11,16,164,The,"60>>460 miles
", average distance for the two days is ,2.1328,0
strict,5587,45,+0.0203,0.0201,stable,12,19,61, the, per hour) does she need to walk, remaining distance? First figure out how many,2.0762,0
strict,5587,45,+0.0203,0.0201,stable,13,16,125, the," on the second day.
The combined distance", two trains covered in the two days is,2.0664,0
strict,5587,45,+0.0203,0.0201,stable,14,62,176,*.,50000*50,01=25000,1.9229,1
strict,5587,45,+0.0203,0.0201,stable,15,75,156,The,"128>>128
", four levels total to 240,1.7598,0
strict,5587,45,+0.0203,0.0201,stable,16,35,62,*., 4*.25=<<4,25=1>>1 point more,1.7148,1
strict,5587,45,+0.0203,0.0201,stable,17,41,46, the, the only known weapon that could sleigh," dragon, for a distance of 4",1.6934,0
strict,5587,45,+0.0203,0.0201,stable,18,61,114,*.,*.1=$<<1300,1=130>>13,1.6641,1
strict,5587,45,+0.0203,0.0201,stable,19,8,54, the, in standstill traffic.  He spends, next half-hour driving at a speed of,1.6533,0
strict,3394,46,+0.0192,0.0059,rotated,0,88,95,h," the first, we get 10"," + h = 88,0",5.0859,0
strict,3394,46,+0.0192,0.0059,rotated,1,43,194,g, hence each serving has 300,/5 = <<300/,4.9570,0
strict,3394,46,+0.0192,0.0059,rotated,2,33,47, x," Gretchen has
Gretchen has","+30 gold coins.
x+x",4.8164,0
strict,3394,46,+0.0192,0.0059,rotated,3,88,73, m," 80,000 and"," = 10h.
Substit",4.4492,0
strict,3394,46,+0.0192,0.0059,rotated,4,46,97, x, package that she purchased? Let's let, be the number of post-it notes in,4.3711,0
strict,3394,46,+0.0192,0.0059,rotated,5,13,181, x," by 2/3, which produces"," = 18
#### 1",4.3242,0
strict,3394,46,+0.0192,0.0059,rotated,6,33,65,*x,"30=110
2","=80
x=<<4",4.2930,1
strict,3394,46,+0.0192,0.0059,rotated,7,88,41, m, many copies did Harald sell? Let, be the number of copies Marilyn sold and,4.1445,0
strict,3394,46,+0.0192,0.0059,rotated,8,88,50, h, be the number of copies Marilyn sold and, be the number Harald sold. We,4.1250,0
strict,3394,46,+0.0192,0.0059,rotated,9,33,32, x, gold coins does Gretchen have? Let, be the number of silver coins Gretchen,4.1055,0
strict,3394,46,+0.0192,0.0059,rotated,10,33,54,x," has x+30 gold coins.
",+x+30=110,4.0781,0
strict,3394,46,+0.0192,0.0059,rotated,11,43,233,g, then I can eat only 60, * 4/5 = 2,4.0547,0
strict,3394,46,+0.0192,0.0059,rotated,12,24,78,X," like terms, we get .75"," = $19.50
",4.0430,0
strict,3394,46,+0.0192,0.0059,rotated,13,46,184, x," side of the equation, we see that",=220+23-,4.0117,0
strict,3394,46,+0.0192,0.0059,rotated,14,88,61, m, number Harald sold. We know that," + h = 80,0",3.9609,0
strict,3394,46,+0.0192,0.0059,rotated,15,17,72,/h, makes per week teaching: $20,our * 35 hours/week,3.9473,1
strict,3394,46,+0.0192,0.0059,rotated,16,33,70,x,"0
2*x=80
",=<<40=40>>,3.8145,0
strict,3394,46,+0.0192,0.0059,rotated,17,24,53, X, of the book. The discounted price is, - X*25% = $,3.7305,0
strict,3394,46,+0.0192,0.0059,rotated,18,13,144, x, we know that 2/3 *," = 12, where x is",3.7227,0
strict,3394,46,+0.0192,0.0059,rotated,19,24,98, X," sides by .75, we get"," = $26.
#### 2",3.6816,0
strict,2149,47,+0.0190,0.0176,rotated,0,24,90, sides,"9.50
Dividing both"," by .75, we get X",1.8848,0
strict,2149,47,+0.0190,0.0176,rotated,1,62,70, how, will her annual pension be? First find, many years Marcy works after 2,1.3369,0
strict,2149,47,+0.0190,0.0176,rotated,2,26,1,ish,M,"ka bought 3 pairs of shorts,",1.3359,0
strict,2149,47,+0.0190,0.0176,rotated,3,79,81,0,"
So the grooming cost 10",-30=$<<100,1.3359,1
strict,2149,47,+0.0190,0.0176,rotated,4,13,168, each, with. We can find x by dividing, side of the equation by 2/,1.3174,0
strict,2149,47,+0.0190,0.0176,rotated,5,78,44, how,8 flowers at the better price? Find, many packages of 3 would be needed,1.2412,0
strict,2149,47,+0.0190,0.0176,rotated,6,2,73,0," out to 80,00","+50,000=$",1.2158,1
strict,2149,47,+0.0190,0.0176,rotated,7,64,31, has, on a single tank of gas. She, traveled 100 miles since last,1.1475,0
strict,2149,47,+0.0190,0.0176,rotated,8,96,8, His,Harry slept 9 hours last night., friend James slept only 2/3,1.0977,0
strict,2149,47,+0.0190,0.0176,rotated,9,85,73, How,. He is now 34., many quilt blocks does he have in total,1.0645,0
strict,2149,47,+0.0190,0.0176,rotated,10,75,156,The,"128>>128
", four levels total to 240,1.0537,0
strict,2149,47,+0.0190,0.0176,rotated,11,7,72, how, take to download the file? First find, many gigabytes are in 40,1.0498,0
strict,2149,47,+0.0190,0.0176,rotated,12,38,49,1, he run? He has 7-,=<<7-1=6>>,1.0068,1
strict,2149,47,+0.0190,0.0176,rotated,13,13,167, dividing, started with. We can find x by, each side of the equation by 2,0.9702,0
strict,2149,47,+0.0190,0.0176,rotated,14,16,164,The,"60>>460 miles
", average distance for the two days is ,0.9658,0
strict,2149,47,+0.0190,0.0176,rotated,15,41,201, distance, reach of the dragon's flames by a, of 1200-1,0.9517,0
strict,2149,47,+0.0190,0.0176,rotated,16,33,39, Gret, Let x be the number of silver coins,"chen has
Gretchen has x",0.8926,0
strict,2149,47,+0.0190,0.0176,rotated,17,48,19, The, to support tomato plants in the garden., wire was cut into pieces 6 inches,0.8813,0
strict,2149,47,+0.0190,0.0176,rotated,18,40,37, how,"’s iPhone is 1 year old,", old is Brandon’s iPhone? Ben’s,0.7983,0
strict,2149,47,+0.0190,0.0176,rotated,19,26,56, How, pair of shoes costs $42., many dollars did Mishka spend on all,0.7754,0
strict,4441,48,+0.0188,0.0111,rotated,0,56,6, movies,Peter plans to go to the, this week. He always gets a ticket,4.7148,0
strict,4441,48,+0.0188,0.0111,rotated,1,56,43, movies, how many times can he go to the,? It costs him $14 to,4.3906,0
strict,4441,48,+0.0188,0.0111,rotated,2,56,55, movies, him $14 to go to the, because 7 + 7 = <<,3.9824,0
strict,4441,48,+0.0188,0.0111,rotated,3,61,32, jew, then another $800 for the,eler to construct it.  After that,2.7402,0
strict,4441,48,+0.0188,0.0111,rotated,4,47,109,<<, $40 * .5 = $,40*.5=20>>,2.6680,1
strict,4441,48,+0.0188,0.0111,rotated,5,78,92,<<, × $2.50 = $,6*2.5=15,2.4785,1
strict,4441,48,+0.0188,0.0111,rotated,6,24,43, original, of the book? Let X be the, price of the book. The discounted price,2.4570,0
strict,4441,48,+0.0188,0.0111,rotated,7,44,159,<<, cost 10*2 = $,10*2=20.,2.4570,1
strict,4441,48,+0.0188,0.0111,rotated,8,55,8,ops,Jean has 30 lollip,. Jean eats 2 of the l,2.4316,0
strict,4441,48,+0.0188,0.0111,rotated,9,62,167,<<,0 * 50% = $,50000*50,2.4141,1
strict,4441,48,+0.0188,0.0111,rotated,10,56,79, movies,"14
He can go to the", 3 times because 42 /,2.3965,0
strict,4441,48,+0.0188,0.0111,rotated,11,9,104,<<,0 x 1.2 = $,10*1.2=1,2.3906,1
strict,4441,48,+0.0188,0.0111,rotated,12,25,80,<<, cost $3 x 5 = $,3*5=15>>1,2.3711,1
strict,4441,48,+0.0188,0.0111,rotated,13,61,79,<<,500+800=$,500+800=,2.3594,1
strict,4441,48,+0.0188,0.0111,rotated,14,52,24, comic, 15 pounds from it. His, books weigh 1/4 pound each,2.3457,0
strict,4441,48,+0.0188,0.0111,rotated,15,72,65,<<, x $3/brownie = $,43*3=129,2.3145,1
strict,4441,48,+0.0188,0.0111,rotated,16,75,227, <<, 240 / 4 =,240/4=60,2.2832,1
strict,4441,48,+0.0188,0.0111,rotated,17,69,66,<<, receives $5 * 8 = $,5*8=40>>4,2.2695,1
strict,4441,48,+0.0188,0.0111,rotated,18,53,121,<<, + 4*40 = $,6*60+4*4,2.2207,1
strict,4441,48,+0.0188,0.0111,rotated,19,79,60,<<, a 100*.3=$,100*.3=30,2.2168,1
strict,3680,49,+0.0187,0.0280,rotated,0,76,135, year,"
The number of days left in the", is 365 - 1,5.6914,0
strict,3680,49,+0.0187,0.0280,rotated,1,17,206, year, the number of weeks Jill works in a, to find her annual salary: $1,4.7500,0
strict,3680,49,+0.0187,0.0280,rotated,2,3,33, week, How many total meters does he run a,? He sprints 3*3,4.3711,0
strict,3680,49,+0.0187,0.0280,rotated,3,0,91, day,4=9>>9 duck eggs a,".
She makes 9 * 2",4.3555,0
strict,3680,49,+0.0187,0.0280,rotated,4,70,51, week, much money does she make in 1,? She teaches 5 dance classes ,4.3477,0
strict,3680,49,+0.0187,0.0280,rotated,5,63,269, year, money she paid at the end of the, is $840+$75,4.3203,0
strict,3680,49,+0.0187,0.0280,rotated,6,70,92, week,She teaches 25 classes during the, and 8 classes on Saturday for a,4.3203,0
strict,3680,49,+0.0187,0.0280,rotated,7,17,30, year, If she works 50 weeks a,", 35 hours a week as",4.2383,0
strict,3680,49,+0.0187,0.0280,rotated,8,76,213, year, total number of cups given in the first, is 180 + 3,4.0938,0
strict,3680,49,+0.0187,0.0280,rotated,9,9,49, week,iza worked for 45 hours this,", how much are her earnings for this",3.9727,0
strict,3680,49,+0.0187,0.0280,rotated,10,63,216, year, each month for the remaining half of the,",
In total, she paid 1",3.8828,0
strict,3680,49,+0.0187,0.0280,rotated,11,70,63, week, 5 dance classes 5 days a, so that's 5*5 =,3.8691,0
strict,3680,49,+0.0187,0.0280,rotated,12,9,16, week, first 40 hours she works each, is $10. She also receives,3.7695,0
strict,3680,49,+0.0187,0.0280,rotated,13,58,198, fees,7.00 in delivery/tip, for a final total of $40,3.6816,0
strict,3680,49,+0.0187,0.0280,rotated,14,50,105, week,47 dozens of eggs produced in a,".
So, Lloyd makes 14",3.6621,0
strict,3680,49,+0.0187,0.0280,rotated,15,76,254, year, bags of dog food used in the first, is 550 / 1,3.5898,0
strict,3680,49,+0.0187,0.0280,rotated,16,50,35, week, How much does Lloyd make on eggs per,"? In a week, Lloyd's egg",3.5234,0
strict,3680,49,+0.0187,0.0280,rotated,17,63,32, year, initial amount for the first half of the, and then charged her 10%,3.4336,0
strict,3680,49,+0.0187,0.0280,rotated,18,4,96, day, her chickens in the final meal of the, if the size of Wendi's flock,3.4082,0
strict,3680,49,+0.0187,0.0280,rotated,19,76,85, year, food will Cecilia use in the first,? The number of cups of dog food,3.3906,0
shuffled,6485,0,+0.1215,0.0509,stable,0,98,28, ,"5 minutes of the traffic jam, then",20 more cars drive through in the,10.8203,0
shuffled,6485,0,+0.1215,0.0509,stable,1,18,101, ,"
There are 12 eggs in",1 dozen and she'll eat 8,10.3516,0
shuffled,6485,0,+0.1215,0.0509,stable,2,30,32, ,"162, calculate Allen's age",10 years from now. The total,10.1641,0
shuffled,6485,0,+0.1215,0.0509,stable,3,97,16, ,", they lose half their volume. Each",16 ounce can of tomatoes that she,10.0391,0
shuffled,6485,0,+0.1215,0.0509,stable,4,70,59, , week? She teaches 5 dance classes,5 days a week so that's ,9.7188,0
shuffled,6485,0,+0.1215,0.0509,stable,5,98,148, ,Most of the cars exited in the final,15 minutes so in the first ,9.6172,0
shuffled,6485,0,+0.1215,0.0509,stable,6,20,98, ," 15 liters pineapple drink.
After","1 liter of orange drink was spilled,",9.5312,0
shuffled,6485,0,+0.1215,0.0509,stable,7,98,38, ,0 more cars drive through in the remaining,15 minutes of the jam. ,9.5000,0
shuffled,6485,0,+0.1215,0.0509,stable,8,5,27, ,"5, but every second glass costs only",60% of the price. K,9.4297,0
shuffled,6485,0,+0.1215,0.0509,stable,9,56,80, ,"4
He can go to the movies",3 times because 42 / ,9.2344,0
shuffled,6485,0,+0.1215,0.0509,stable,10,69,20, , receives a weekly allowance of $5 for,8 weeks. At the end of the,9.2344,0
shuffled,6485,0,+0.1215,0.0509,stable,11,73,41, , much will Shiela pay each month for,3 months? A $150,9.2344,0
shuffled,6485,0,+0.1215,0.0509,stable,12,22,29, ,.  His next 2 customers buy,2 DVDs each.  His last ,9.1875,0
shuffled,6485,0,+0.1215,0.0509,stable,13,98,181, ,0 cars that drove through in the final,15 minutes = 5 cars that,9.1172,0
shuffled,6485,0,+0.1215,0.0509,stable,14,63,150, ," year, the streaming service company charged her",10/100*1,9.1016,0
shuffled,6485,0,+0.1215,0.0509,stable,15,41,22, , breathing fire upon anything within a distance of,1000 feet.  Polly,9.0547,0
shuffled,6485,0,+0.1215,0.0509,stable,16,73,15, , for $150 each for a,3-month installment. A 2%,8.9453,0
shuffled,6485,0,+0.1215,0.0509,stable,17,73,118, ,".
The total amount to be paid for",5 cell phones is $153,8.9141,0
shuffled,6485,0,+0.1215,0.0509,stable,18,92,57, , Jackson? James is 10 and,"1 year younger than Corey, so Corey",8.8984,0
shuffled,6485,0,+0.1215,0.0509,stable,19,98,156, , 15 minutes so in the first,"15 minutes, there must have been",8.8984,0
shuffled,3132,1,+0.1114,0.0166,stable,0,0,1,et,Jan,’s ducks lay 16 eggs per,0.0000,0
shuffled,3132,1,+0.1114,0.0166,stable,1,0,2,’s,Janet, ducks lay 16 eggs per day,0.0000,0
shuffled,3132,1,+0.1114,0.0166,stable,2,0,3, ducks,Janet’s, lay 16 eggs per day.,0.0000,0
shuffled,3132,1,+0.1114,0.0166,stable,3,0,4, lay,Janet’s ducks, 16 eggs per day. She,0.0000,0
shuffled,3132,1,+0.1114,0.0166,stable,4,0,5, ,Janet’s ducks lay,16 eggs per day. She eats,0.0000,0
shuffled,3132,1,+0.1114,0.0166,stable,5,0,6,1,Janet’s ducks lay ,6 eggs per day. She eats three,0.0000,1
shuffled,3132,1,+0.1114,0.0166,stable,6,0,7,6,Janet’s ducks lay 1, eggs per day. She eats three for,0.0000,1
shuffled,3132,1,+0.1114,0.0166,stable,7,0,8, eggs,Janet’s ducks lay 16, per day. She eats three for breakfast,0.0000,0
shuffled,3132,1,+0.1114,0.0166,stable,8,0,9, per,et’s ducks lay 16 eggs, day. She eats three for breakfast every,0.0000,0
shuffled,3132,1,+0.1114,0.0166,stable,9,0,10, day,’s ducks lay 16 eggs per,. She eats three for breakfast every morning,0.0000,0
shuffled,3132,1,+0.1114,0.0166,stable,10,0,11,., ducks lay 16 eggs per day, She eats three for breakfast every morning and,0.0000,1
shuffled,3132,1,+0.1114,0.0166,stable,11,0,12, She, lay 16 eggs per day., eats three for breakfast every morning and b,0.0000,0
shuffled,3132,1,+0.1114,0.0166,stable,12,0,13, eats, 16 eggs per day. She, three for breakfast every morning and bakes,0.0000,0
shuffled,3132,1,+0.1114,0.0166,stable,13,0,14, three,16 eggs per day. She eats, for breakfast every morning and bakes muff,0.0000,0
shuffled,3132,1,+0.1114,0.0166,stable,14,0,15, for,6 eggs per day. She eats three, breakfast every morning and bakes muffins,0.0000,0
shuffled,3132,1,+0.1114,0.0166,stable,15,0,16, breakfast, eggs per day. She eats three for, every morning and bakes muffins for,0.0000,0
shuffled,3132,1,+0.1114,0.0166,stable,16,0,17, every, per day. She eats three for breakfast, morning and bakes muffins for her,0.0000,0
shuffled,3132,1,+0.1114,0.0166,stable,17,0,18, morning, day. She eats three for breakfast every, and bakes muffins for her friends,0.0000,0
shuffled,3132,1,+0.1114,0.0166,stable,18,0,19, and,. She eats three for breakfast every morning, bakes muffins for her friends every,0.0000,0
shuffled,3132,1,+0.1114,0.0166,stable,19,0,20, b, She eats three for breakfast every morning and,akes muffins for her friends every day,0.0000,0
shuffled,5785,2,+0.0985,0.0166,stable,0,0,1,et,Jan,’s ducks lay 16 eggs per,0.0000,0
shuffled,5785,2,+0.0985,0.0166,stable,1,0,2,’s,Janet, ducks lay 16 eggs per day,0.0000,0
shuffled,5785,2,+0.0985,0.0166,stable,2,0,3, ducks,Janet’s, lay 16 eggs per day.,0.0000,0
shuffled,5785,2,+0.0985,0.0166,stable,3,0,4, lay,Janet’s ducks, 16 eggs per day. She,0.0000,0
shuffled,5785,2,+0.0985,0.0166,stable,4,0,5, ,Janet’s ducks lay,16 eggs per day. She eats,0.0000,0
shuffled,5785,2,+0.0985,0.0166,stable,5,0,6,1,Janet’s ducks lay ,6 eggs per day. She eats three,0.0000,1
shuffled,5785,2,+0.0985,0.0166,stable,6,0,7,6,Janet’s ducks lay 1, eggs per day. She eats three for,0.0000,1
shuffled,5785,2,+0.0985,0.0166,stable,7,0,8, eggs,Janet’s ducks lay 16, per day. She eats three for breakfast,0.0000,0
shuffled,5785,2,+0.0985,0.0166,stable,8,0,9, per,et’s ducks lay 16 eggs, day. She eats three for breakfast every,0.0000,0
shuffled,5785,2,+0.0985,0.0166,stable,9,0,10, day,’s ducks lay 16 eggs per,. She eats three for breakfast every morning,0.0000,0
shuffled,5785,2,+0.0985,0.0166,stable,10,0,11,., ducks lay 16 eggs per day, She eats three for breakfast every morning and,0.0000,1
shuffled,5785,2,+0.0985,0.0166,stable,11,0,12, She, lay 16 eggs per day., eats three for breakfast every morning and b,0.0000,0
shuffled,5785,2,+0.0985,0.0166,stable,12,0,13, eats, 16 eggs per day. She, three for breakfast every morning and bakes,0.0000,0
shuffled,5785,2,+0.0985,0.0166,stable,13,0,14, three,16 eggs per day. She eats, for breakfast every morning and bakes muff,0.0000,0
shuffled,5785,2,+0.0985,0.0166,stable,14,0,15, for,6 eggs per day. She eats three, breakfast every morning and bakes muffins,0.0000,0
shuffled,5785,2,+0.0985,0.0166,stable,15,0,16, breakfast, eggs per day. She eats three for, every morning and bakes muffins for,0.0000,0
shuffled,5785,2,+0.0985,0.0166,stable,16,0,17, every, per day. She eats three for breakfast, morning and bakes muffins for her,0.0000,0
shuffled,5785,2,+0.0985,0.0166,stable,17,0,18, morning, day. She eats three for breakfast every, and bakes muffins for her friends,0.0000,0
shuffled,5785,2,+0.0985,0.0166,stable,18,0,19, and,. She eats three for breakfast every morning, bakes muffins for her friends every,0.0000,0
shuffled,5785,2,+0.0985,0.0166,stable,19,0,20, b, She eats three for breakfast every morning and,akes muffins for her friends every day,0.0000,0
shuffled,6607,3,+0.0967,0.0166,stable,0,0,1,et,Jan,’s ducks lay 16 eggs per,0.0000,0
shuffled,6607,3,+0.0967,0.0166,stable,1,0,2,’s,Janet, ducks lay 16 eggs per day,0.0000,0
shuffled,6607,3,+0.0967,0.0166,stable,2,0,3, ducks,Janet’s, lay 16 eggs per day.,0.0000,0
shuffled,6607,3,+0.0967,0.0166,stable,3,0,4, lay,Janet’s ducks, 16 eggs per day. She,0.0000,0
shuffled,6607,3,+0.0967,0.0166,stable,4,0,5, ,Janet’s ducks lay,16 eggs per day. She eats,0.0000,0
shuffled,6607,3,+0.0967,0.0166,stable,5,0,6,1,Janet’s ducks lay ,6 eggs per day. She eats three,0.0000,1
shuffled,6607,3,+0.0967,0.0166,stable,6,0,7,6,Janet’s ducks lay 1, eggs per day. She eats three for,0.0000,1
shuffled,6607,3,+0.0967,0.0166,stable,7,0,8, eggs,Janet’s ducks lay 16, per day. She eats three for breakfast,0.0000,0
shuffled,6607,3,+0.0967,0.0166,stable,8,0,9, per,et’s ducks lay 16 eggs, day. She eats three for breakfast every,0.0000,0
shuffled,6607,3,+0.0967,0.0166,stable,9,0,10, day,’s ducks lay 16 eggs per,. She eats three for breakfast every morning,0.0000,0
shuffled,6607,3,+0.0967,0.0166,stable,10,0,11,., ducks lay 16 eggs per day, She eats three for breakfast every morning and,0.0000,1
shuffled,6607,3,+0.0967,0.0166,stable,11,0,12, She, lay 16 eggs per day., eats three for breakfast every morning and b,0.0000,0
shuffled,6607,3,+0.0967,0.0166,stable,12,0,13, eats, 16 eggs per day. She, three for breakfast every morning and bakes,0.0000,0
shuffled,6607,3,+0.0967,0.0166,stable,13,0,14, three,16 eggs per day. She eats, for breakfast every morning and bakes muff,0.0000,0
shuffled,6607,3,+0.0967,0.0166,stable,14,0,15, for,6 eggs per day. She eats three, breakfast every morning and bakes muffins,0.0000,0
shuffled,6607,3,+0.0967,0.0166,stable,15,0,16, breakfast, eggs per day. She eats three for, every morning and bakes muffins for,0.0000,0
shuffled,6607,3,+0.0967,0.0166,stable,16,0,17, every, per day. She eats three for breakfast, morning and bakes muffins for her,0.0000,0
shuffled,6607,3,+0.0967,0.0166,stable,17,0,18, morning, day. She eats three for breakfast every, and bakes muffins for her friends,0.0000,0
shuffled,6607,3,+0.0967,0.0166,stable,18,0,19, and,. She eats three for breakfast every morning, bakes muffins for her friends every,0.0000,0
shuffled,6607,3,+0.0967,0.0166,stable,19,0,20, b, She eats three for breakfast every morning and,akes muffins for her friends every day,0.0000,0
shuffled,2289,4,+0.0932,0.0166,stable,0,0,1,et,Jan,’s ducks lay 16 eggs per,0.0000,0
shuffled,2289,4,+0.0932,0.0166,stable,1,0,2,’s,Janet, ducks lay 16 eggs per day,0.0000,0
shuffled,2289,4,+0.0932,0.0166,stable,2,0,3, ducks,Janet’s, lay 16 eggs per day.,0.0000,0
shuffled,2289,4,+0.0932,0.0166,stable,3,0,4, lay,Janet’s ducks, 16 eggs per day. She,0.0000,0
shuffled,2289,4,+0.0932,0.0166,stable,4,0,5, ,Janet’s ducks lay,16 eggs per day. She eats,0.0000,0
shuffled,2289,4,+0.0932,0.0166,stable,5,0,6,1,Janet’s ducks lay ,6 eggs per day. She eats three,0.0000,1
shuffled,2289,4,+0.0932,0.0166,stable,6,0,7,6,Janet’s ducks lay 1, eggs per day. She eats three for,0.0000,1
shuffled,2289,4,+0.0932,0.0166,stable,7,0,8, eggs,Janet’s ducks lay 16, per day. She eats three for breakfast,0.0000,0
shuffled,2289,4,+0.0932,0.0166,stable,8,0,9, per,et’s ducks lay 16 eggs, day. She eats three for breakfast every,0.0000,0
shuffled,2289,4,+0.0932,0.0166,stable,9,0,10, day,’s ducks lay 16 eggs per,. She eats three for breakfast every morning,0.0000,0
shuffled,2289,4,+0.0932,0.0166,stable,10,0,11,., ducks lay 16 eggs per day, She eats three for breakfast every morning and,0.0000,1
shuffled,2289,4,+0.0932,0.0166,stable,11,0,12, She, lay 16 eggs per day., eats three for breakfast every morning and b,0.0000,0
shuffled,2289,4,+0.0932,0.0166,stable,12,0,13, eats, 16 eggs per day. She, three for breakfast every morning and bakes,0.0000,0
shuffled,2289,4,+0.0932,0.0166,stable,13,0,14, three,16 eggs per day. She eats, for breakfast every morning and bakes muff,0.0000,0
shuffled,2289,4,+0.0932,0.0166,stable,14,0,15, for,6 eggs per day. She eats three, breakfast every morning and bakes muffins,0.0000,0
shuffled,2289,4,+0.0932,0.0166,stable,15,0,16, breakfast, eggs per day. She eats three for, every morning and bakes muffins for,0.0000,0
shuffled,2289,4,+0.0932,0.0166,stable,16,0,17, every, per day. She eats three for breakfast, morning and bakes muffins for her,0.0000,0
shuffled,2289,4,+0.0932,0.0166,stable,17,0,18, morning, day. She eats three for breakfast every, and bakes muffins for her friends,0.0000,0
shuffled,2289,4,+0.0932,0.0166,stable,18,0,19, and,. She eats three for breakfast every morning, bakes muffins for her friends every,0.0000,0
shuffled,2289,4,+0.0932,0.0166,stable,19,0,20, b, She eats three for breakfast every morning and,akes muffins for her friends every day,0.0000,0
shuffled,4948,5,+0.0927,0.0166,stable,0,0,1,et,Jan,’s ducks lay 16 eggs per,0.0000,0
shuffled,4948,5,+0.0927,0.0166,stable,1,0,2,’s,Janet, ducks lay 16 eggs per day,0.0000,0
shuffled,4948,5,+0.0927,0.0166,stable,2,0,3, ducks,Janet’s, lay 16 eggs per day.,0.0000,0
shuffled,4948,5,+0.0927,0.0166,stable,3,0,4, lay,Janet’s ducks, 16 eggs per day. She,0.0000,0
shuffled,4948,5,+0.0927,0.0166,stable,4,0,5, ,Janet’s ducks lay,16 eggs per day. She eats,0.0000,0
shuffled,4948,5,+0.0927,0.0166,stable,5,0,6,1,Janet’s ducks lay ,6 eggs per day. She eats three,0.0000,1
shuffled,4948,5,+0.0927,0.0166,stable,6,0,7,6,Janet’s ducks lay 1, eggs per day. She eats three for,0.0000,1
shuffled,4948,5,+0.0927,0.0166,stable,7,0,8, eggs,Janet’s ducks lay 16, per day. She eats three for breakfast,0.0000,0
shuffled,4948,5,+0.0927,0.0166,stable,8,0,9, per,et’s ducks lay 16 eggs, day. She eats three for breakfast every,0.0000,0
shuffled,4948,5,+0.0927,0.0166,stable,9,0,10, day,’s ducks lay 16 eggs per,. She eats three for breakfast every morning,0.0000,0
shuffled,4948,5,+0.0927,0.0166,stable,10,0,11,., ducks lay 16 eggs per day, She eats three for breakfast every morning and,0.0000,1
shuffled,4948,5,+0.0927,0.0166,stable,11,0,12, She, lay 16 eggs per day., eats three for breakfast every morning and b,0.0000,0
shuffled,4948,5,+0.0927,0.0166,stable,12,0,13, eats, 16 eggs per day. She, three for breakfast every morning and bakes,0.0000,0
shuffled,4948,5,+0.0927,0.0166,stable,13,0,14, three,16 eggs per day. She eats, for breakfast every morning and bakes muff,0.0000,0
shuffled,4948,5,+0.0927,0.0166,stable,14,0,15, for,6 eggs per day. She eats three, breakfast every morning and bakes muffins,0.0000,0
shuffled,4948,5,+0.0927,0.0166,stable,15,0,16, breakfast, eggs per day. She eats three for, every morning and bakes muffins for,0.0000,0
shuffled,4948,5,+0.0927,0.0166,stable,16,0,17, every, per day. She eats three for breakfast, morning and bakes muffins for her,0.0000,0
shuffled,4948,5,+0.0927,0.0166,stable,17,0,18, morning, day. She eats three for breakfast every, and bakes muffins for her friends,0.0000,0
shuffled,4948,5,+0.0927,0.0166,stable,18,0,19, and,. She eats three for breakfast every morning, bakes muffins for her friends every,0.0000,0
shuffled,4948,5,+0.0927,0.0166,stable,19,0,20, b, She eats three for breakfast every morning and,akes muffins for her friends every day,0.0000,0
shuffled,6551,6,+0.0904,0.0018,stable,0,19,50, (," 4 miles per hour, what speed",in miles per hour) does she need,11.2266,0
shuffled,6551,6,+0.0904,0.0018,stable,1,60,48, (,0% of 25 oranges is,20/100)*2,6.2500,0
shuffled,6551,6,+0.0904,0.0018,stable,2,84,50, (,"=8>>8.
The team played",L+8) + L = ,5.9844,0
shuffled,6551,6,+0.0904,0.0018,stable,3,39,160,*(," walking, then she walks for 6",2/3)=<<6*(2,5.9648,1
shuffled,6551,6,+0.0904,0.0018,stable,4,31,75, (, 60 because 20 +,80/2)= <<20,5.7227,0
shuffled,6551,6,+0.0904,0.0018,stable,5,15,117,*(,% which is $5000,2.5/100),5.3477,1
shuffled,6551,6,+0.0904,0.0018,stable,6,26,72, (, all the clothing items? 3 *,16.50 + 2,4.5781,0
shuffled,6551,6,+0.0904,0.0018,stable,7,39,167,*(,6*(2/3)=<<6,2/3)=4>>4 hours,4.2266,1
shuffled,6551,6,+0.0904,0.0018,stable,8,15,174,*(,% which is $8000,1.2/100),4.1484,1
shuffled,6551,6,+0.0904,0.0018,stable,9,15,133,*(,) = $<<5000,2.5/100)=,3.8555,1
shuffled,6551,6,+0.0904,0.0018,stable,10,15,190,*(,) = $<<8000,1.2/100)=,3.6641,1
shuffled,6551,6,+0.0904,0.0018,stable,11,31,84,+(,80/2)= <<20,80/2)=60>>,3.4824,1
shuffled,6551,6,+0.0904,0.0018,stable,12,60,60,(,100)*25 = <<,20/100)*2,3.4316,0
shuffled,6551,6,+0.0904,0.0018,stable,13,30,141, <<, be 99+10 =,99+10=10,3.2539,1
shuffled,6551,6,+0.0904,0.0018,stable,14,92,129, <<, Jackson is 9 - 5 =,9-5=4>>4 years,3.2148,1
shuffled,6551,6,+0.0904,0.0018,stable,15,7,143, <<, GB / 2 GB/minute =,80/2=40>>,3.1133,1
shuffled,6551,6,+0.0904,0.0018,stable,16,84,52,+,">>8.
The team played (L",8) + L = 2L,3.0371,1
shuffled,6551,6,+0.0904,0.0018,stable,17,86,157, <<, rang 12 / 2 =,12/2=6>>6,3.0234,1
shuffled,6551,6,+0.0904,0.0018,stable,18,78,125, <<, 18 ÷ 2 =,18/2=9>>9,3.0137,1
shuffled,6551,6,+0.0904,0.0018,stable,19,98,114, –, so there were 30 original cars, 5 cars that exited = <<3,3.0137,0
shuffled,3332,7,+0.0870,0.0166,stable,0,0,1,et,Jan,’s ducks lay 16 eggs per,0.0000,0
shuffled,3332,7,+0.0870,0.0166,stable,1,0,2,’s,Janet, ducks lay 16 eggs per day,0.0000,0
shuffled,3332,7,+0.0870,0.0166,stable,2,0,3, ducks,Janet’s, lay 16 eggs per day.,0.0000,0
shuffled,3332,7,+0.0870,0.0166,stable,3,0,4, lay,Janet’s ducks, 16 eggs per day. She,0.0000,0
shuffled,3332,7,+0.0870,0.0166,stable,4,0,5, ,Janet’s ducks lay,16 eggs per day. She eats,0.0000,0
shuffled,3332,7,+0.0870,0.0166,stable,5,0,6,1,Janet’s ducks lay ,6 eggs per day. She eats three,0.0000,1
shuffled,3332,7,+0.0870,0.0166,stable,6,0,7,6,Janet’s ducks lay 1, eggs per day. She eats three for,0.0000,1
shuffled,3332,7,+0.0870,0.0166,stable,7,0,8, eggs,Janet’s ducks lay 16, per day. She eats three for breakfast,0.0000,0
shuffled,3332,7,+0.0870,0.0166,stable,8,0,9, per,et’s ducks lay 16 eggs, day. She eats three for breakfast every,0.0000,0
shuffled,3332,7,+0.0870,0.0166,stable,9,0,10, day,’s ducks lay 16 eggs per,. She eats three for breakfast every morning,0.0000,0
shuffled,3332,7,+0.0870,0.0166,stable,10,0,11,., ducks lay 16 eggs per day, She eats three for breakfast every morning and,0.0000,1
shuffled,3332,7,+0.0870,0.0166,stable,11,0,12, She, lay 16 eggs per day., eats three for breakfast every morning and b,0.0000,0
shuffled,3332,7,+0.0870,0.0166,stable,12,0,13, eats, 16 eggs per day. She, three for breakfast every morning and bakes,0.0000,0
shuffled,3332,7,+0.0870,0.0166,stable,13,0,14, three,16 eggs per day. She eats, for breakfast every morning and bakes muff,0.0000,0
shuffled,3332,7,+0.0870,0.0166,stable,14,0,15, for,6 eggs per day. She eats three, breakfast every morning and bakes muffins,0.0000,0
shuffled,3332,7,+0.0870,0.0166,stable,15,0,16, breakfast, eggs per day. She eats three for, every morning and bakes muffins for,0.0000,0
shuffled,3332,7,+0.0870,0.0166,stable,16,0,17, every, per day. She eats three for breakfast, morning and bakes muffins for her,0.0000,0
shuffled,3332,7,+0.0870,0.0166,stable,17,0,18, morning, day. She eats three for breakfast every, and bakes muffins for her friends,0.0000,0
shuffled,3332,7,+0.0870,0.0166,stable,18,0,19, and,. She eats three for breakfast every morning, bakes muffins for her friends every,0.0000,0
shuffled,3332,7,+0.0870,0.0166,stable,19,0,20, b, She eats three for breakfast every morning and,akes muffins for her friends every day,0.0000,0
shuffled,3896,8,+0.0778,0.0166,stable,0,14,101,=, 4 = <<20-4,16>>16 students are enrolled,1.7695,1
shuffled,3896,8,+0.0778,0.0166,stable,1,0,1,et,Jan,’s ducks lay 16 eggs per,0.0000,0
shuffled,3896,8,+0.0778,0.0166,stable,2,0,2,’s,Janet, ducks lay 16 eggs per day,0.0000,0
shuffled,3896,8,+0.0778,0.0166,stable,3,0,3, ducks,Janet’s, lay 16 eggs per day.,0.0000,0
shuffled,3896,8,+0.0778,0.0166,stable,4,0,4, lay,Janet’s ducks, 16 eggs per day. She,0.0000,0
shuffled,3896,8,+0.0778,0.0166,stable,5,0,5, ,Janet’s ducks lay,16 eggs per day. She eats,0.0000,0
shuffled,3896,8,+0.0778,0.0166,stable,6,0,6,1,Janet’s ducks lay ,6 eggs per day. She eats three,0.0000,1
shuffled,3896,8,+0.0778,0.0166,stable,7,0,7,6,Janet’s ducks lay 1, eggs per day. She eats three for,0.0000,1
shuffled,3896,8,+0.0778,0.0166,stable,8,0,8, eggs,Janet’s ducks lay 16, per day. She eats three for breakfast,0.0000,0
shuffled,3896,8,+0.0778,0.0166,stable,9,0,9, per,et’s ducks lay 16 eggs, day. She eats three for breakfast every,0.0000,0
shuffled,3896,8,+0.0778,0.0166,stable,10,0,10, day,’s ducks lay 16 eggs per,. She eats three for breakfast every morning,0.0000,0
shuffled,3896,8,+0.0778,0.0166,stable,11,0,11,., ducks lay 16 eggs per day, She eats three for breakfast every morning and,0.0000,1
shuffled,3896,8,+0.0778,0.0166,stable,12,0,12, She, lay 16 eggs per day., eats three for breakfast every morning and b,0.0000,0
shuffled,3896,8,+0.0778,0.0166,stable,13,0,13, eats, 16 eggs per day. She, three for breakfast every morning and bakes,0.0000,0
shuffled,3896,8,+0.0778,0.0166,stable,14,0,14, three,16 eggs per day. She eats, for breakfast every morning and bakes muff,0.0000,0
shuffled,3896,8,+0.0778,0.0166,stable,15,0,15, for,6 eggs per day. She eats three, breakfast every morning and bakes muffins,0.0000,0
shuffled,3896,8,+0.0778,0.0166,stable,16,0,16, breakfast, eggs per day. She eats three for, every morning and bakes muffins for,0.0000,0
shuffled,3896,8,+0.0778,0.0166,stable,17,0,17, every, per day. She eats three for breakfast, morning and bakes muffins for her,0.0000,0
shuffled,3896,8,+0.0778,0.0166,stable,18,0,18, morning, day. She eats three for breakfast every, and bakes muffins for her friends,0.0000,0
shuffled,3896,8,+0.0778,0.0166,stable,19,0,19, and,. She eats three for breakfast every morning, bakes muffins for her friends every,0.0000,0
shuffled,2559,9,+0.0750,0.0166,stable,0,95,92,=, = <<200-80,120>>120 are,1.8730,1
shuffled,2559,9,+0.0750,0.0166,stable,1,0,1,et,Jan,’s ducks lay 16 eggs per,0.0000,0
shuffled,2559,9,+0.0750,0.0166,stable,2,0,2,’s,Janet, ducks lay 16 eggs per day,0.0000,0
shuffled,2559,9,+0.0750,0.0166,stable,3,0,3, ducks,Janet’s, lay 16 eggs per day.,0.0000,0
shuffled,2559,9,+0.0750,0.0166,stable,4,0,4, lay,Janet’s ducks, 16 eggs per day. She,0.0000,0
shuffled,2559,9,+0.0750,0.0166,stable,5,0,5, ,Janet’s ducks lay,16 eggs per day. She eats,0.0000,0
shuffled,2559,9,+0.0750,0.0166,stable,6,0,6,1,Janet’s ducks lay ,6 eggs per day. She eats three,0.0000,1
shuffled,2559,9,+0.0750,0.0166,stable,7,0,7,6,Janet’s ducks lay 1, eggs per day. She eats three for,0.0000,1
shuffled,2559,9,+0.0750,0.0166,stable,8,0,8, eggs,Janet’s ducks lay 16, per day. She eats three for breakfast,0.0000,0
shuffled,2559,9,+0.0750,0.0166,stable,9,0,9, per,et’s ducks lay 16 eggs, day. She eats three for breakfast every,0.0000,0
shuffled,2559,9,+0.0750,0.0166,stable,10,0,10, day,’s ducks lay 16 eggs per,. She eats three for breakfast every morning,0.0000,0
shuffled,2559,9,+0.0750,0.0166,stable,11,0,11,., ducks lay 16 eggs per day, She eats three for breakfast every morning and,0.0000,1
shuffled,2559,9,+0.0750,0.0166,stable,12,0,12, She, lay 16 eggs per day., eats three for breakfast every morning and b,0.0000,0
shuffled,2559,9,+0.0750,0.0166,stable,13,0,13, eats, 16 eggs per day. She, three for breakfast every morning and bakes,0.0000,0
shuffled,2559,9,+0.0750,0.0166,stable,14,0,14, three,16 eggs per day. She eats, for breakfast every morning and bakes muff,0.0000,0
shuffled,2559,9,+0.0750,0.0166,stable,15,0,15, for,6 eggs per day. She eats three, breakfast every morning and bakes muffins,0.0000,0
shuffled,2559,9,+0.0750,0.0166,stable,16,0,16, breakfast, eggs per day. She eats three for, every morning and bakes muffins for,0.0000,0
shuffled,2559,9,+0.0750,0.0166,stable,17,0,17, every, per day. She eats three for breakfast, morning and bakes muffins for her,0.0000,0
shuffled,2559,9,+0.0750,0.0166,stable,18,0,18, morning, day. She eats three for breakfast every, and bakes muffins for her friends,0.0000,0
shuffled,2559,9,+0.0750,0.0166,stable,19,0,19, and,. She eats three for breakfast every morning, bakes muffins for her friends every,0.0000,0
shuffled,6722,10,+0.0733,0.0166,stable,0,0,1,et,Jan,’s ducks lay 16 eggs per,0.0000,0
shuffled,6722,10,+0.0733,0.0166,stable,1,0,2,’s,Janet, ducks lay 16 eggs per day,0.0000,0
shuffled,6722,10,+0.0733,0.0166,stable,2,0,3, ducks,Janet’s, lay 16 eggs per day.,0.0000,0
shuffled,6722,10,+0.0733,0.0166,stable,3,0,4, lay,Janet’s ducks, 16 eggs per day. She,0.0000,0
shuffled,6722,10,+0.0733,0.0166,stable,4,0,5, ,Janet’s ducks lay,16 eggs per day. She eats,0.0000,0
shuffled,6722,10,+0.0733,0.0166,stable,5,0,6,1,Janet’s ducks lay ,6 eggs per day. She eats three,0.0000,1
shuffled,6722,10,+0.0733,0.0166,stable,6,0,7,6,Janet’s ducks lay 1, eggs per day. She eats three for,0.0000,1
shuffled,6722,10,+0.0733,0.0166,stable,7,0,8, eggs,Janet’s ducks lay 16, per day. She eats three for breakfast,0.0000,0
shuffled,6722,10,+0.0733,0.0166,stable,8,0,9, per,et’s ducks lay 16 eggs, day. She eats three for breakfast every,0.0000,0
shuffled,6722,10,+0.0733,0.0166,stable,9,0,10, day,’s ducks lay 16 eggs per,. She eats three for breakfast every morning,0.0000,0
shuffled,6722,10,+0.0733,0.0166,stable,10,0,11,., ducks lay 16 eggs per day, She eats three for breakfast every morning and,0.0000,1
shuffled,6722,10,+0.0733,0.0166,stable,11,0,12, She, lay 16 eggs per day., eats three for breakfast every morning and b,0.0000,0
shuffled,6722,10,+0.0733,0.0166,stable,12,0,13, eats, 16 eggs per day. She, three for breakfast every morning and bakes,0.0000,0
shuffled,6722,10,+0.0733,0.0166,stable,13,0,14, three,16 eggs per day. She eats, for breakfast every morning and bakes muff,0.0000,0
shuffled,6722,10,+0.0733,0.0166,stable,14,0,15, for,6 eggs per day. She eats three, breakfast every morning and bakes muffins,0.0000,0
shuffled,6722,10,+0.0733,0.0166,stable,15,0,16, breakfast, eggs per day. She eats three for, every morning and bakes muffins for,0.0000,0
shuffled,6722,10,+0.0733,0.0166,stable,16,0,17, every, per day. She eats three for breakfast, morning and bakes muffins for her,0.0000,0
shuffled,6722,10,+0.0733,0.0166,stable,17,0,18, morning, day. She eats three for breakfast every, and bakes muffins for her friends,0.0000,0
shuffled,6722,10,+0.0733,0.0166,stable,18,0,19, and,. She eats three for breakfast every morning, bakes muffins for her friends every,0.0000,0
shuffled,6722,10,+0.0733,0.0166,stable,19,0,20, b, She eats three for breakfast every morning and,akes muffins for her friends every day,0.0000,0
shuffled,6911,11,+0.0679,0.0142,stable,0,36,92, $, yogurt is sold as 4 units for,5.00 and he needs ,9.2344,0
shuffled,6911,11,+0.0679,0.0142,stable,1,9,94, $,Her hourly rate for the overtime pay is,10 x 1.2 =,9.0469,0
shuffled,6911,11,+0.0679,0.0142,stable,2,62,153, $, pension to find how much she gets:,"50,000 * ",8.9219,0
shuffled,6911,11,+0.0679,0.0142,stable,3,58,125, $,".00
There is also a",3.00 delivery fee and a,8.8594,0
shuffled,6911,11,+0.0679,0.0142,stable,4,72,58, $, Tommy raised 43 brownies x,3/brownie = $<<4,8.6484,0
shuffled,6911,11,+0.0679,0.0142,stable,5,69,59, $,"? In 8 weeks, Bailey receives",5 * 8 = $<<5,8.5078,0
shuffled,6911,11,+0.0679,0.0142,stable,6,70,165, $,"495 students
Each student pays",15.00 per class and,8.4609,0
shuffled,6911,11,+0.0679,0.0142,stable,7,73,46, $, each month for 3 months? A,150 x 2/1,8.4219,0
shuffled,6911,11,+0.0679,0.0142,stable,8,78,147, $, packages of 2 is 9 ×,1 = $<<9*1=,8.3828,0
shuffled,6911,11,+0.0679,0.0142,stable,9,87,7, $,A company pays each of its employees,600 in a month. The,8.3828,0
shuffled,6911,11,+0.0679,0.0142,stable,10,25,188, $,">>17.
Therefore, Marie ordered",17/$8.50 =,8.2500,0
shuffled,6911,11,+0.0679,0.0142,stable,11,50,116, $,", Lloyd makes 147 x",2 = $<<147*,8.2500,0
shuffled,6911,11,+0.0679,0.0142,stable,12,11,138, $, mini cheesecakes was 6 x,55 = $<<6*5,8.2266,0
shuffled,6911,11,+0.0679,0.0142,stable,13,11,106, $, for the mini cupcakes was 2 x,80 = $<<2*8,8.1797,0
shuffled,6911,11,+0.0679,0.0142,stable,14,36,136, $,"-packs
Each 4-pack is",5.00 and he needs ,8.0547,0
shuffled,6911,11,+0.0679,0.0142,stable,15,11,76, $, for the doughnuts was 3 x,68 = $<<3*6,7.9648,0
shuffled,6911,11,+0.0679,0.0142,stable,16,24,61, $, X - X*25% =,"19.50.
Combining",7.9531,0
shuffled,6911,11,+0.0679,0.0142,stable,17,15,213, $,"If he wants to maximize profit, since","125 > $96,",7.9258,0
shuffled,6911,11,+0.0679,0.0142,stable,18,27,105, $," ice cream
If each carton costs",4.00 and she needs ,7.9180,0
shuffled,6911,11,+0.0679,0.0142,stable,19,17,69, $, total amount Jill makes per week teaching:,20/hour * 35,7.8906,0
shuffled,5643,12,+0.0610,0.0060,rotated,0,19,54, hour," hour, what speed (in miles per",) does she need to walk the remaining,6.9102,0
shuffled,5643,12,+0.0610,0.0060,rotated,1,14,170,2, = <<16-4=1,>>12 students enrolled in hip-hop,5.6641,1
shuffled,5643,12,+0.0610,0.0060,rotated,2,15,140,0,0*(2.5/10,)=125>>125,5.5664,1
shuffled,5643,12,+0.0610,0.0060,rotated,3,31,88,2,)= <<20+(80/,")=60>>60
The",5.4766,1
shuffled,5643,12,+0.0610,0.0060,rotated,4,68,99,0,20+60=18,">>180 students in total
",5.4023,1
shuffled,5643,12,+0.0610,0.0060,rotated,5,15,181,0,0*(1.2/10,) = $<<8000,5.3750,1
shuffled,5643,12,+0.0610,0.0060,rotated,6,10,196,6,80-54=12,>>126 downloads in the third,5.3242,1
shuffled,5643,12,+0.0610,0.0060,rotated,7,15,124,0,0*(2.5/10,) = $<<5000,5.2500,1
shuffled,5643,12,+0.0610,0.0060,rotated,8,20,122,9,1 = <<10-1=,">>9 liters of orange drink left.
",5.1406,1
shuffled,5643,12,+0.0610,0.0060,rotated,9,23,77,8, 4 = <<2*4=,">>8 centimeters shorter.
#### ",5.1211,1
shuffled,5643,12,+0.0610,0.0060,rotated,10,80,105,4,6 = <<8+6=1,>>14 liters of water were gotten,5.1133,1
shuffled,5643,12,+0.0610,0.0060,rotated,11,91,69,8,6 = <<3*6=1,">>18 pets
In total,",5.1094,1
shuffled,5643,12,+0.0610,0.0060,rotated,12,84,126,5, = <<22-7=1,">>15 games.
#### 1",5.1016,1
shuffled,5643,12,+0.0610,0.0060,rotated,13,44,218,0,*20=40.0,">>40.00
If",5.0938,1
shuffled,5643,12,+0.0610,0.0060,rotated,14,84,53,8,"8.
The team played (L+",) + L = 2L +,5.0742,1
shuffled,5643,12,+0.0610,0.0060,rotated,15,22,93,4, 2 = <<2*2=,">>4 DVDs.
He sells a total",5.0312,1
shuffled,5643,12,+0.0610,0.0060,rotated,16,66,194,8, = <<12*4=4,">>48 people.
#### 4",5.0273,1
shuffled,5643,12,+0.0610,0.0060,rotated,17,85,181,4, = <<44*1=4,">>44 quilt blocks in all.
",5.0117,1
shuffled,5643,12,+0.0610,0.0060,rotated,18,95,95,0,00-80=12,">>120 are girls.
Out",4.9766,1
shuffled,5643,12,+0.0610,0.0060,rotated,19,65,80,3,+1=<<2+1=,">>3 hours on these activities
That",4.9531,1
shuffled,2012,13,+0.0605,0.0166,stable,0,62,178,1,000*50*.0,=25000>>2,0.9839,1
shuffled,2012,13,+0.0605,0.0166,stable,1,32,74,7, 5*7=<<5*,=35>>35 hours per,0.8184,1
shuffled,2012,13,+0.0605,0.0166,stable,2,0,1,et,Jan,’s ducks lay 16 eggs per,0.0000,0
shuffled,2012,13,+0.0605,0.0166,stable,3,0,2,’s,Janet, ducks lay 16 eggs per day,0.0000,0
shuffled,2012,13,+0.0605,0.0166,stable,4,0,3, ducks,Janet’s, lay 16 eggs per day.,0.0000,0
shuffled,2012,13,+0.0605,0.0166,stable,5,0,4, lay,Janet’s ducks, 16 eggs per day. She,0.0000,0
shuffled,2012,13,+0.0605,0.0166,stable,6,0,5, ,Janet’s ducks lay,16 eggs per day. She eats,0.0000,0
shuffled,2012,13,+0.0605,0.0166,stable,7,0,6,1,Janet’s ducks lay ,6 eggs per day. She eats three,0.0000,1
shuffled,2012,13,+0.0605,0.0166,stable,8,0,7,6,Janet’s ducks lay 1, eggs per day. She eats three for,0.0000,1
shuffled,2012,13,+0.0605,0.0166,stable,9,0,8, eggs,Janet’s ducks lay 16, per day. She eats three for breakfast,0.0000,0
shuffled,2012,13,+0.0605,0.0166,stable,10,0,9, per,et’s ducks lay 16 eggs, day. She eats three for breakfast every,0.0000,0
shuffled,2012,13,+0.0605,0.0166,stable,11,0,10, day,’s ducks lay 16 eggs per,. She eats three for breakfast every morning,0.0000,0
shuffled,2012,13,+0.0605,0.0166,stable,12,0,11,., ducks lay 16 eggs per day, She eats three for breakfast every morning and,0.0000,1
shuffled,2012,13,+0.0605,0.0166,stable,13,0,12, She, lay 16 eggs per day., eats three for breakfast every morning and b,0.0000,0
shuffled,2012,13,+0.0605,0.0166,stable,14,0,13, eats, 16 eggs per day. She, three for breakfast every morning and bakes,0.0000,0
shuffled,2012,13,+0.0605,0.0166,stable,15,0,14, three,16 eggs per day. She eats, for breakfast every morning and bakes muff,0.0000,0
shuffled,2012,13,+0.0605,0.0166,stable,16,0,15, for,6 eggs per day. She eats three, breakfast every morning and bakes muffins,0.0000,0
shuffled,2012,13,+0.0605,0.0166,stable,17,0,16, breakfast, eggs per day. She eats three for, every morning and bakes muffins for,0.0000,0
shuffled,2012,13,+0.0605,0.0166,stable,18,0,17, every, per day. She eats three for breakfast, morning and bakes muffins for her,0.0000,0
shuffled,2012,13,+0.0605,0.0166,stable,19,0,18, morning, day. She eats three for breakfast every, and bakes muffins for her friends,0.0000,0
shuffled,5368,14,+0.0503,0.0042,stable,0,73,103,1, $<<150+3=,"53>>153.
The",7.8086,1
shuffled,5368,14,+0.0503,0.0042,stable,1,70,188,4, students so Judy makes 15*,95 = $<<15*,6.8867,1
shuffled,5368,14,+0.0503,0.0042,stable,2,37,119,1, = <<160+5=,"65>>165
He",6.8672,1
shuffled,5368,14,+0.0503,0.0042,stable,3,76,99,1, of dog food given for the first ,80 days is 180,6.7852,1
shuffled,5368,14,+0.0503,0.0042,stable,4,94,184,1,80 = <<168+,80=348>>3,6.7656,1
shuffled,5368,14,+0.0503,0.0042,stable,5,61,153,1,30=1430>>,"430
#### 14",6.6328,1
shuffled,5368,14,+0.0503,0.0042,stable,6,73,107,1,0+3=153>>,"53.
The total amount to be",6.5195,1
shuffled,5368,14,+0.0503,0.0042,stable,7,99,132,1, a total of 80 + ,8 = <<80+18,6.5000,1
shuffled,5368,14,+0.0503,0.0042,stable,8,10,235,2,40 = <<126+,40=366>>3,6.4961,1
shuffled,5368,14,+0.0503,0.0042,stable,9,90,218,2," potato salad to the picnic.
#### ",25,6.4805,1
shuffled,5368,14,+0.0503,0.0042,stable,10,10,226,2, the program was 126+,40 = <<126+,6.4688,1
shuffled,5368,14,+0.0503,0.0042,stable,11,82,67,4, combined weights are 125+,98 = <<125+,6.4453,1
shuffled,5368,14,+0.0503,0.0042,stable,12,43,102,1,0 = <<2000-,800=200>>,6.4023,1
shuffled,5368,14,+0.0503,0.0042,stable,13,59,112,1,">>187 fruit
#### ",87,6.3086,1
shuffled,5368,14,+0.0503,0.0042,stable,14,76,221,3, year is 180 + ,70 = <<180+,6.3086,1
shuffled,5368,14,+0.0503,0.0042,stable,15,90,194,2,200+25=<<,00+25=22,6.3008,1
shuffled,5368,14,+0.0503,0.0042,stable,16,91,88,1, have 4 + 6 + ,8 = <<4+6+1,6.2930,1
shuffled,5368,14,+0.0503,0.0042,stable,17,82,76,4,98 = <<125+,98=623>>6,6.2852,1
shuffled,5368,14,+0.0503,0.0042,stable,18,99,186,9," plants.
She will therefore remain with ",8 - 40 = <<9,6.2812,1
shuffled,5368,14,+0.0503,0.0042,stable,19,30,49,1, ratio representing their ages is 7+,1= <<7+11=,6.2617,1
shuffled,6266,15,+0.0459,0.0166,stable,0,0,1,et,Jan,’s ducks lay 16 eggs per,0.0000,0
shuffled,6266,15,+0.0459,0.0166,stable,1,0,2,’s,Janet, ducks lay 16 eggs per day,0.0000,0
shuffled,6266,15,+0.0459,0.0166,stable,2,0,3, ducks,Janet’s, lay 16 eggs per day.,0.0000,0
shuffled,6266,15,+0.0459,0.0166,stable,3,0,4, lay,Janet’s ducks, 16 eggs per day. She,0.0000,0
shuffled,6266,15,+0.0459,0.0166,stable,4,0,5, ,Janet’s ducks lay,16 eggs per day. She eats,0.0000,0
shuffled,6266,15,+0.0459,0.0166,stable,5,0,6,1,Janet’s ducks lay ,6 eggs per day. She eats three,0.0000,1
shuffled,6266,15,+0.0459,0.0166,stable,6,0,7,6,Janet’s ducks lay 1, eggs per day. She eats three for,0.0000,1
shuffled,6266,15,+0.0459,0.0166,stable,7,0,8, eggs,Janet’s ducks lay 16, per day. She eats three for breakfast,0.0000,0
shuffled,6266,15,+0.0459,0.0166,stable,8,0,9, per,et’s ducks lay 16 eggs, day. She eats three for breakfast every,0.0000,0
shuffled,6266,15,+0.0459,0.0166,stable,9,0,10, day,’s ducks lay 16 eggs per,. She eats three for breakfast every morning,0.0000,0
shuffled,6266,15,+0.0459,0.0166,stable,10,0,11,., ducks lay 16 eggs per day, She eats three for breakfast every morning and,0.0000,1
shuffled,6266,15,+0.0459,0.0166,stable,11,0,12, She, lay 16 eggs per day., eats three for breakfast every morning and b,0.0000,0
shuffled,6266,15,+0.0459,0.0166,stable,12,0,13, eats, 16 eggs per day. She, three for breakfast every morning and bakes,0.0000,0
shuffled,6266,15,+0.0459,0.0166,stable,13,0,14, three,16 eggs per day. She eats, for breakfast every morning and bakes muff,0.0000,0
shuffled,6266,15,+0.0459,0.0166,stable,14,0,15, for,6 eggs per day. She eats three, breakfast every morning and bakes muffins,0.0000,0
shuffled,6266,15,+0.0459,0.0166,stable,15,0,16, breakfast, eggs per day. She eats three for, every morning and bakes muffins for,0.0000,0
shuffled,6266,15,+0.0459,0.0166,stable,16,0,17, every, per day. She eats three for breakfast, morning and bakes muffins for her,0.0000,0
shuffled,6266,15,+0.0459,0.0166,stable,17,0,18, morning, day. She eats three for breakfast every, and bakes muffins for her friends,0.0000,0
shuffled,6266,15,+0.0459,0.0166,stable,18,0,19, and,. She eats three for breakfast every morning, bakes muffins for her friends every,0.0000,0
shuffled,6266,15,+0.0459,0.0166,stable,19,0,20, b, She eats three for breakfast every morning and,akes muffins for her friends every day,0.0000,0
shuffled,5571,16,+0.0411,0.0166,stable,0,0,1,et,Jan,’s ducks lay 16 eggs per,0.0000,0
shuffled,5571,16,+0.0411,0.0166,stable,1,0,2,’s,Janet, ducks lay 16 eggs per day,0.0000,0
shuffled,5571,16,+0.0411,0.0166,stable,2,0,3, ducks,Janet’s, lay 16 eggs per day.,0.0000,0
shuffled,5571,16,+0.0411,0.0166,stable,3,0,4, lay,Janet’s ducks, 16 eggs per day. She,0.0000,0
shuffled,5571,16,+0.0411,0.0166,stable,4,0,5, ,Janet’s ducks lay,16 eggs per day. She eats,0.0000,0
shuffled,5571,16,+0.0411,0.0166,stable,5,0,6,1,Janet’s ducks lay ,6 eggs per day. She eats three,0.0000,1
shuffled,5571,16,+0.0411,0.0166,stable,6,0,7,6,Janet’s ducks lay 1, eggs per day. She eats three for,0.0000,1
shuffled,5571,16,+0.0411,0.0166,stable,7,0,8, eggs,Janet’s ducks lay 16, per day. She eats three for breakfast,0.0000,0
shuffled,5571,16,+0.0411,0.0166,stable,8,0,9, per,et’s ducks lay 16 eggs, day. She eats three for breakfast every,0.0000,0
shuffled,5571,16,+0.0411,0.0166,stable,9,0,10, day,’s ducks lay 16 eggs per,. She eats three for breakfast every morning,0.0000,0
shuffled,5571,16,+0.0411,0.0166,stable,10,0,11,., ducks lay 16 eggs per day, She eats three for breakfast every morning and,0.0000,1
shuffled,5571,16,+0.0411,0.0166,stable,11,0,12, She, lay 16 eggs per day., eats three for breakfast every morning and b,0.0000,0
shuffled,5571,16,+0.0411,0.0166,stable,12,0,13, eats, 16 eggs per day. She, three for breakfast every morning and bakes,0.0000,0
shuffled,5571,16,+0.0411,0.0166,stable,13,0,14, three,16 eggs per day. She eats, for breakfast every morning and bakes muff,0.0000,0
shuffled,5571,16,+0.0411,0.0166,stable,14,0,15, for,6 eggs per day. She eats three, breakfast every morning and bakes muffins,0.0000,0
shuffled,5571,16,+0.0411,0.0166,stable,15,0,16, breakfast, eggs per day. She eats three for, every morning and bakes muffins for,0.0000,0
shuffled,5571,16,+0.0411,0.0166,stable,16,0,17, every, per day. She eats three for breakfast, morning and bakes muffins for her,0.0000,0
shuffled,5571,16,+0.0411,0.0166,stable,17,0,18, morning, day. She eats three for breakfast every, and bakes muffins for her friends,0.0000,0
shuffled,5571,16,+0.0411,0.0166,stable,18,0,19, and,. She eats three for breakfast every morning, bakes muffins for her friends every,0.0000,0
shuffled,5571,16,+0.0411,0.0166,stable,19,0,20, b, She eats three for breakfast every morning and,akes muffins for her friends every day,0.0000,0
shuffled,6605,17,+0.0406,0.0166,stable,0,0,1,et,Jan,’s ducks lay 16 eggs per,0.0000,0
shuffled,6605,17,+0.0406,0.0166,stable,1,0,2,’s,Janet, ducks lay 16 eggs per day,0.0000,0
shuffled,6605,17,+0.0406,0.0166,stable,2,0,3, ducks,Janet’s, lay 16 eggs per day.,0.0000,0
shuffled,6605,17,+0.0406,0.0166,stable,3,0,4, lay,Janet’s ducks, 16 eggs per day. She,0.0000,0
shuffled,6605,17,+0.0406,0.0166,stable,4,0,5, ,Janet’s ducks lay,16 eggs per day. She eats,0.0000,0
shuffled,6605,17,+0.0406,0.0166,stable,5,0,6,1,Janet’s ducks lay ,6 eggs per day. She eats three,0.0000,1
shuffled,6605,17,+0.0406,0.0166,stable,6,0,7,6,Janet’s ducks lay 1, eggs per day. She eats three for,0.0000,1
shuffled,6605,17,+0.0406,0.0166,stable,7,0,8, eggs,Janet’s ducks lay 16, per day. She eats three for breakfast,0.0000,0
shuffled,6605,17,+0.0406,0.0166,stable,8,0,9, per,et’s ducks lay 16 eggs, day. She eats three for breakfast every,0.0000,0
shuffled,6605,17,+0.0406,0.0166,stable,9,0,10, day,’s ducks lay 16 eggs per,. She eats three for breakfast every morning,0.0000,0
shuffled,6605,17,+0.0406,0.0166,stable,10,0,11,., ducks lay 16 eggs per day, She eats three for breakfast every morning and,0.0000,1
shuffled,6605,17,+0.0406,0.0166,stable,11,0,12, She, lay 16 eggs per day., eats three for breakfast every morning and b,0.0000,0
shuffled,6605,17,+0.0406,0.0166,stable,12,0,13, eats, 16 eggs per day. She, three for breakfast every morning and bakes,0.0000,0
shuffled,6605,17,+0.0406,0.0166,stable,13,0,14, three,16 eggs per day. She eats, for breakfast every morning and bakes muff,0.0000,0
shuffled,6605,17,+0.0406,0.0166,stable,14,0,15, for,6 eggs per day. She eats three, breakfast every morning and bakes muffins,0.0000,0
shuffled,6605,17,+0.0406,0.0166,stable,15,0,16, breakfast, eggs per day. She eats three for, every morning and bakes muffins for,0.0000,0
shuffled,6605,17,+0.0406,0.0166,stable,16,0,17, every, per day. She eats three for breakfast, morning and bakes muffins for her,0.0000,0
shuffled,6605,17,+0.0406,0.0166,stable,17,0,18, morning, day. She eats three for breakfast every, and bakes muffins for her friends,0.0000,0
shuffled,6605,17,+0.0406,0.0166,stable,18,0,19, and,. She eats three for breakfast every morning, bakes muffins for her friends every,0.0000,0
shuffled,6605,17,+0.0406,0.0166,stable,19,0,20, b, She eats three for breakfast every morning and,akes muffins for her friends every day,0.0000,0
shuffled,4142,18,+0.0398,0.0166,stable,0,0,1,et,Jan,’s ducks lay 16 eggs per,0.0000,0
shuffled,4142,18,+0.0398,0.0166,stable,1,0,2,’s,Janet, ducks lay 16 eggs per day,0.0000,0
shuffled,4142,18,+0.0398,0.0166,stable,2,0,3, ducks,Janet’s, lay 16 eggs per day.,0.0000,0
shuffled,4142,18,+0.0398,0.0166,stable,3,0,4, lay,Janet’s ducks, 16 eggs per day. She,0.0000,0
shuffled,4142,18,+0.0398,0.0166,stable,4,0,5, ,Janet’s ducks lay,16 eggs per day. She eats,0.0000,0
shuffled,4142,18,+0.0398,0.0166,stable,5,0,6,1,Janet’s ducks lay ,6 eggs per day. She eats three,0.0000,1
shuffled,4142,18,+0.0398,0.0166,stable,6,0,7,6,Janet’s ducks lay 1, eggs per day. She eats three for,0.0000,1
shuffled,4142,18,+0.0398,0.0166,stable,7,0,8, eggs,Janet’s ducks lay 16, per day. She eats three for breakfast,0.0000,0
shuffled,4142,18,+0.0398,0.0166,stable,8,0,9, per,et’s ducks lay 16 eggs, day. She eats three for breakfast every,0.0000,0
shuffled,4142,18,+0.0398,0.0166,stable,9,0,10, day,’s ducks lay 16 eggs per,. She eats three for breakfast every morning,0.0000,0
shuffled,4142,18,+0.0398,0.0166,stable,10,0,11,., ducks lay 16 eggs per day, She eats three for breakfast every morning and,0.0000,1
shuffled,4142,18,+0.0398,0.0166,stable,11,0,12, She, lay 16 eggs per day., eats three for breakfast every morning and b,0.0000,0
shuffled,4142,18,+0.0398,0.0166,stable,12,0,13, eats, 16 eggs per day. She, three for breakfast every morning and bakes,0.0000,0
shuffled,4142,18,+0.0398,0.0166,stable,13,0,14, three,16 eggs per day. She eats, for breakfast every morning and bakes muff,0.0000,0
shuffled,4142,18,+0.0398,0.0166,stable,14,0,15, for,6 eggs per day. She eats three, breakfast every morning and bakes muffins,0.0000,0
shuffled,4142,18,+0.0398,0.0166,stable,15,0,16, breakfast, eggs per day. She eats three for, every morning and bakes muffins for,0.0000,0
shuffled,4142,18,+0.0398,0.0166,stable,16,0,17, every, per day. She eats three for breakfast, morning and bakes muffins for her,0.0000,0
shuffled,4142,18,+0.0398,0.0166,stable,17,0,18, morning, day. She eats three for breakfast every, and bakes muffins for her friends,0.0000,0
shuffled,4142,18,+0.0398,0.0166,stable,18,0,19, and,. She eats three for breakfast every morning, bakes muffins for her friends every,0.0000,0
shuffled,4142,18,+0.0398,0.0166,stable,19,0,20, b, She eats three for breakfast every morning and,akes muffins for her friends every day,0.0000,0
shuffled,2809,19,+0.0397,0.0075,redirected,0,38,156,0, 60/6=<<6,/6=10>>10,4.2031,1
shuffled,2809,19,+0.0397,0.0075,redirected,1,39,166,6, 6*(2/3)=<<,*(2/3)=4>>4,4.1406,1
shuffled,2809,19,+0.0397,0.0075,redirected,2,8,173,0, 30*.5=<<3,*.5=15>>15,4.0273,1
shuffled,2809,19,+0.0397,0.0075,redirected,3,84,98,4, 14/2 = <<1,"/2=7>>7 losses.
",4.0195,1
shuffled,2809,19,+0.0397,0.0075,redirected,4,15,189,0,0) = $<<800,*(1.2/100,4.0156,1
shuffled,2809,19,+0.0397,0.0075,redirected,5,47,111,0,0 * .5 = $<<4,*.5=20>>20,4.0039,1
shuffled,2809,19,+0.0397,0.0075,redirected,6,8,222,0,0*1.5=<<8,*1.5=120,3.9258,1
shuffled,2809,19,+0.0397,0.0075,redirected,7,60,62,0,0)*25 = <<(2,/100)*25=,3.9199,1
shuffled,2809,19,+0.0397,0.0075,redirected,8,15,132,0,0) = $<<500,*(2.5/100,3.8828,1
shuffled,2809,19,+0.0397,0.0075,redirected,9,39,228,2,", or 2*6=<<",*6=12>>12,3.8477,1
shuffled,2809,19,+0.0397,0.0075,redirected,10,65,125,9, he spends 9*4=<<,*4=36>>36,3.8418,1
shuffled,2809,19,+0.0397,0.0075,redirected,11,52,84,0,0 x .25 = <<3,*.25=7.5>>,3.8242,1
shuffled,2809,19,+0.0397,0.0075,redirected,12,99,167,0, 40 *1 = <<4,*1=40>>40,3.7520,1
shuffled,2809,19,+0.0397,0.0075,redirected,13,78,65,8,8 ÷ 3 = <<1,"/3=6>>6.
The",3.7305,1
shuffled,2809,19,+0.0397,0.0075,redirected,14,8,280,0,-135=<<18,-135=45>>,3.7148,1
shuffled,2809,19,+0.0397,0.0075,redirected,15,31,116,0, 1.25 = <<8,*1.25=10,3.6953,1
shuffled,2809,19,+0.0397,0.0075,redirected,16,6,62,0, * 20 sheep = <<2,*4=80>>80,3.6641,1
shuffled,2809,19,+0.0397,0.0075,redirected,17,55,88,8,28 / 2 = <<2,/2=14>>14,3.6602,1
shuffled,2809,19,+0.0397,0.0075,redirected,18,65,98,3, he spends 3*3=<<,*3=9>>9 hours a,3.6484,1
shuffled,2809,19,+0.0397,0.0075,redirected,19,51,105,0, 30/6=<<3,/6=5>>5 hours to,3.6289,1
shuffled,6194,20,+0.0395,0.0166,stable,0,0,1,et,Jan,’s ducks lay 16 eggs per,0.0000,0
shuffled,6194,20,+0.0395,0.0166,stable,1,0,2,’s,Janet, ducks lay 16 eggs per day,0.0000,0
shuffled,6194,20,+0.0395,0.0166,stable,2,0,3, ducks,Janet’s, lay 16 eggs per day.,0.0000,0
shuffled,6194,20,+0.0395,0.0166,stable,3,0,4, lay,Janet’s ducks, 16 eggs per day. She,0.0000,0
shuffled,6194,20,+0.0395,0.0166,stable,4,0,5, ,Janet’s ducks lay,16 eggs per day. She eats,0.0000,0
shuffled,6194,20,+0.0395,0.0166,stable,5,0,6,1,Janet’s ducks lay ,6 eggs per day. She eats three,0.0000,1
shuffled,6194,20,+0.0395,0.0166,stable,6,0,7,6,Janet’s ducks lay 1, eggs per day. She eats three for,0.0000,1
shuffled,6194,20,+0.0395,0.0166,stable,7,0,8, eggs,Janet’s ducks lay 16, per day. She eats three for breakfast,0.0000,0
shuffled,6194,20,+0.0395,0.0166,stable,8,0,9, per,et’s ducks lay 16 eggs, day. She eats three for breakfast every,0.0000,0
shuffled,6194,20,+0.0395,0.0166,stable,9,0,10, day,’s ducks lay 16 eggs per,. She eats three for breakfast every morning,0.0000,0
shuffled,6194,20,+0.0395,0.0166,stable,10,0,11,., ducks lay 16 eggs per day, She eats three for breakfast every morning and,0.0000,1
shuffled,6194,20,+0.0395,0.0166,stable,11,0,12, She, lay 16 eggs per day., eats three for breakfast every morning and b,0.0000,0
shuffled,6194,20,+0.0395,0.0166,stable,12,0,13, eats, 16 eggs per day. She, three for breakfast every morning and bakes,0.0000,0
shuffled,6194,20,+0.0395,0.0166,stable,13,0,14, three,16 eggs per day. She eats, for breakfast every morning and bakes muff,0.0000,0
shuffled,6194,20,+0.0395,0.0166,stable,14,0,15, for,6 eggs per day. She eats three, breakfast every morning and bakes muffins,0.0000,0
shuffled,6194,20,+0.0395,0.0166,stable,15,0,16, breakfast, eggs per day. She eats three for, every morning and bakes muffins for,0.0000,0
shuffled,6194,20,+0.0395,0.0166,stable,16,0,17, every, per day. She eats three for breakfast, morning and bakes muffins for her,0.0000,0
shuffled,6194,20,+0.0395,0.0166,stable,17,0,18, morning, day. She eats three for breakfast every, and bakes muffins for her friends,0.0000,0
shuffled,6194,20,+0.0395,0.0166,stable,18,0,19, and,. She eats three for breakfast every morning, bakes muffins for her friends every,0.0000,0
shuffled,6194,20,+0.0395,0.0166,stable,19,0,20, b, She eats three for breakfast every morning and,akes muffins for her friends every day,0.0000,0
shuffled,1237,21,+0.0394,0.0500,reweighted,0,97,2,a,When Fred," cooks canned tomatoes into sauce, they lose",6.8164,0
shuffled,1237,21,+0.0394,0.0500,reweighted,1,39,13, she, a rate of speed four times faster than," can walk, but she can skip at",5.7656,0
shuffled,1237,21,+0.0394,0.0500,reweighted,2,41,72, Polly, the dragon's flames.  But when," held the sapphire gemstone, she",5.7539,0
shuffled,1237,21,+0.0394,0.0500,reweighted,3,42,1,ma,Grand, Jones baked 5 apple pies for the,5.6172,0
shuffled,1237,21,+0.0394,0.0500,reweighted,4,29,2,ia,Glor, is shoe shopping when she comes across a,5.5781,0
shuffled,1237,21,+0.0394,0.0500,reweighted,5,17,1,ill,J, gets paid $20 per hour to,5.5312,0
shuffled,1237,21,+0.0394,0.0500,reweighted,6,9,1,iza,El,'s rate per hour for the first ,5.4609,0
shuffled,1237,21,+0.0394,0.0500,reweighted,7,97,31,a, that she uses contains three tomatoes. Fred,’s last batch of tomato sauce made ,5.3906,0
shuffled,1237,21,+0.0394,0.0500,reweighted,8,13,72, Melanie, cleaners by two to find out how many, had before she visited the orange house:,5.3711,0
shuffled,1237,21,+0.0394,0.0500,reweighted,9,13,43, Melanie, was left at the orange house. If," has 5 vacuum cleaners left, how",5.3594,0
shuffled,1237,21,+0.0394,0.0500,reweighted,10,4,4,endi,"Every day, W", feeds each of her chickens three cups of,5.2852,0
shuffled,1237,21,+0.0394,0.0500,reweighted,11,21,14, Samantha,. Raymond was born 6 years before,. Raymond had a son at the age,5.2617,0
shuffled,1237,21,+0.0394,0.0500,reweighted,12,76,14, she," new puppy. According to her veterinarian,", has to feed the puppy 1 cup,5.2461,0
shuffled,1237,21,+0.0394,0.0500,reweighted,13,11,2,la,Tou, went to the bakery and bought various types,5.2266,0
shuffled,1237,21,+0.0394,0.0500,reweighted,14,18,29, She, will she eat in 4 weeks?, eats 3 eggs every day and there,5.2227,0
shuffled,1237,21,+0.0394,0.0500,reweighted,15,13,1,anie,Mel, is a door-to-door saleswoman.,5.2148,0
shuffled,1237,21,+0.0394,0.0500,reweighted,16,62,53, she, value of the pension per year. If," quits after 30 years, what",5.1641,0
shuffled,1237,21,+0.0394,0.0500,reweighted,17,17,105, Jill,"/week
Then find the total amount", makes per week coaching: $30,5.1289,0
shuffled,1237,21,+0.0394,0.0500,reweighted,18,64,84, Sophia, gallons of gas. How many miles can, drive on a single tank of gas?,5.0781,0
shuffled,1237,21,+0.0394,0.0500,reweighted,19,45,95, she, writing articles in the three days. If," wrote five articles on Monday, then on",5.0742,0
shuffled,4151,22,+0.0359,0.0166,stable,0,0,1,et,Jan,’s ducks lay 16 eggs per,0.0000,0
shuffled,4151,22,+0.0359,0.0166,stable,1,0,2,’s,Janet, ducks lay 16 eggs per day,0.0000,0
shuffled,4151,22,+0.0359,0.0166,stable,2,0,3, ducks,Janet’s, lay 16 eggs per day.,0.0000,0
shuffled,4151,22,+0.0359,0.0166,stable,3,0,4, lay,Janet’s ducks, 16 eggs per day. She,0.0000,0
shuffled,4151,22,+0.0359,0.0166,stable,4,0,5, ,Janet’s ducks lay,16 eggs per day. She eats,0.0000,0
shuffled,4151,22,+0.0359,0.0166,stable,5,0,6,1,Janet’s ducks lay ,6 eggs per day. She eats three,0.0000,1
shuffled,4151,22,+0.0359,0.0166,stable,6,0,7,6,Janet’s ducks lay 1, eggs per day. She eats three for,0.0000,1
shuffled,4151,22,+0.0359,0.0166,stable,7,0,8, eggs,Janet’s ducks lay 16, per day. She eats three for breakfast,0.0000,0
shuffled,4151,22,+0.0359,0.0166,stable,8,0,9, per,et’s ducks lay 16 eggs, day. She eats three for breakfast every,0.0000,0
shuffled,4151,22,+0.0359,0.0166,stable,9,0,10, day,’s ducks lay 16 eggs per,. She eats three for breakfast every morning,0.0000,0
shuffled,4151,22,+0.0359,0.0166,stable,10,0,11,., ducks lay 16 eggs per day, She eats three for breakfast every morning and,0.0000,1
shuffled,4151,22,+0.0359,0.0166,stable,11,0,12, She, lay 16 eggs per day., eats three for breakfast every morning and b,0.0000,0
shuffled,4151,22,+0.0359,0.0166,stable,12,0,13, eats, 16 eggs per day. She, three for breakfast every morning and bakes,0.0000,0
shuffled,4151,22,+0.0359,0.0166,stable,13,0,14, three,16 eggs per day. She eats, for breakfast every morning and bakes muff,0.0000,0
shuffled,4151,22,+0.0359,0.0166,stable,14,0,15, for,6 eggs per day. She eats three, breakfast every morning and bakes muffins,0.0000,0
shuffled,4151,22,+0.0359,0.0166,stable,15,0,16, breakfast, eggs per day. She eats three for, every morning and bakes muffins for,0.0000,0
shuffled,4151,22,+0.0359,0.0166,stable,16,0,17, every, per day. She eats three for breakfast, morning and bakes muffins for her,0.0000,0
shuffled,4151,22,+0.0359,0.0166,stable,17,0,18, morning, day. She eats three for breakfast every, and bakes muffins for her friends,0.0000,0
shuffled,4151,22,+0.0359,0.0166,stable,18,0,19, and,. She eats three for breakfast every morning, bakes muffins for her friends every,0.0000,0
shuffled,4151,22,+0.0359,0.0166,stable,19,0,20, b, She eats three for breakfast every morning and,akes muffins for her friends every day,0.0000,0
shuffled,3506,23,+0.0357,0.0065,rotated,0,13,5,-to,Melanie is a door,-door saleswoman. She sold a third,12.7500,1
shuffled,3506,23,+0.0357,0.0065,rotated,1,39,178, one,"3)=4>>4 hours.
If","-third of the time is spent running,",6.3203,0
shuffled,3506,23,+0.0357,0.0065,rotated,2,36,148,4,0 and he needs 15 ,-packs so he will spend $5,5.2422,1
shuffled,3506,23,+0.0357,0.0065,rotated,3,46,119, post," purchased.
Then, the total number of",-it notes she had when she left the,4.4023,0
shuffled,3506,23,+0.0357,0.0065,rotated,4,45,190,7," three days, she wrote 5+", +14 = <<5+7,4.1875,1
shuffled,3506,23,+0.0357,0.0065,rotated,5,93,114,0, Gerald used to run the 40,"-meter hurdles, then Gerald initially would run",4.1328,1
shuffled,3506,23,+0.0357,0.0065,rotated,6,36,133,4,"5 4-packs
Each ",-pack is $5.00 and,4.0117,1
shuffled,3506,23,+0.0357,0.0065,rotated,7,93,127,0, Gerald initially would run the 40,-meter hurdles in 38+2,4.0000,1
shuffled,3506,23,+0.0357,0.0065,rotated,8,21,89,1,1 - 17 = <<3,-17=14>>1,3.9492,1
shuffled,3506,23,+0.0357,0.0065,rotated,9,20,30, three,15 liters of pineapple drink that is,-fifths water. But as I,3.9414,0
shuffled,3506,23,+0.0357,0.0065,rotated,10,46,214, Post,=163>>163,"-it notes.
#### 163",3.8184,0
shuffled,3506,23,+0.0357,0.0065,rotated,11,8,194,2, drives another 2-.5=<<,-.5=1.5>>1,3.6660,1
shuffled,3506,23,+0.0357,0.0065,rotated,12,93,91,0,? If Lee runs the 40,"-meter hurdles in 38 seconds,",3.5859,1
shuffled,3506,23,+0.0357,0.0065,rotated,13,14,177, hip,12>>12 students enrolled in,"-hop dance.
This is 12",3.5703,0
shuffled,3506,23,+0.0357,0.0065,rotated,14,0,81,3, - 4 = <<16-,-4=9>>9 duck eggs,3.5566,1
shuffled,3506,23,+0.0357,0.0065,rotated,15,14,48, hip, What percentage of the entire students enrolled in,-hop dance? There are 20,3.4707,0
shuffled,3506,23,+0.0357,0.0065,rotated,16,39,66, two, spends one-third of the time running and,-thirds of the time walking? If Dana,3.4531,0
shuffled,3506,23,+0.0357,0.0065,rotated,17,4,190,5, meal would require 60-1,-25=<<60-,3.4434,1
shuffled,3506,23,+0.0357,0.0065,rotated,18,39,197,6, runs for 6-4=<<,"-4=2>>2 hours.
",3.3652,1
shuffled,3506,23,+0.0357,0.0065,rotated,19,46,75, post,.  If she had 23,"-it notes remaining overall, how many Post",3.3574,0
shuffled,86,24,+0.0355,0.0166,stable,0,0,1,et,Jan,’s ducks lay 16 eggs per,0.0000,0
shuffled,86,24,+0.0355,0.0166,stable,1,0,2,’s,Janet, ducks lay 16 eggs per day,0.0000,0
shuffled,86,24,+0.0355,0.0166,stable,2,0,3, ducks,Janet’s, lay 16 eggs per day.,0.0000,0
shuffled,86,24,+0.0355,0.0166,stable,3,0,4, lay,Janet’s ducks, 16 eggs per day. She,0.0000,0
shuffled,86,24,+0.0355,0.0166,stable,4,0,5, ,Janet’s ducks lay,16 eggs per day. She eats,0.0000,0
shuffled,86,24,+0.0355,0.0166,stable,5,0,6,1,Janet’s ducks lay ,6 eggs per day. She eats three,0.0000,1
shuffled,86,24,+0.0355,0.0166,stable,6,0,7,6,Janet’s ducks lay 1, eggs per day. She eats three for,0.0000,1
shuffled,86,24,+0.0355,0.0166,stable,7,0,8, eggs,Janet’s ducks lay 16, per day. She eats three for breakfast,0.0000,0
shuffled,86,24,+0.0355,0.0166,stable,8,0,9, per,et’s ducks lay 16 eggs, day. She eats three for breakfast every,0.0000,0
shuffled,86,24,+0.0355,0.0166,stable,9,0,10, day,’s ducks lay 16 eggs per,. She eats three for breakfast every morning,0.0000,0
shuffled,86,24,+0.0355,0.0166,stable,10,0,11,., ducks lay 16 eggs per day, She eats three for breakfast every morning and,0.0000,1
shuffled,86,24,+0.0355,0.0166,stable,11,0,12, She, lay 16 eggs per day., eats three for breakfast every morning and b,0.0000,0
shuffled,86,24,+0.0355,0.0166,stable,12,0,13, eats, 16 eggs per day. She, three for breakfast every morning and bakes,0.0000,0
shuffled,86,24,+0.0355,0.0166,stable,13,0,14, three,16 eggs per day. She eats, for breakfast every morning and bakes muff,0.0000,0
shuffled,86,24,+0.0355,0.0166,stable,14,0,15, for,6 eggs per day. She eats three, breakfast every morning and bakes muffins,0.0000,0
shuffled,86,24,+0.0355,0.0166,stable,15,0,16, breakfast, eggs per day. She eats three for, every morning and bakes muffins for,0.0000,0
shuffled,86,24,+0.0355,0.0166,stable,16,0,17, every, per day. She eats three for breakfast, morning and bakes muffins for her,0.0000,0
shuffled,86,24,+0.0355,0.0166,stable,17,0,18, morning, day. She eats three for breakfast every, and bakes muffins for her friends,0.0000,0
shuffled,86,24,+0.0355,0.0166,stable,18,0,19, and,. She eats three for breakfast every morning, bakes muffins for her friends every,0.0000,0
shuffled,86,24,+0.0355,0.0166,stable,19,0,20, b, She eats three for breakfast every morning and,akes muffins for her friends every day,0.0000,0
shuffled,5771,25,+0.0355,0.0166,stable,0,0,1,et,Jan,’s ducks lay 16 eggs per,0.0000,0
shuffled,5771,25,+0.0355,0.0166,stable,1,0,2,’s,Janet, ducks lay 16 eggs per day,0.0000,0
shuffled,5771,25,+0.0355,0.0166,stable,2,0,3, ducks,Janet’s, lay 16 eggs per day.,0.0000,0
shuffled,5771,25,+0.0355,0.0166,stable,3,0,4, lay,Janet’s ducks, 16 eggs per day. She,0.0000,0
shuffled,5771,25,+0.0355,0.0166,stable,4,0,5, ,Janet’s ducks lay,16 eggs per day. She eats,0.0000,0
shuffled,5771,25,+0.0355,0.0166,stable,5,0,6,1,Janet’s ducks lay ,6 eggs per day. She eats three,0.0000,1
shuffled,5771,25,+0.0355,0.0166,stable,6,0,7,6,Janet’s ducks lay 1, eggs per day. She eats three for,0.0000,1
shuffled,5771,25,+0.0355,0.0166,stable,7,0,8, eggs,Janet’s ducks lay 16, per day. She eats three for breakfast,0.0000,0
shuffled,5771,25,+0.0355,0.0166,stable,8,0,9, per,et’s ducks lay 16 eggs, day. She eats three for breakfast every,0.0000,0
shuffled,5771,25,+0.0355,0.0166,stable,9,0,10, day,’s ducks lay 16 eggs per,. She eats three for breakfast every morning,0.0000,0
shuffled,5771,25,+0.0355,0.0166,stable,10,0,11,., ducks lay 16 eggs per day, She eats three for breakfast every morning and,0.0000,1
shuffled,5771,25,+0.0355,0.0166,stable,11,0,12, She, lay 16 eggs per day., eats three for breakfast every morning and b,0.0000,0
shuffled,5771,25,+0.0355,0.0166,stable,12,0,13, eats, 16 eggs per day. She, three for breakfast every morning and bakes,0.0000,0
shuffled,5771,25,+0.0355,0.0166,stable,13,0,14, three,16 eggs per day. She eats, for breakfast every morning and bakes muff,0.0000,0
shuffled,5771,25,+0.0355,0.0166,stable,14,0,15, for,6 eggs per day. She eats three, breakfast every morning and bakes muffins,0.0000,0
shuffled,5771,25,+0.0355,0.0166,stable,15,0,16, breakfast, eggs per day. She eats three for, every morning and bakes muffins for,0.0000,0
shuffled,5771,25,+0.0355,0.0166,stable,16,0,17, every, per day. She eats three for breakfast, morning and bakes muffins for her,0.0000,0
shuffled,5771,25,+0.0355,0.0166,stable,17,0,18, morning, day. She eats three for breakfast every, and bakes muffins for her friends,0.0000,0
shuffled,5771,25,+0.0355,0.0166,stable,18,0,19, and,. She eats three for breakfast every morning, bakes muffins for her friends every,0.0000,0
shuffled,5771,25,+0.0355,0.0166,stable,19,0,20, b, She eats three for breakfast every morning and,akes muffins for her friends every day,0.0000,0
shuffled,1252,26,+0.0351,0.0166,stable,0,0,1,et,Jan,’s ducks lay 16 eggs per,0.0000,0
shuffled,1252,26,+0.0351,0.0166,stable,1,0,2,’s,Janet, ducks lay 16 eggs per day,0.0000,0
shuffled,1252,26,+0.0351,0.0166,stable,2,0,3, ducks,Janet’s, lay 16 eggs per day.,0.0000,0
shuffled,1252,26,+0.0351,0.0166,stable,3,0,4, lay,Janet’s ducks, 16 eggs per day. She,0.0000,0
shuffled,1252,26,+0.0351,0.0166,stable,4,0,5, ,Janet’s ducks lay,16 eggs per day. She eats,0.0000,0
shuffled,1252,26,+0.0351,0.0166,stable,5,0,6,1,Janet’s ducks lay ,6 eggs per day. She eats three,0.0000,1
shuffled,1252,26,+0.0351,0.0166,stable,6,0,7,6,Janet’s ducks lay 1, eggs per day. She eats three for,0.0000,1
shuffled,1252,26,+0.0351,0.0166,stable,7,0,8, eggs,Janet’s ducks lay 16, per day. She eats three for breakfast,0.0000,0
shuffled,1252,26,+0.0351,0.0166,stable,8,0,9, per,et’s ducks lay 16 eggs, day. She eats three for breakfast every,0.0000,0
shuffled,1252,26,+0.0351,0.0166,stable,9,0,10, day,’s ducks lay 16 eggs per,. She eats three for breakfast every morning,0.0000,0
shuffled,1252,26,+0.0351,0.0166,stable,10,0,11,., ducks lay 16 eggs per day, She eats three for breakfast every morning and,0.0000,1
shuffled,1252,26,+0.0351,0.0166,stable,11,0,12, She, lay 16 eggs per day., eats three for breakfast every morning and b,0.0000,0
shuffled,1252,26,+0.0351,0.0166,stable,12,0,13, eats, 16 eggs per day. She, three for breakfast every morning and bakes,0.0000,0
shuffled,1252,26,+0.0351,0.0166,stable,13,0,14, three,16 eggs per day. She eats, for breakfast every morning and bakes muff,0.0000,0
shuffled,1252,26,+0.0351,0.0166,stable,14,0,15, for,6 eggs per day. She eats three, breakfast every morning and bakes muffins,0.0000,0
shuffled,1252,26,+0.0351,0.0166,stable,15,0,16, breakfast, eggs per day. She eats three for, every morning and bakes muffins for,0.0000,0
shuffled,1252,26,+0.0351,0.0166,stable,16,0,17, every, per day. She eats three for breakfast, morning and bakes muffins for her,0.0000,0
shuffled,1252,26,+0.0351,0.0166,stable,17,0,18, morning, day. She eats three for breakfast every, and bakes muffins for her friends,0.0000,0
shuffled,1252,26,+0.0351,0.0166,stable,18,0,19, and,. She eats three for breakfast every morning, bakes muffins for her friends every,0.0000,0
shuffled,1252,26,+0.0351,0.0166,stable,19,0,20, b, She eats three for breakfast every morning and,akes muffins for her friends every day,0.0000,0
shuffled,3577,27,+0.0333,0.0166,stable,0,0,1,et,Jan,’s ducks lay 16 eggs per,0.0000,0
shuffled,3577,27,+0.0333,0.0166,stable,1,0,2,’s,Janet, ducks lay 16 eggs per day,0.0000,0
shuffled,3577,27,+0.0333,0.0166,stable,2,0,3, ducks,Janet’s, lay 16 eggs per day.,0.0000,0
shuffled,3577,27,+0.0333,0.0166,stable,3,0,4, lay,Janet’s ducks, 16 eggs per day. She,0.0000,0
shuffled,3577,27,+0.0333,0.0166,stable,4,0,5, ,Janet’s ducks lay,16 eggs per day. She eats,0.0000,0
shuffled,3577,27,+0.0333,0.0166,stable,5,0,6,1,Janet’s ducks lay ,6 eggs per day. She eats three,0.0000,1
shuffled,3577,27,+0.0333,0.0166,stable,6,0,7,6,Janet’s ducks lay 1, eggs per day. She eats three for,0.0000,1
shuffled,3577,27,+0.0333,0.0166,stable,7,0,8, eggs,Janet’s ducks lay 16, per day. She eats three for breakfast,0.0000,0
shuffled,3577,27,+0.0333,0.0166,stable,8,0,9, per,et’s ducks lay 16 eggs, day. She eats three for breakfast every,0.0000,0
shuffled,3577,27,+0.0333,0.0166,stable,9,0,10, day,’s ducks lay 16 eggs per,. She eats three for breakfast every morning,0.0000,0
shuffled,3577,27,+0.0333,0.0166,stable,10,0,11,., ducks lay 16 eggs per day, She eats three for breakfast every morning and,0.0000,1
shuffled,3577,27,+0.0333,0.0166,stable,11,0,12, She, lay 16 eggs per day., eats three for breakfast every morning and b,0.0000,0
shuffled,3577,27,+0.0333,0.0166,stable,12,0,13, eats, 16 eggs per day. She, three for breakfast every morning and bakes,0.0000,0
shuffled,3577,27,+0.0333,0.0166,stable,13,0,14, three,16 eggs per day. She eats, for breakfast every morning and bakes muff,0.0000,0
shuffled,3577,27,+0.0333,0.0166,stable,14,0,15, for,6 eggs per day. She eats three, breakfast every morning and bakes muffins,0.0000,0
shuffled,3577,27,+0.0333,0.0166,stable,15,0,16, breakfast, eggs per day. She eats three for, every morning and bakes muffins for,0.0000,0
shuffled,3577,27,+0.0333,0.0166,stable,16,0,17, every, per day. She eats three for breakfast, morning and bakes muffins for her,0.0000,0
shuffled,3577,27,+0.0333,0.0166,stable,17,0,18, morning, day. She eats three for breakfast every, and bakes muffins for her friends,0.0000,0
shuffled,3577,27,+0.0333,0.0166,stable,18,0,19, and,. She eats three for breakfast every morning, bakes muffins for her friends every,0.0000,0
shuffled,3577,27,+0.0333,0.0166,stable,19,0,20, b, She eats three for breakfast every morning and,akes muffins for her friends every day,0.0000,0
shuffled,10,28,+0.0328,0.0166,stable,0,0,1,et,Jan,’s ducks lay 16 eggs per,0.0000,0
shuffled,10,28,+0.0328,0.0166,stable,1,0,2,’s,Janet, ducks lay 16 eggs per day,0.0000,0
shuffled,10,28,+0.0328,0.0166,stable,2,0,3, ducks,Janet’s, lay 16 eggs per day.,0.0000,0
shuffled,10,28,+0.0328,0.0166,stable,3,0,4, lay,Janet’s ducks, 16 eggs per day. She,0.0000,0
shuffled,10,28,+0.0328,0.0166,stable,4,0,5, ,Janet’s ducks lay,16 eggs per day. She eats,0.0000,0
shuffled,10,28,+0.0328,0.0166,stable,5,0,6,1,Janet’s ducks lay ,6 eggs per day. She eats three,0.0000,1
shuffled,10,28,+0.0328,0.0166,stable,6,0,7,6,Janet’s ducks lay 1, eggs per day. She eats three for,0.0000,1
shuffled,10,28,+0.0328,0.0166,stable,7,0,8, eggs,Janet’s ducks lay 16, per day. She eats three for breakfast,0.0000,0
shuffled,10,28,+0.0328,0.0166,stable,8,0,9, per,et’s ducks lay 16 eggs, day. She eats three for breakfast every,0.0000,0
shuffled,10,28,+0.0328,0.0166,stable,9,0,10, day,’s ducks lay 16 eggs per,. She eats three for breakfast every morning,0.0000,0
shuffled,10,28,+0.0328,0.0166,stable,10,0,11,., ducks lay 16 eggs per day, She eats three for breakfast every morning and,0.0000,1
shuffled,10,28,+0.0328,0.0166,stable,11,0,12, She, lay 16 eggs per day., eats three for breakfast every morning and b,0.0000,0
shuffled,10,28,+0.0328,0.0166,stable,12,0,13, eats, 16 eggs per day. She, three for breakfast every morning and bakes,0.0000,0
shuffled,10,28,+0.0328,0.0166,stable,13,0,14, three,16 eggs per day. She eats, for breakfast every morning and bakes muff,0.0000,0
shuffled,10,28,+0.0328,0.0166,stable,14,0,15, for,6 eggs per day. She eats three, breakfast every morning and bakes muffins,0.0000,0
shuffled,10,28,+0.0328,0.0166,stable,15,0,16, breakfast, eggs per day. She eats three for, every morning and bakes muffins for,0.0000,0
shuffled,10,28,+0.0328,0.0166,stable,16,0,17, every, per day. She eats three for breakfast, morning and bakes muffins for her,0.0000,0
shuffled,10,28,+0.0328,0.0166,stable,17,0,18, morning, day. She eats three for breakfast every, and bakes muffins for her friends,0.0000,0
shuffled,10,28,+0.0328,0.0166,stable,18,0,19, and,. She eats three for breakfast every morning, bakes muffins for her friends every,0.0000,0
shuffled,10,28,+0.0328,0.0166,stable,19,0,20, b, She eats three for breakfast every morning and,akes muffins for her friends every day,0.0000,0
shuffled,4922,29,+0.0325,0.0166,stable,0,0,1,et,Jan,’s ducks lay 16 eggs per,0.0000,0
shuffled,4922,29,+0.0325,0.0166,stable,1,0,2,’s,Janet, ducks lay 16 eggs per day,0.0000,0
shuffled,4922,29,+0.0325,0.0166,stable,2,0,3, ducks,Janet’s, lay 16 eggs per day.,0.0000,0
shuffled,4922,29,+0.0325,0.0166,stable,3,0,4, lay,Janet’s ducks, 16 eggs per day. She,0.0000,0
shuffled,4922,29,+0.0325,0.0166,stable,4,0,5, ,Janet’s ducks lay,16 eggs per day. She eats,0.0000,0
shuffled,4922,29,+0.0325,0.0166,stable,5,0,6,1,Janet’s ducks lay ,6 eggs per day. She eats three,0.0000,1
shuffled,4922,29,+0.0325,0.0166,stable,6,0,7,6,Janet’s ducks lay 1, eggs per day. She eats three for,0.0000,1
shuffled,4922,29,+0.0325,0.0166,stable,7,0,8, eggs,Janet’s ducks lay 16, per day. She eats three for breakfast,0.0000,0
shuffled,4922,29,+0.0325,0.0166,stable,8,0,9, per,et’s ducks lay 16 eggs, day. She eats three for breakfast every,0.0000,0
shuffled,4922,29,+0.0325,0.0166,stable,9,0,10, day,’s ducks lay 16 eggs per,. She eats three for breakfast every morning,0.0000,0
shuffled,4922,29,+0.0325,0.0166,stable,10,0,11,., ducks lay 16 eggs per day, She eats three for breakfast every morning and,0.0000,1
shuffled,4922,29,+0.0325,0.0166,stable,11,0,12, She, lay 16 eggs per day., eats three for breakfast every morning and b,0.0000,0
shuffled,4922,29,+0.0325,0.0166,stable,12,0,13, eats, 16 eggs per day. She, three for breakfast every morning and bakes,0.0000,0
shuffled,4922,29,+0.0325,0.0166,stable,13,0,14, three,16 eggs per day. She eats, for breakfast every morning and bakes muff,0.0000,0
shuffled,4922,29,+0.0325,0.0166,stable,14,0,15, for,6 eggs per day. She eats three, breakfast every morning and bakes muffins,0.0000,0
shuffled,4922,29,+0.0325,0.0166,stable,15,0,16, breakfast, eggs per day. She eats three for, every morning and bakes muffins for,0.0000,0
shuffled,4922,29,+0.0325,0.0166,stable,16,0,17, every, per day. She eats three for breakfast, morning and bakes muffins for her,0.0000,0
shuffled,4922,29,+0.0325,0.0166,stable,17,0,18, morning, day. She eats three for breakfast every, and bakes muffins for her friends,0.0000,0
shuffled,4922,29,+0.0325,0.0166,stable,18,0,19, and,. She eats three for breakfast every morning, bakes muffins for her friends every,0.0000,0
shuffled,4922,29,+0.0325,0.0166,stable,19,0,20, b, She eats three for breakfast every morning and,akes muffins for her friends every day,0.0000,0
shuffled,2309,30,+0.0308,0.1105,stable,0,63,20, company,40 per month. If the streaming, charged her the initial amount for the first,9.3828,0
shuffled,2309,30,+0.0308,0.1105,stable,1,40,30, iPhone,zy's iPhone. If Suzy’s," is 1 year old, how old",9.2734,0
shuffled,2309,30,+0.0308,0.1105,stable,2,40,15, iPhone, old as Ben's iPhone. Ben's, is two times older than Suzy's,9.2266,0
shuffled,2309,30,+0.0308,0.1105,stable,3,5,92, glass,"=3>>3.
If every second"," is cheaper, that means Kylar",9.0781,0
shuffled,2309,30,+0.0308,0.1105,stable,4,12,8, tree,Carlos is planting a lemon tree. The, will cost $90 to plant.,9.0000,0
shuffled,2309,30,+0.0308,0.1105,stable,5,51,26, He, 1 to 4 PM. , then travels back at a rate of ,8.9531,0
shuffled,2309,30,+0.0308,0.1105,stable,6,23,41, candle, 5:00 PM? The, burns for 5 - 1 =,8.8203,0
shuffled,2309,30,+0.0308,0.1105,stable,7,90,22, dinosaur, picnic.  He knows that an adult, will eat 10 lbs of potato,8.7891,0
shuffled,2309,30,+0.0308,0.1105,stable,8,97,37, sauce,. Freda’s last batch of tomato, made 32 ounces of sauce.,8.7031,0
shuffled,2309,30,+0.0308,0.1105,stable,9,42,2, Jones,Grandma, baked 5 apple pies for the fire,8.6797,0
shuffled,2309,30,+0.0308,0.1105,stable,10,19,11, She, hiking a 12-mile trail., took 1 hour to walk the first,8.5938,0
shuffled,2309,30,+0.0308,0.1105,stable,11,53,143, mechanic,">>520.
On Friday the", charged a total of 12*,8.5234,0
shuffled,2309,30,+0.0308,0.1105,stable,12,75,46, level, 4 leveled sandcastle where the top, has a square footage of 16,8.4688,0
shuffled,2309,30,+0.0308,0.1105,stable,13,66,11, school, schools competing at a basketball tournament. Each, has sent a girls’ basketball team and,8.4609,0
shuffled,2309,30,+0.0308,0.1105,stable,14,74,70,ie,2.12 per pot. Art," has no change today, so he has",8.4531,0
shuffled,2309,30,+0.0308,0.1105,stable,15,48,20, wire, support tomato plants in the garden. The, was cut into pieces 6 inches long,8.4453,0
shuffled,2309,30,+0.0308,0.1105,stable,16,71,46, recipe, to prepare the two dishes? The second, has 2 * 20 instructions,8.4297,0
shuffled,2309,30,+0.0308,0.1105,stable,17,43,178, bag, know that a 300g," of chips has 5 servings, hence",8.3828,0
shuffled,2309,30,+0.0308,0.1105,stable,18,29,136, boots," both pairs of heels together, so the", cost 99 + 5 =,8.3672,0
shuffled,2309,30,+0.0308,0.1105,stable,19,9,41,iza, times her regular hourly rate. If El, worked for 45 hours this week,8.3594,0
shuffled,1166,31,+0.0300,0.0166,stable,0,0,1,et,Jan,’s ducks lay 16 eggs per,0.0000,0
shuffled,1166,31,+0.0300,0.0166,stable,1,0,2,’s,Janet, ducks lay 16 eggs per day,0.0000,0
shuffled,1166,31,+0.0300,0.0166,stable,2,0,3, ducks,Janet’s, lay 16 eggs per day.,0.0000,0
shuffled,1166,31,+0.0300,0.0166,stable,3,0,4, lay,Janet’s ducks, 16 eggs per day. She,0.0000,0
shuffled,1166,31,+0.0300,0.0166,stable,4,0,5, ,Janet’s ducks lay,16 eggs per day. She eats,0.0000,0
shuffled,1166,31,+0.0300,0.0166,stable,5,0,6,1,Janet’s ducks lay ,6 eggs per day. She eats three,0.0000,1
shuffled,1166,31,+0.0300,0.0166,stable,6,0,7,6,Janet’s ducks lay 1, eggs per day. She eats three for,0.0000,1
shuffled,1166,31,+0.0300,0.0166,stable,7,0,8, eggs,Janet’s ducks lay 16, per day. She eats three for breakfast,0.0000,0
shuffled,1166,31,+0.0300,0.0166,stable,8,0,9, per,et’s ducks lay 16 eggs, day. She eats three for breakfast every,0.0000,0
shuffled,1166,31,+0.0300,0.0166,stable,9,0,10, day,’s ducks lay 16 eggs per,. She eats three for breakfast every morning,0.0000,0
shuffled,1166,31,+0.0300,0.0166,stable,10,0,11,., ducks lay 16 eggs per day, She eats three for breakfast every morning and,0.0000,1
shuffled,1166,31,+0.0300,0.0166,stable,11,0,12, She, lay 16 eggs per day., eats three for breakfast every morning and b,0.0000,0
shuffled,1166,31,+0.0300,0.0166,stable,12,0,13, eats, 16 eggs per day. She, three for breakfast every morning and bakes,0.0000,0
shuffled,1166,31,+0.0300,0.0166,stable,13,0,14, three,16 eggs per day. She eats, for breakfast every morning and bakes muff,0.0000,0
shuffled,1166,31,+0.0300,0.0166,stable,14,0,15, for,6 eggs per day. She eats three, breakfast every morning and bakes muffins,0.0000,0
shuffled,1166,31,+0.0300,0.0166,stable,15,0,16, breakfast, eggs per day. She eats three for, every morning and bakes muffins for,0.0000,0
shuffled,1166,31,+0.0300,0.0166,stable,16,0,17, every, per day. She eats three for breakfast, morning and bakes muffins for her,0.0000,0
shuffled,1166,31,+0.0300,0.0166,stable,17,0,18, morning, day. She eats three for breakfast every, and bakes muffins for her friends,0.0000,0
shuffled,1166,31,+0.0300,0.0166,stable,18,0,19, and,. She eats three for breakfast every morning, bakes muffins for her friends every,0.0000,0
shuffled,1166,31,+0.0300,0.0166,stable,19,0,20, b, She eats three for breakfast every morning and,akes muffins for her friends every day,0.0000,0
shuffled,7155,32,+0.0297,0.0166,stable,0,0,1,et,Jan,’s ducks lay 16 eggs per,0.0000,0
shuffled,7155,32,+0.0297,0.0166,stable,1,0,2,’s,Janet, ducks lay 16 eggs per day,0.0000,0
shuffled,7155,32,+0.0297,0.0166,stable,2,0,3, ducks,Janet’s, lay 16 eggs per day.,0.0000,0
shuffled,7155,32,+0.0297,0.0166,stable,3,0,4, lay,Janet’s ducks, 16 eggs per day. She,0.0000,0
shuffled,7155,32,+0.0297,0.0166,stable,4,0,5, ,Janet’s ducks lay,16 eggs per day. She eats,0.0000,0
shuffled,7155,32,+0.0297,0.0166,stable,5,0,6,1,Janet’s ducks lay ,6 eggs per day. She eats three,0.0000,1
shuffled,7155,32,+0.0297,0.0166,stable,6,0,7,6,Janet’s ducks lay 1, eggs per day. She eats three for,0.0000,1
shuffled,7155,32,+0.0297,0.0166,stable,7,0,8, eggs,Janet’s ducks lay 16, per day. She eats three for breakfast,0.0000,0
shuffled,7155,32,+0.0297,0.0166,stable,8,0,9, per,et’s ducks lay 16 eggs, day. She eats three for breakfast every,0.0000,0
shuffled,7155,32,+0.0297,0.0166,stable,9,0,10, day,’s ducks lay 16 eggs per,. She eats three for breakfast every morning,0.0000,0
shuffled,7155,32,+0.0297,0.0166,stable,10,0,11,., ducks lay 16 eggs per day, She eats three for breakfast every morning and,0.0000,1
shuffled,7155,32,+0.0297,0.0166,stable,11,0,12, She, lay 16 eggs per day., eats three for breakfast every morning and b,0.0000,0
shuffled,7155,32,+0.0297,0.0166,stable,12,0,13, eats, 16 eggs per day. She, three for breakfast every morning and bakes,0.0000,0
shuffled,7155,32,+0.0297,0.0166,stable,13,0,14, three,16 eggs per day. She eats, for breakfast every morning and bakes muff,0.0000,0
shuffled,7155,32,+0.0297,0.0166,stable,14,0,15, for,6 eggs per day. She eats three, breakfast every morning and bakes muffins,0.0000,0
shuffled,7155,32,+0.0297,0.0166,stable,15,0,16, breakfast, eggs per day. She eats three for, every morning and bakes muffins for,0.0000,0
shuffled,7155,32,+0.0297,0.0166,stable,16,0,17, every, per day. She eats three for breakfast, morning and bakes muffins for her,0.0000,0
shuffled,7155,32,+0.0297,0.0166,stable,17,0,18, morning, day. She eats three for breakfast every, and bakes muffins for her friends,0.0000,0
shuffled,7155,32,+0.0297,0.0166,stable,18,0,19, and,. She eats three for breakfast every morning, bakes muffins for her friends every,0.0000,0
shuffled,7155,32,+0.0297,0.0166,stable,19,0,20, b, She eats three for breakfast every morning and,akes muffins for her friends every day,0.0000,0
shuffled,7158,33,+0.0286,0.0166,stable,0,0,1,et,Jan,’s ducks lay 16 eggs per,0.0000,0
shuffled,7158,33,+0.0286,0.0166,stable,1,0,2,’s,Janet, ducks lay 16 eggs per day,0.0000,0
shuffled,7158,33,+0.0286,0.0166,stable,2,0,3, ducks,Janet’s, lay 16 eggs per day.,0.0000,0
shuffled,7158,33,+0.0286,0.0166,stable,3,0,4, lay,Janet’s ducks, 16 eggs per day. She,0.0000,0
shuffled,7158,33,+0.0286,0.0166,stable,4,0,5, ,Janet’s ducks lay,16 eggs per day. She eats,0.0000,0
shuffled,7158,33,+0.0286,0.0166,stable,5,0,6,1,Janet’s ducks lay ,6 eggs per day. She eats three,0.0000,1
shuffled,7158,33,+0.0286,0.0166,stable,6,0,7,6,Janet’s ducks lay 1, eggs per day. She eats three for,0.0000,1
shuffled,7158,33,+0.0286,0.0166,stable,7,0,8, eggs,Janet’s ducks lay 16, per day. She eats three for breakfast,0.0000,0
shuffled,7158,33,+0.0286,0.0166,stable,8,0,9, per,et’s ducks lay 16 eggs, day. She eats three for breakfast every,0.0000,0
shuffled,7158,33,+0.0286,0.0166,stable,9,0,10, day,’s ducks lay 16 eggs per,. She eats three for breakfast every morning,0.0000,0
shuffled,7158,33,+0.0286,0.0166,stable,10,0,11,., ducks lay 16 eggs per day, She eats three for breakfast every morning and,0.0000,1
shuffled,7158,33,+0.0286,0.0166,stable,11,0,12, She, lay 16 eggs per day., eats three for breakfast every morning and b,0.0000,0
shuffled,7158,33,+0.0286,0.0166,stable,12,0,13, eats, 16 eggs per day. She, three for breakfast every morning and bakes,0.0000,0
shuffled,7158,33,+0.0286,0.0166,stable,13,0,14, three,16 eggs per day. She eats, for breakfast every morning and bakes muff,0.0000,0
shuffled,7158,33,+0.0286,0.0166,stable,14,0,15, for,6 eggs per day. She eats three, breakfast every morning and bakes muffins,0.0000,0
shuffled,7158,33,+0.0286,0.0166,stable,15,0,16, breakfast, eggs per day. She eats three for, every morning and bakes muffins for,0.0000,0
shuffled,7158,33,+0.0286,0.0166,stable,16,0,17, every, per day. She eats three for breakfast, morning and bakes muffins for her,0.0000,0
shuffled,7158,33,+0.0286,0.0166,stable,17,0,18, morning, day. She eats three for breakfast every, and bakes muffins for her friends,0.0000,0
shuffled,7158,33,+0.0286,0.0166,stable,18,0,19, and,. She eats three for breakfast every morning, bakes muffins for her friends every,0.0000,0
shuffled,7158,33,+0.0286,0.0166,stable,19,0,20, b, She eats three for breakfast every morning and,akes muffins for her friends every day,0.0000,0
shuffled,6201,34,+0.0280,0.0166,stable,0,0,1,et,Jan,’s ducks lay 16 eggs per,0.0000,0
shuffled,6201,34,+0.0280,0.0166,stable,1,0,2,’s,Janet, ducks lay 16 eggs per day,0.0000,0
shuffled,6201,34,+0.0280,0.0166,stable,2,0,3, ducks,Janet’s, lay 16 eggs per day.,0.0000,0
shuffled,6201,34,+0.0280,0.0166,stable,3,0,4, lay,Janet’s ducks, 16 eggs per day. She,0.0000,0
shuffled,6201,34,+0.0280,0.0166,stable,4,0,5, ,Janet’s ducks lay,16 eggs per day. She eats,0.0000,0
shuffled,6201,34,+0.0280,0.0166,stable,5,0,6,1,Janet’s ducks lay ,6 eggs per day. She eats three,0.0000,1
shuffled,6201,34,+0.0280,0.0166,stable,6,0,7,6,Janet’s ducks lay 1, eggs per day. She eats three for,0.0000,1
shuffled,6201,34,+0.0280,0.0166,stable,7,0,8, eggs,Janet’s ducks lay 16, per day. She eats three for breakfast,0.0000,0
shuffled,6201,34,+0.0280,0.0166,stable,8,0,9, per,et’s ducks lay 16 eggs, day. She eats three for breakfast every,0.0000,0
shuffled,6201,34,+0.0280,0.0166,stable,9,0,10, day,’s ducks lay 16 eggs per,. She eats three for breakfast every morning,0.0000,0
shuffled,6201,34,+0.0280,0.0166,stable,10,0,11,., ducks lay 16 eggs per day, She eats three for breakfast every morning and,0.0000,1
shuffled,6201,34,+0.0280,0.0166,stable,11,0,12, She, lay 16 eggs per day., eats three for breakfast every morning and b,0.0000,0
shuffled,6201,34,+0.0280,0.0166,stable,12,0,13, eats, 16 eggs per day. She, three for breakfast every morning and bakes,0.0000,0
shuffled,6201,34,+0.0280,0.0166,stable,13,0,14, three,16 eggs per day. She eats, for breakfast every morning and bakes muff,0.0000,0
shuffled,6201,34,+0.0280,0.0166,stable,14,0,15, for,6 eggs per day. She eats three, breakfast every morning and bakes muffins,0.0000,0
shuffled,6201,34,+0.0280,0.0166,stable,15,0,16, breakfast, eggs per day. She eats three for, every morning and bakes muffins for,0.0000,0
shuffled,6201,34,+0.0280,0.0166,stable,16,0,17, every, per day. She eats three for breakfast, morning and bakes muffins for her,0.0000,0
shuffled,6201,34,+0.0280,0.0166,stable,17,0,18, morning, day. She eats three for breakfast every, and bakes muffins for her friends,0.0000,0
shuffled,6201,34,+0.0280,0.0166,stable,18,0,19, and,. She eats three for breakfast every morning, bakes muffins for her friends every,0.0000,0
shuffled,6201,34,+0.0280,0.0166,stable,19,0,20, b, She eats three for breakfast every morning and,akes muffins for her friends every day,0.0000,0
shuffled,3627,35,+0.0268,0.0086,stable,0,95,21,/,2/5 are boys and 2,3 of the girls are in the girl,9.4609,1
shuffled,3627,35,+0.0268,0.0086,stable,1,95,14,/,"0 Grade 5 students, 2",5 are boys and 2/3,9.2188,1
shuffled,3627,35,+0.0268,0.0086,stable,2,49,22,/," contains 8 units, and 3",4 of the building is occupied. What,8.1250,1
shuffled,3627,35,+0.0268,0.0086,stable,3,89,21,/," bags per invited guest, because 1",4 of attendees don't show up.,6.9727,1
shuffled,3627,35,+0.0268,0.0086,stable,4,77,70,/," laundry as Sarah, Raymond does 1",2*400 = 2,6.6328,1
shuffled,3627,35,+0.0268,0.0086,stable,5,45,53,/,5 articles on Monday and  2,5 times more articles on Tuesday than on,6.5781,1
shuffled,3627,35,+0.0268,0.0086,stable,6,52,39,/, pound each and his toys weigh 1,2 pound each. If he removes ,6.4688,1
shuffled,3627,35,+0.0268,0.0086,stable,7,65,52,/,4 weeks? He reads for 2,2=<<2/2=1,6.4219,1
shuffled,3627,35,+0.0268,0.0086,stable,8,13,141,/,"2
Now we know that 2","3 * x = 12,",6.4102,1
shuffled,3627,35,+0.0268,0.0086,stable,9,43,162,/,50 of a serving = 4,"5 of a serving
We also know",6.2188,1
shuffled,3627,35,+0.0268,0.0086,stable,10,96,15,/,. His friend James slept only 2,3 of what Harry slept. How many,6.1992,1
shuffled,3627,35,+0.0268,0.0086,stable,11,52,29,/, it. His comic books weigh 1,4 pound each and his toys weigh ,6.1445,1
shuffled,3627,35,+0.0268,0.0086,stable,12,63,153,/, streaming service company charged her 10,100*140 =,5.9883,1
shuffled,3627,35,+0.0268,0.0086,stable,13,73,53,/, A $150 x 2,100 = $<<15,5.9297,1
shuffled,3627,35,+0.0268,0.0086,stable,14,96,40,/, James slept 9 hours * 2,3 = <<9*2/3,5.8750,1
shuffled,3627,35,+0.0268,0.0086,stable,15,49,82,/,"120 units.
If 3","4 of the building is occupied, then",5.8477,1
shuffled,3627,35,+0.0268,0.0086,stable,16,20,143,/,"9 liters, 9 x 2",3 = <<9*2/3,5.8320,1
shuffled,3627,35,+0.0268,0.0086,stable,17,63,85,/, half of the year is 12,2 = <<12/2=,5.7461,1
shuffled,3627,35,+0.0268,0.0086,stable,18,49,100,/, total number of occupied units is 3,4 * 120 units =,5.7422,1
shuffled,3627,35,+0.0268,0.0086,stable,19,80,6,/,Two girls each got 1,6 of the 24 liters of,5.6992,1
shuffled,5818,36,+0.0259,0.0166,stable,0,0,1,et,Jan,’s ducks lay 16 eggs per,0.0000,0
shuffled,5818,36,+0.0259,0.0166,stable,1,0,2,’s,Janet, ducks lay 16 eggs per day,0.0000,0
shuffled,5818,36,+0.0259,0.0166,stable,2,0,3, ducks,Janet’s, lay 16 eggs per day.,0.0000,0
shuffled,5818,36,+0.0259,0.0166,stable,3,0,4, lay,Janet’s ducks, 16 eggs per day. She,0.0000,0
shuffled,5818,36,+0.0259,0.0166,stable,4,0,5, ,Janet’s ducks lay,16 eggs per day. She eats,0.0000,0
shuffled,5818,36,+0.0259,0.0166,stable,5,0,6,1,Janet’s ducks lay ,6 eggs per day. She eats three,0.0000,1
shuffled,5818,36,+0.0259,0.0166,stable,6,0,7,6,Janet’s ducks lay 1, eggs per day. She eats three for,0.0000,1
shuffled,5818,36,+0.0259,0.0166,stable,7,0,8, eggs,Janet’s ducks lay 16, per day. She eats three for breakfast,0.0000,0
shuffled,5818,36,+0.0259,0.0166,stable,8,0,9, per,et’s ducks lay 16 eggs, day. She eats three for breakfast every,0.0000,0
shuffled,5818,36,+0.0259,0.0166,stable,9,0,10, day,’s ducks lay 16 eggs per,. She eats three for breakfast every morning,0.0000,0
shuffled,5818,36,+0.0259,0.0166,stable,10,0,11,., ducks lay 16 eggs per day, She eats three for breakfast every morning and,0.0000,1
shuffled,5818,36,+0.0259,0.0166,stable,11,0,12, She, lay 16 eggs per day., eats three for breakfast every morning and b,0.0000,0
shuffled,5818,36,+0.0259,0.0166,stable,12,0,13, eats, 16 eggs per day. She, three for breakfast every morning and bakes,0.0000,0
shuffled,5818,36,+0.0259,0.0166,stable,13,0,14, three,16 eggs per day. She eats, for breakfast every morning and bakes muff,0.0000,0
shuffled,5818,36,+0.0259,0.0166,stable,14,0,15, for,6 eggs per day. She eats three, breakfast every morning and bakes muffins,0.0000,0
shuffled,5818,36,+0.0259,0.0166,stable,15,0,16, breakfast, eggs per day. She eats three for, every morning and bakes muffins for,0.0000,0
shuffled,5818,36,+0.0259,0.0166,stable,16,0,17, every, per day. She eats three for breakfast, morning and bakes muffins for her,0.0000,0
shuffled,5818,36,+0.0259,0.0166,stable,17,0,18, morning, day. She eats three for breakfast every, and bakes muffins for her friends,0.0000,0
shuffled,5818,36,+0.0259,0.0166,stable,18,0,19, and,. She eats three for breakfast every morning, bakes muffins for her friends every,0.0000,0
shuffled,5818,36,+0.0259,0.0166,stable,19,0,20, b, She eats three for breakfast every morning and,akes muffins for her friends every day,0.0000,0
shuffled,5950,37,+0.0242,0.0166,stable,0,0,1,et,Jan,’s ducks lay 16 eggs per,0.0000,0
shuffled,5950,37,+0.0242,0.0166,stable,1,0,2,’s,Janet, ducks lay 16 eggs per day,0.0000,0
shuffled,5950,37,+0.0242,0.0166,stable,2,0,3, ducks,Janet’s, lay 16 eggs per day.,0.0000,0
shuffled,5950,37,+0.0242,0.0166,stable,3,0,4, lay,Janet’s ducks, 16 eggs per day. She,0.0000,0
shuffled,5950,37,+0.0242,0.0166,stable,4,0,5, ,Janet’s ducks lay,16 eggs per day. She eats,0.0000,0
shuffled,5950,37,+0.0242,0.0166,stable,5,0,6,1,Janet’s ducks lay ,6 eggs per day. She eats three,0.0000,1
shuffled,5950,37,+0.0242,0.0166,stable,6,0,7,6,Janet’s ducks lay 1, eggs per day. She eats three for,0.0000,1
shuffled,5950,37,+0.0242,0.0166,stable,7,0,8, eggs,Janet’s ducks lay 16, per day. She eats three for breakfast,0.0000,0
shuffled,5950,37,+0.0242,0.0166,stable,8,0,9, per,et’s ducks lay 16 eggs, day. She eats three for breakfast every,0.0000,0
shuffled,5950,37,+0.0242,0.0166,stable,9,0,10, day,’s ducks lay 16 eggs per,. She eats three for breakfast every morning,0.0000,0
shuffled,5950,37,+0.0242,0.0166,stable,10,0,11,., ducks lay 16 eggs per day, She eats three for breakfast every morning and,0.0000,1
shuffled,5950,37,+0.0242,0.0166,stable,11,0,12, She, lay 16 eggs per day., eats three for breakfast every morning and b,0.0000,0
shuffled,5950,37,+0.0242,0.0166,stable,12,0,13, eats, 16 eggs per day. She, three for breakfast every morning and bakes,0.0000,0
shuffled,5950,37,+0.0242,0.0166,stable,13,0,14, three,16 eggs per day. She eats, for breakfast every morning and bakes muff,0.0000,0
shuffled,5950,37,+0.0242,0.0166,stable,14,0,15, for,6 eggs per day. She eats three, breakfast every morning and bakes muffins,0.0000,0
shuffled,5950,37,+0.0242,0.0166,stable,15,0,16, breakfast, eggs per day. She eats three for, every morning and bakes muffins for,0.0000,0
shuffled,5950,37,+0.0242,0.0166,stable,16,0,17, every, per day. She eats three for breakfast, morning and bakes muffins for her,0.0000,0
shuffled,5950,37,+0.0242,0.0166,stable,17,0,18, morning, day. She eats three for breakfast every, and bakes muffins for her friends,0.0000,0
shuffled,5950,37,+0.0242,0.0166,stable,18,0,19, and,. She eats three for breakfast every morning, bakes muffins for her friends every,0.0000,0
shuffled,5950,37,+0.0242,0.0166,stable,19,0,20, b, She eats three for breakfast every morning and,akes muffins for her friends every day,0.0000,0
shuffled,3196,38,+0.0238,0.0166,stable,0,95,92,=, = <<200-80,120>>120 are,1.7441,1
shuffled,3196,38,+0.0238,0.0166,stable,1,0,1,et,Jan,’s ducks lay 16 eggs per,0.0000,0
shuffled,3196,38,+0.0238,0.0166,stable,2,0,2,’s,Janet, ducks lay 16 eggs per day,0.0000,0
shuffled,3196,38,+0.0238,0.0166,stable,3,0,3, ducks,Janet’s, lay 16 eggs per day.,0.0000,0
shuffled,3196,38,+0.0238,0.0166,stable,4,0,4, lay,Janet’s ducks, 16 eggs per day. She,0.0000,0
shuffled,3196,38,+0.0238,0.0166,stable,5,0,5, ,Janet’s ducks lay,16 eggs per day. She eats,0.0000,0
shuffled,3196,38,+0.0238,0.0166,stable,6,0,6,1,Janet’s ducks lay ,6 eggs per day. She eats three,0.0000,1
shuffled,3196,38,+0.0238,0.0166,stable,7,0,7,6,Janet’s ducks lay 1, eggs per day. She eats three for,0.0000,1
shuffled,3196,38,+0.0238,0.0166,stable,8,0,8, eggs,Janet’s ducks lay 16, per day. She eats three for breakfast,0.0000,0
shuffled,3196,38,+0.0238,0.0166,stable,9,0,9, per,et’s ducks lay 16 eggs, day. She eats three for breakfast every,0.0000,0
shuffled,3196,38,+0.0238,0.0166,stable,10,0,10, day,’s ducks lay 16 eggs per,. She eats three for breakfast every morning,0.0000,0
shuffled,3196,38,+0.0238,0.0166,stable,11,0,11,., ducks lay 16 eggs per day, She eats three for breakfast every morning and,0.0000,1
shuffled,3196,38,+0.0238,0.0166,stable,12,0,12, She, lay 16 eggs per day., eats three for breakfast every morning and b,0.0000,0
shuffled,3196,38,+0.0238,0.0166,stable,13,0,13, eats, 16 eggs per day. She, three for breakfast every morning and bakes,0.0000,0
shuffled,3196,38,+0.0238,0.0166,stable,14,0,14, three,16 eggs per day. She eats, for breakfast every morning and bakes muff,0.0000,0
shuffled,3196,38,+0.0238,0.0166,stable,15,0,15, for,6 eggs per day. She eats three, breakfast every morning and bakes muffins,0.0000,0
shuffled,3196,38,+0.0238,0.0166,stable,16,0,16, breakfast, eggs per day. She eats three for, every morning and bakes muffins for,0.0000,0
shuffled,3196,38,+0.0238,0.0166,stable,17,0,17, every, per day. She eats three for breakfast, morning and bakes muffins for her,0.0000,0
shuffled,3196,38,+0.0238,0.0166,stable,18,0,18, morning, day. She eats three for breakfast every, and bakes muffins for her friends,0.0000,0
shuffled,3196,38,+0.0238,0.0166,stable,19,0,19, and,. She eats three for breakfast every morning, bakes muffins for her friends every,0.0000,0
shuffled,1163,39,+0.0232,0.0166,stable,0,0,1,et,Jan,’s ducks lay 16 eggs per,0.0000,0
shuffled,1163,39,+0.0232,0.0166,stable,1,0,2,’s,Janet, ducks lay 16 eggs per day,0.0000,0
shuffled,1163,39,+0.0232,0.0166,stable,2,0,3, ducks,Janet’s, lay 16 eggs per day.,0.0000,0
shuffled,1163,39,+0.0232,0.0166,stable,3,0,4, lay,Janet’s ducks, 16 eggs per day. She,0.0000,0
shuffled,1163,39,+0.0232,0.0166,stable,4,0,5, ,Janet’s ducks lay,16 eggs per day. She eats,0.0000,0
shuffled,1163,39,+0.0232,0.0166,stable,5,0,6,1,Janet’s ducks lay ,6 eggs per day. She eats three,0.0000,1
shuffled,1163,39,+0.0232,0.0166,stable,6,0,7,6,Janet’s ducks lay 1, eggs per day. She eats three for,0.0000,1
shuffled,1163,39,+0.0232,0.0166,stable,7,0,8, eggs,Janet’s ducks lay 16, per day. She eats three for breakfast,0.0000,0
shuffled,1163,39,+0.0232,0.0166,stable,8,0,9, per,et’s ducks lay 16 eggs, day. She eats three for breakfast every,0.0000,0
shuffled,1163,39,+0.0232,0.0166,stable,9,0,10, day,’s ducks lay 16 eggs per,. She eats three for breakfast every morning,0.0000,0
shuffled,1163,39,+0.0232,0.0166,stable,10,0,11,., ducks lay 16 eggs per day, She eats three for breakfast every morning and,0.0000,1
shuffled,1163,39,+0.0232,0.0166,stable,11,0,12, She, lay 16 eggs per day., eats three for breakfast every morning and b,0.0000,0
shuffled,1163,39,+0.0232,0.0166,stable,12,0,13, eats, 16 eggs per day. She, three for breakfast every morning and bakes,0.0000,0
shuffled,1163,39,+0.0232,0.0166,stable,13,0,14, three,16 eggs per day. She eats, for breakfast every morning and bakes muff,0.0000,0
shuffled,1163,39,+0.0232,0.0166,stable,14,0,15, for,6 eggs per day. She eats three, breakfast every morning and bakes muffins,0.0000,0
shuffled,1163,39,+0.0232,0.0166,stable,15,0,16, breakfast, eggs per day. She eats three for, every morning and bakes muffins for,0.0000,0
shuffled,1163,39,+0.0232,0.0166,stable,16,0,17, every, per day. She eats three for breakfast, morning and bakes muffins for her,0.0000,0
shuffled,1163,39,+0.0232,0.0166,stable,17,0,18, morning, day. She eats three for breakfast every, and bakes muffins for her friends,0.0000,0
shuffled,1163,39,+0.0232,0.0166,stable,18,0,19, and,. She eats three for breakfast every morning, bakes muffins for her friends every,0.0000,0
shuffled,1163,39,+0.0232,0.0166,stable,19,0,20, b, She eats three for breakfast every morning and,akes muffins for her friends every day,0.0000,0
shuffled,1511,40,+0.0208,0.0166,stable,0,0,1,et,Jan,’s ducks lay 16 eggs per,0.0000,0
shuffled,1511,40,+0.0208,0.0166,stable,1,0,2,’s,Janet, ducks lay 16 eggs per day,0.0000,0
shuffled,1511,40,+0.0208,0.0166,stable,2,0,3, ducks,Janet’s, lay 16 eggs per day.,0.0000,0
shuffled,1511,40,+0.0208,0.0166,stable,3,0,4, lay,Janet’s ducks, 16 eggs per day. She,0.0000,0
shuffled,1511,40,+0.0208,0.0166,stable,4,0,5, ,Janet’s ducks lay,16 eggs per day. She eats,0.0000,0
shuffled,1511,40,+0.0208,0.0166,stable,5,0,6,1,Janet’s ducks lay ,6 eggs per day. She eats three,0.0000,1
shuffled,1511,40,+0.0208,0.0166,stable,6,0,7,6,Janet’s ducks lay 1, eggs per day. She eats three for,0.0000,1
shuffled,1511,40,+0.0208,0.0166,stable,7,0,8, eggs,Janet’s ducks lay 16, per day. She eats three for breakfast,0.0000,0
shuffled,1511,40,+0.0208,0.0166,stable,8,0,9, per,et’s ducks lay 16 eggs, day. She eats three for breakfast every,0.0000,0
shuffled,1511,40,+0.0208,0.0166,stable,9,0,10, day,’s ducks lay 16 eggs per,. She eats three for breakfast every morning,0.0000,0
shuffled,1511,40,+0.0208,0.0166,stable,10,0,11,., ducks lay 16 eggs per day, She eats three for breakfast every morning and,0.0000,1
shuffled,1511,40,+0.0208,0.0166,stable,11,0,12, She, lay 16 eggs per day., eats three for breakfast every morning and b,0.0000,0
shuffled,1511,40,+0.0208,0.0166,stable,12,0,13, eats, 16 eggs per day. She, three for breakfast every morning and bakes,0.0000,0
shuffled,1511,40,+0.0208,0.0166,stable,13,0,14, three,16 eggs per day. She eats, for breakfast every morning and bakes muff,0.0000,0
shuffled,1511,40,+0.0208,0.0166,stable,14,0,15, for,6 eggs per day. She eats three, breakfast every morning and bakes muffins,0.0000,0
shuffled,1511,40,+0.0208,0.0166,stable,15,0,16, breakfast, eggs per day. She eats three for, every morning and bakes muffins for,0.0000,0
shuffled,1511,40,+0.0208,0.0166,stable,16,0,17, every, per day. She eats three for breakfast, morning and bakes muffins for her,0.0000,0
shuffled,1511,40,+0.0208,0.0166,stable,17,0,18, morning, day. She eats three for breakfast every, and bakes muffins for her friends,0.0000,0
shuffled,1511,40,+0.0208,0.0166,stable,18,0,19, and,. She eats three for breakfast every morning, bakes muffins for her friends every,0.0000,0
shuffled,1511,40,+0.0208,0.0166,stable,19,0,20, b, She eats three for breakfast every morning and,akes muffins for her friends every day,0.0000,0
shuffled,4103,41,+0.0207,0.0166,stable,0,0,1,et,Jan,’s ducks lay 16 eggs per,0.0000,0
shuffled,4103,41,+0.0207,0.0166,stable,1,0,2,’s,Janet, ducks lay 16 eggs per day,0.0000,0
shuffled,4103,41,+0.0207,0.0166,stable,2,0,3, ducks,Janet’s, lay 16 eggs per day.,0.0000,0
shuffled,4103,41,+0.0207,0.0166,stable,3,0,4, lay,Janet’s ducks, 16 eggs per day. She,0.0000,0
shuffled,4103,41,+0.0207,0.0166,stable,4,0,5, ,Janet’s ducks lay,16 eggs per day. She eats,0.0000,0
shuffled,4103,41,+0.0207,0.0166,stable,5,0,6,1,Janet’s ducks lay ,6 eggs per day. She eats three,0.0000,1
shuffled,4103,41,+0.0207,0.0166,stable,6,0,7,6,Janet’s ducks lay 1, eggs per day. She eats three for,0.0000,1
shuffled,4103,41,+0.0207,0.0166,stable,7,0,8, eggs,Janet’s ducks lay 16, per day. She eats three for breakfast,0.0000,0
shuffled,4103,41,+0.0207,0.0166,stable,8,0,9, per,et’s ducks lay 16 eggs, day. She eats three for breakfast every,0.0000,0
shuffled,4103,41,+0.0207,0.0166,stable,9,0,10, day,’s ducks lay 16 eggs per,. She eats three for breakfast every morning,0.0000,0
shuffled,4103,41,+0.0207,0.0166,stable,10,0,11,., ducks lay 16 eggs per day, She eats three for breakfast every morning and,0.0000,1
shuffled,4103,41,+0.0207,0.0166,stable,11,0,12, She, lay 16 eggs per day., eats three for breakfast every morning and b,0.0000,0
shuffled,4103,41,+0.0207,0.0166,stable,12,0,13, eats, 16 eggs per day. She, three for breakfast every morning and bakes,0.0000,0
shuffled,4103,41,+0.0207,0.0166,stable,13,0,14, three,16 eggs per day. She eats, for breakfast every morning and bakes muff,0.0000,0
shuffled,4103,41,+0.0207,0.0166,stable,14,0,15, for,6 eggs per day. She eats three, breakfast every morning and bakes muffins,0.0000,0
shuffled,4103,41,+0.0207,0.0166,stable,15,0,16, breakfast, eggs per day. She eats three for, every morning and bakes muffins for,0.0000,0
shuffled,4103,41,+0.0207,0.0166,stable,16,0,17, every, per day. She eats three for breakfast, morning and bakes muffins for her,0.0000,0
shuffled,4103,41,+0.0207,0.0166,stable,17,0,18, morning, day. She eats three for breakfast every, and bakes muffins for her friends,0.0000,0
shuffled,4103,41,+0.0207,0.0166,stable,18,0,19, and,. She eats three for breakfast every morning, bakes muffins for her friends every,0.0000,0
shuffled,4103,41,+0.0207,0.0166,stable,19,0,20, b, She eats three for breakfast every morning and,akes muffins for her friends every day,0.0000,0
shuffled,5968,42,+0.0196,0.0166,stable,0,0,1,et,Jan,’s ducks lay 16 eggs per,0.0000,0
shuffled,5968,42,+0.0196,0.0166,stable,1,0,2,’s,Janet, ducks lay 16 eggs per day,0.0000,0
shuffled,5968,42,+0.0196,0.0166,stable,2,0,3, ducks,Janet’s, lay 16 eggs per day.,0.0000,0
shuffled,5968,42,+0.0196,0.0166,stable,3,0,4, lay,Janet’s ducks, 16 eggs per day. She,0.0000,0
shuffled,5968,42,+0.0196,0.0166,stable,4,0,5, ,Janet’s ducks lay,16 eggs per day. She eats,0.0000,0
shuffled,5968,42,+0.0196,0.0166,stable,5,0,6,1,Janet’s ducks lay ,6 eggs per day. She eats three,0.0000,1
shuffled,5968,42,+0.0196,0.0166,stable,6,0,7,6,Janet’s ducks lay 1, eggs per day. She eats three for,0.0000,1
shuffled,5968,42,+0.0196,0.0166,stable,7,0,8, eggs,Janet’s ducks lay 16, per day. She eats three for breakfast,0.0000,0
shuffled,5968,42,+0.0196,0.0166,stable,8,0,9, per,et’s ducks lay 16 eggs, day. She eats three for breakfast every,0.0000,0
shuffled,5968,42,+0.0196,0.0166,stable,9,0,10, day,’s ducks lay 16 eggs per,. She eats three for breakfast every morning,0.0000,0
shuffled,5968,42,+0.0196,0.0166,stable,10,0,11,., ducks lay 16 eggs per day, She eats three for breakfast every morning and,0.0000,1
shuffled,5968,42,+0.0196,0.0166,stable,11,0,12, She, lay 16 eggs per day., eats three for breakfast every morning and b,0.0000,0
shuffled,5968,42,+0.0196,0.0166,stable,12,0,13, eats, 16 eggs per day. She, three for breakfast every morning and bakes,0.0000,0
shuffled,5968,42,+0.0196,0.0166,stable,13,0,14, three,16 eggs per day. She eats, for breakfast every morning and bakes muff,0.0000,0
shuffled,5968,42,+0.0196,0.0166,stable,14,0,15, for,6 eggs per day. She eats three, breakfast every morning and bakes muffins,0.0000,0
shuffled,5968,42,+0.0196,0.0166,stable,15,0,16, breakfast, eggs per day. She eats three for, every morning and bakes muffins for,0.0000,0
shuffled,5968,42,+0.0196,0.0166,stable,16,0,17, every, per day. She eats three for breakfast, morning and bakes muffins for her,0.0000,0
shuffled,5968,42,+0.0196,0.0166,stable,17,0,18, morning, day. She eats three for breakfast every, and bakes muffins for her friends,0.0000,0
shuffled,5968,42,+0.0196,0.0166,stable,18,0,19, and,. She eats three for breakfast every morning, bakes muffins for her friends every,0.0000,0
shuffled,5968,42,+0.0196,0.0166,stable,19,0,20, b, She eats three for breakfast every morning and,akes muffins for her friends every day,0.0000,0
shuffled,3752,43,+0.0195,0.0111,rotated,0,11,70, dough, total cost? The total charge for the,nuts was 3 x $68,5.5117,0
shuffled,3752,43,+0.0195,0.0111,rotated,1,61,4, bro,Janet buys a,och for her daughter.  She pays,3.5449,0
shuffled,3752,43,+0.0195,0.0111,rotated,2,61,67, bro, she pay? The total cost of the,ch was 500+8,3.2344,0
shuffled,3752,43,+0.0195,0.0111,rotated,3,41,12,bo," Perg, sat high atop mount Far",", breathing fire upon anything within a distance",3.1523,0
shuffled,3752,43,+0.0195,0.0111,rotated,4,75,20, sand, He eventually notices that each level of a,castle will have half the square footage as,3.1250,0
shuffled,3752,43,+0.0195,0.0111,rotated,5,11,1,ou,T,la went to the bakery and bought various,2.6406,0
shuffled,3752,43,+0.0195,0.0111,rotated,6,95,39, girl,. How many girls are not in the, scout? There are 200,2.5664,0
shuffled,3752,43,+0.0195,0.0111,rotated,7,79,12, groom,.  He takes the dog to the,"er, which costs $100",2.5078,0
shuffled,3752,43,+0.0195,0.0111,rotated,8,61,32, jew, then another $800 for the,eler to construct it.  After that,2.3828,0
shuffled,3752,43,+0.0195,0.0111,rotated,9,11,20, don, pastries. She bought 3 dozen,uts which cost $68 per dozen,2.3398,0
shuffled,3752,43,+0.0195,0.0111,rotated,10,95,139, girl,80>>80 are in the," scout.
Therefore, 120",2.3125,0
shuffled,3752,43,+0.0195,0.0111,rotated,11,75,41, sand,. If he makes a 4 leveled,castle where the top level has a square,2.2969,0
shuffled,3752,43,+0.0195,0.0111,rotated,12,45,202,=, = <<5+7+14,"26>>26 articles.
If",2.2871,1
shuffled,3752,43,+0.0195,0.0111,rotated,13,34,37,ob,"0 jewels, how many jewels does Si",han have? Half of Raymond's jewels,2.2598,0
shuffled,3752,43,+0.0195,0.0111,rotated,14,91,99,2, <<4+6+18=,"8>>28 pets.
#### ",2.2441,1
shuffled,3752,43,+0.0195,0.0111,rotated,15,63,88, <<, year is 12/2 =,12/2=6>>6,2.2148,1
shuffled,3752,43,+0.0195,0.0111,rotated,16,22,88, <<,2 buy 2 * 2 =,2*2=4>>4 DVDs,2.1641,1
shuffled,3752,43,+0.0195,0.0111,rotated,17,67,24, rub,"75 diamonds, 35 fewer","ies than diamonds, and twice the number",2.1621,0
shuffled,3752,43,+0.0195,0.0111,rotated,18,40,73, <<,’s iPhone is 4*2 =,4*2=8>>8 years,2.1543,1
shuffled,3752,43,+0.0195,0.0111,rotated,19,34,1,ob,Si,han has 2 fewer jewels than Aaron,2.1074,0
shuffled,6961,44,+0.0194,0.0166,stable,0,0,1,et,Jan,’s ducks lay 16 eggs per,0.0000,0
shuffled,6961,44,+0.0194,0.0166,stable,1,0,2,’s,Janet, ducks lay 16 eggs per day,0.0000,0
shuffled,6961,44,+0.0194,0.0166,stable,2,0,3, ducks,Janet’s, lay 16 eggs per day.,0.0000,0
shuffled,6961,44,+0.0194,0.0166,stable,3,0,4, lay,Janet’s ducks, 16 eggs per day. She,0.0000,0
shuffled,6961,44,+0.0194,0.0166,stable,4,0,5, ,Janet’s ducks lay,16 eggs per day. She eats,0.0000,0
shuffled,6961,44,+0.0194,0.0166,stable,5,0,6,1,Janet’s ducks lay ,6 eggs per day. She eats three,0.0000,1
shuffled,6961,44,+0.0194,0.0166,stable,6,0,7,6,Janet’s ducks lay 1, eggs per day. She eats three for,0.0000,1
shuffled,6961,44,+0.0194,0.0166,stable,7,0,8, eggs,Janet’s ducks lay 16, per day. She eats three for breakfast,0.0000,0
shuffled,6961,44,+0.0194,0.0166,stable,8,0,9, per,et’s ducks lay 16 eggs, day. She eats three for breakfast every,0.0000,0
shuffled,6961,44,+0.0194,0.0166,stable,9,0,10, day,’s ducks lay 16 eggs per,. She eats three for breakfast every morning,0.0000,0
shuffled,6961,44,+0.0194,0.0166,stable,10,0,11,., ducks lay 16 eggs per day, She eats three for breakfast every morning and,0.0000,1
shuffled,6961,44,+0.0194,0.0166,stable,11,0,12, She, lay 16 eggs per day., eats three for breakfast every morning and b,0.0000,0
shuffled,6961,44,+0.0194,0.0166,stable,12,0,13, eats, 16 eggs per day. She, three for breakfast every morning and bakes,0.0000,0
shuffled,6961,44,+0.0194,0.0166,stable,13,0,14, three,16 eggs per day. She eats, for breakfast every morning and bakes muff,0.0000,0
shuffled,6961,44,+0.0194,0.0166,stable,14,0,15, for,6 eggs per day. She eats three, breakfast every morning and bakes muffins,0.0000,0
shuffled,6961,44,+0.0194,0.0166,stable,15,0,16, breakfast, eggs per day. She eats three for, every morning and bakes muffins for,0.0000,0
shuffled,6961,44,+0.0194,0.0166,stable,16,0,17, every, per day. She eats three for breakfast, morning and bakes muffins for her,0.0000,0
shuffled,6961,44,+0.0194,0.0166,stable,17,0,18, morning, day. She eats three for breakfast every, and bakes muffins for her friends,0.0000,0
shuffled,6961,44,+0.0194,0.0166,stable,18,0,19, and,. She eats three for breakfast every morning, bakes muffins for her friends every,0.0000,0
shuffled,6961,44,+0.0194,0.0166,stable,19,0,20, b, She eats three for breakfast every morning and,akes muffins for her friends every day,0.0000,0
shuffled,1563,45,+0.0193,0.0610,stable,0,84,11, , played 22 games. They won,8 more than they lost. How many,10.0000,0
shuffled,1563,45,+0.0193,0.0610,stable,1,43,54, ,000 and you have already consumed,1800 calories? If the,9.3281,0
shuffled,1563,45,+0.0193,0.0610,stable,2,44,72, , his net profit if he makes and sells,20 candles? 1 pound of,9.0312,0
shuffled,1563,45,+0.0193,0.0610,stable,3,64,33, , single tank of gas. She has traveled,100 miles since last filling her,8.9609,0
shuffled,1563,45,+0.0193,0.0610,stable,4,38,11, ,60 miles a week. He runs,3 days a week.  He runs,8.8828,0
shuffled,1563,45,+0.0193,0.0610,stable,5,9,44, , hourly rate. If Eliza worked for,"45 hours this week, how much",8.7891,0
shuffled,1563,45,+0.0193,0.0610,stable,6,53,54, ,".  On Thursday, the mechanic repairs",6 truck tires and 4 car tires,8.5859,0
shuffled,1563,45,+0.0193,0.0610,stable,7,62,56, , pension per year. If she quits after,"30 years, what will her annual",8.5391,0
shuffled,1563,45,+0.0193,0.0610,stable,8,81,9, , had 10 stickers. He bought,21 stickers from a store in the,8.5234,0
shuffled,1563,45,+0.0193,0.0610,stable,9,8,10, , for 3 hours at a speed of,60 mph and then turns around because,8.2969,0
shuffled,1563,45,+0.0193,0.0610,stable,10,81,21, , from a store in the mall and got,23 stickers for his birthday. Then,8.2969,0
shuffled,1563,45,+0.0193,0.0610,stable,11,16,34, ," day, they travel northwards, covering",150 miles. What's the,8.2578,0
shuffled,1563,45,+0.0193,0.0610,stable,12,45,44, ," write about. Last week, she wrote",5 articles on Monday and  2,8.2578,0
shuffled,1563,45,+0.0193,0.0610,stable,13,5,41, , price. Kylar wants to buy,16 glasses. How much does he,8.2422,0
shuffled,1563,45,+0.0193,0.0610,stable,14,8,3, ,John drives for,3 hours at a speed of 6,8.2109,0
shuffled,1563,45,+0.0193,0.0610,stable,15,28,17, ,-mile bike trip. He first stopped after,20 miles. His second stop was,8.2109,0
shuffled,1563,45,+0.0193,0.0610,stable,16,14,19, ,"20% enrolled in contemporary dance,",25% of the remaining enrolled in,8.1094,0
shuffled,1563,45,+0.0193,0.0610,stable,17,14,10, ," dance class of 20 students,","20% enrolled in contemporary dance,",8.0703,0
shuffled,1563,45,+0.0193,0.0610,stable,18,38,20, ,3 days a week.  He runs,3 hours the first day and half as,7.9570,0
shuffled,1563,45,+0.0193,0.0610,stable,19,45,50, , she wrote 5 articles on Monday and, 2/5 times more articles on,7.9375,0
shuffled,2234,46,+0.0193,0.0170,stable,0,61,61,?, insured.  How much did she pay, The total cost of the broch was,6.5781,0
shuffled,2234,46,+0.0193,0.0170,stable,1,49,42,?, number of unoccupied units In the building, The total number of units in the building,6.0000,0
shuffled,2234,46,+0.0193,0.0170,stable,2,42,81,?, How many pieces were taken by the guests," To start the evening, there were ",5.9961,0
shuffled,2234,46,+0.0193,0.0170,stable,3,37,62,?, many lego sets does he still have, He spent $160 on video,5.9727,0
shuffled,2234,46,+0.0193,0.0170,stable,4,46,93,?, notes were in the package that she purchased, Let's let x be the number of,5.8945,0
shuffled,2234,46,+0.0193,0.0170,stable,5,34,40,?, how many jewels does Siobhan have, Half of Raymond's jewels is 4,5.8867,0
shuffled,2234,46,+0.0193,0.0170,stable,6,2,56,?,%.  How much profit did he make, The cost of the house and repairs came,5.7891,0
shuffled,2234,46,+0.0193,0.0170,stable,7,58,83,?, was the final price of Stephen's groceries, He spent $40.00,5.5938,0
shuffled,2234,46,+0.0193,0.0170,stable,8,99,81,?, many potted plants will Mary remain with," Yesterday, before receiving the plants, Mary",5.5000,0
shuffled,2234,46,+0.0193,0.0170,stable,9,95,41,?, many girls are not in the girl scout, There are 200 x ,5.3633,0
shuffled,2234,46,+0.0193,0.0170,stable,10,33,42,"
", the number of silver coins Gretchen has,Gretchen has x+30,5.3203,0
shuffled,2234,46,+0.0193,0.0170,stable,11,89,49,?,2 each. How much will she spend, She needs 12 gift bags because,5.2773,0
shuffled,2234,46,+0.0193,0.0170,stable,12,47,49,?,. How much did he spend on ties, He bought 200 / ,5.2617,0
shuffled,2234,46,+0.0193,0.0170,stable,13,79,47,?,.  How much does the grooming cost, The groomer gave a 10,5.2383,0
shuffled,2234,46,+0.0193,0.0170,stable,14,36,43,?, spend on yogurt over 30 days, He eats 2 yogurts a,5.0820,0
shuffled,2234,46,+0.0193,0.0170,stable,15,83,31,?,. How many thorns are there total, First find the total number of roses:,5.0742,0
shuffled,2234,46,+0.0193,0.0170,stable,16,68,36,?," every teacher, how many teachers are there", There are twice as many boys as girls,5.0547,0
shuffled,2234,46,+0.0193,0.0170,stable,17,29,68,?," much, how many dollars are the boots", The second pair of heels costs 3,5.0391,0
shuffled,2234,46,+0.0193,0.0170,stable,18,33,30,?, How many gold coins does Gretchen have, Let x be the number of silver coins,4.9648,0
shuffled,2234,46,+0.0193,0.0170,stable,19,38,62,".
",1=6>>6 possible running days,He runs half of those so he runs,4.9180,1
shuffled,2797,47,+0.0190,0.0371,stable,0,7,251,=,0+100+20,160>>160 minutes,7.7969,1
shuffled,2797,47,+0.0190,0.0371,stable,1,51,108,=,/6=<<30/6,"5>>5 hours to get back
",7.5664,1
shuffled,2797,47,+0.0190,0.0371,stable,2,86,195,=, = <<4+12+6,"22>>22 times.
####",7.4648,1
shuffled,2797,47,+0.0190,0.0371,stable,3,39,291,=,+6=<<12+6,"18>>18 miles.
####",7.2070,1
shuffled,2797,47,+0.0190,0.0371,stable,4,38,159,=,/6=<<60/6,"10>>10 mph.
####",7.2031,1
shuffled,2797,47,+0.0190,0.0371,stable,5,64,115,=, gallons = <<100/4,25>>25 miles per gallon,7.0469,1
shuffled,2797,47,+0.0190,0.0371,stable,6,2,193,=,00+80000,200000>>2,6.9961,1
shuffled,2797,47,+0.0190,0.0371,stable,7,13,128,=, 2 = <<10+2,"12>>12
Now we",6.6641,1
shuffled,2797,47,+0.0190,0.0371,stable,8,93,142,=,+2=<<38+2,"40>>40 seconds.
1",6.6211,1
shuffled,2797,47,+0.0190,0.0371,stable,9,59,100,=, = <<120+67,187>>187 fruit,6.6094,1
shuffled,2797,47,+0.0190,0.0371,stable,10,25,148,=,<<12+15+6,"33>>33.
Thus,",6.5039,1
shuffled,2797,47,+0.0190,0.0371,stable,11,43,204,=,5 = <<300/5,"60>>60 grams
If",6.4531,1
shuffled,2797,47,+0.0190,0.0371,stable,12,80,103,=, + 6 = <<8+6,14>>14 liters of water,6.3906,1
shuffled,2797,47,+0.0190,0.0371,stable,13,8,176,=,*.5=<<30*.5,"15>>15 miles
He",6.3711,1
shuffled,2797,47,+0.0190,0.0371,stable,14,45,202,=, = <<5+7+14,"26>>26 articles.
If",6.3008,1
shuffled,2797,47,+0.0190,0.0371,stable,15,5,41, , price. Kylar wants to buy,16 glasses. How much does he,6.2891,0
shuffled,2797,47,+0.0190,0.0371,stable,16,94,118,=, = <<120+60,"180>>180
",6.2109,1
shuffled,2797,47,+0.0190,0.0371,stable,17,68,96,=, = <<120+60,180>>180 students,6.1875,1
shuffled,2797,47,+0.0190,0.0371,stable,18,66,159,=,2 coaches = <<10+2,"12>>12 people.
Therefore",6.1367,1
shuffled,2797,47,+0.0190,0.0371,stable,19,31,99, ,"0>>60
The second guessed",100 because 80 x,6.1250,0
shuffled,3199,48,+0.0182,0.0166,stable,0,0,1,et,Jan,’s ducks lay 16 eggs per,0.0000,0
shuffled,3199,48,+0.0182,0.0166,stable,1,0,2,’s,Janet, ducks lay 16 eggs per day,0.0000,0
shuffled,3199,48,+0.0182,0.0166,stable,2,0,3, ducks,Janet’s, lay 16 eggs per day.,0.0000,0
shuffled,3199,48,+0.0182,0.0166,stable,3,0,4, lay,Janet’s ducks, 16 eggs per day. She,0.0000,0
shuffled,3199,48,+0.0182,0.0166,stable,4,0,5, ,Janet’s ducks lay,16 eggs per day. She eats,0.0000,0
shuffled,3199,48,+0.0182,0.0166,stable,5,0,6,1,Janet’s ducks lay ,6 eggs per day. She eats three,0.0000,1
shuffled,3199,48,+0.0182,0.0166,stable,6,0,7,6,Janet’s ducks lay 1, eggs per day. She eats three for,0.0000,1
shuffled,3199,48,+0.0182,0.0166,stable,7,0,8, eggs,Janet’s ducks lay 16, per day. She eats three for breakfast,0.0000,0
shuffled,3199,48,+0.0182,0.0166,stable,8,0,9, per,et’s ducks lay 16 eggs, day. She eats three for breakfast every,0.0000,0
shuffled,3199,48,+0.0182,0.0166,stable,9,0,10, day,’s ducks lay 16 eggs per,. She eats three for breakfast every morning,0.0000,0
shuffled,3199,48,+0.0182,0.0166,stable,10,0,11,., ducks lay 16 eggs per day, She eats three for breakfast every morning and,0.0000,1
shuffled,3199,48,+0.0182,0.0166,stable,11,0,12, She, lay 16 eggs per day., eats three for breakfast every morning and b,0.0000,0
shuffled,3199,48,+0.0182,0.0166,stable,12,0,13, eats, 16 eggs per day. She, three for breakfast every morning and bakes,0.0000,0
shuffled,3199,48,+0.0182,0.0166,stable,13,0,14, three,16 eggs per day. She eats, for breakfast every morning and bakes muff,0.0000,0
shuffled,3199,48,+0.0182,0.0166,stable,14,0,15, for,6 eggs per day. She eats three, breakfast every morning and bakes muffins,0.0000,0
shuffled,3199,48,+0.0182,0.0166,stable,15,0,16, breakfast, eggs per day. She eats three for, every morning and bakes muffins for,0.0000,0
shuffled,3199,48,+0.0182,0.0166,stable,16,0,17, every, per day. She eats three for breakfast, morning and bakes muffins for her,0.0000,0
shuffled,3199,48,+0.0182,0.0166,stable,17,0,18, morning, day. She eats three for breakfast every, and bakes muffins for her friends,0.0000,0
shuffled,3199,48,+0.0182,0.0166,stable,18,0,19, and,. She eats three for breakfast every morning, bakes muffins for her friends every,0.0000,0
shuffled,3199,48,+0.0182,0.0166,stable,19,0,20, b, She eats three for breakfast every morning and,akes muffins for her friends every day,0.0000,0
shuffled,5971,49,+0.0174,0.0166,stable,0,0,1,et,Jan,’s ducks lay 16 eggs per,0.0000,0
shuffled,5971,49,+0.0174,0.0166,stable,1,0,2,’s,Janet, ducks lay 16 eggs per day,0.0000,0
shuffled,5971,49,+0.0174,0.0166,stable,2,0,3, ducks,Janet’s, lay 16 eggs per day.,0.0000,0
shuffled,5971,49,+0.0174,0.0166,stable,3,0,4, lay,Janet’s ducks, 16 eggs per day. She,0.0000,0
shuffled,5971,49,+0.0174,0.0166,stable,4,0,5, ,Janet’s ducks lay,16 eggs per day. She eats,0.0000,0
shuffled,5971,49,+0.0174,0.0166,stable,5,0,6,1,Janet’s ducks lay ,6 eggs per day. She eats three,0.0000,1
shuffled,5971,49,+0.0174,0.0166,stable,6,0,7,6,Janet’s ducks lay 1, eggs per day. She eats three for,0.0000,1
shuffled,5971,49,+0.0174,0.0166,stable,7,0,8, eggs,Janet’s ducks lay 16, per day. She eats three for breakfast,0.0000,0
shuffled,5971,49,+0.0174,0.0166,stable,8,0,9, per,et’s ducks lay 16 eggs, day. She eats three for breakfast every,0.0000,0
shuffled,5971,49,+0.0174,0.0166,stable,9,0,10, day,’s ducks lay 16 eggs per,. She eats three for breakfast every morning,0.0000,0
shuffled,5971,49,+0.0174,0.0166,stable,10,0,11,., ducks lay 16 eggs per day, She eats three for breakfast every morning and,0.0000,1
shuffled,5971,49,+0.0174,0.0166,stable,11,0,12, She, lay 16 eggs per day., eats three for breakfast every morning and b,0.0000,0
shuffled,5971,49,+0.0174,0.0166,stable,12,0,13, eats, 16 eggs per day. She, three for breakfast every morning and bakes,0.0000,0
shuffled,5971,49,+0.0174,0.0166,stable,13,0,14, three,16 eggs per day. She eats, for breakfast every morning and bakes muff,0.0000,0
shuffled,5971,49,+0.0174,0.0166,stable,14,0,15, for,6 eggs per day. She eats three, breakfast every morning and bakes muffins,0.0000,0
shuffled,5971,49,+0.0174,0.0166,stable,15,0,16, breakfast, eggs per day. She eats three for, every morning and bakes muffins for,0.0000,0
shuffled,5971,49,+0.0174,0.0166,stable,16,0,17, every, per day. She eats three for breakfast, morning and bakes muffins for her,0.0000,0
shuffled,5971,49,+0.0174,0.0166,stable,17,0,18, morning, day. She eats three for breakfast every, and bakes muffins for her friends,0.0000,0
shuffled,5971,49,+0.0174,0.0166,stable,18,0,19, and,. She eats three for breakfast every morning, bakes muffins for her friends every,0.0000,0
shuffled,5971,49,+0.0174,0.0166,stable,19,0,20, b, She eats three for breakfast every morning and,akes muffins for her friends every day,0.0000,0
