ppo_step,stage,mean_concise_rise_freq,mean_verbose_rise_freq,mean_stable_freq,n_concise_rise_feats,n_verbose_rise_feats
0.0,instruct_base,0.002434518086537337,0.02085960143067073,0.005259191364210834,4551,4196
10.0,ppo_step10,0.002408493987075493,0.02008433673802193,0.005862420279164043,4551,4196
100.0,ppo_step100,0.014981810351753297,0.005691910889427009,0.006429508494166523,4551,4196
140.0,ppo_step140,0.01513571943016216,0.00555745364931262,0.006405128890530922,4551,4196
180.0,ppo_step180,0.01509777961264325,0.00590513181239641,0.006174999455151774,4551,4196
200.0,ppo_step200,0.0171554095502239,0.004874666699867708,0.005273148945382259,4551,4196
